[
  {
    "number": "0-1",
    "primeForm": "[\"\"]",
    "vec": "<0,0,0,0,0,0>",
    "z": null,
    "complement": "12-1"
  },
  {
    "number": "1-1",
    "primeForm": "[\"0\"]",
    "vec": "<0,0,0,0,0,0>",
    "z": null,
    "complement": "11-1"
  },
  {
    "number": "2-1",
    "primeForm": "[\"0\",\"1\"]",
    "vec": "<1,0,0,0,0,0>",
    "z": null,
    "complement": "10-1"
  },
  {
    "number": "2-2",
    "primeForm": "[\"0\",\"2\"]",
    "vec": "<0,1,0,0,0,0>",
    "z": null,
    "complement": "10-2"
  },
  {
    "number": "2-3",
    "primeForm": "[\"0\",\"3\"]",
    "vec": "<0,0,1,0,0,0>",
    "z": null,
    "complement": "10-3"
  },
  {
    "number": "2-4",
    "primeForm": "[\"0\",\"4\"]",
    "vec": "<0,0,0,1,0,0>",
    "z": null,
    "complement": "10-4"
  },
  {
    "number": "2-5",
    "primeForm": "[\"0\",\"5\"]",
    "vec": "<0,0,0,0,1,0>",
    "z": null,
    "complement": "10-5"
  },
  {
    "number": "2-6",
    "primeForm": "[\"0\",\"6\"]",
    "vec": "<0,0,0,0,0,1>",
    "z": null,
    "complement": "10-6"
  },
  {
    "number": "3-1",
    "primeForm": "[\"0\",\"1\",\"2\"]",
    "vec": "<2,1,0,0,0,0>",
    "z": null,
    "complement": "9-1"
  },
  {
    "number": "3-2A",
    "primeForm": "[\"0\",\"1\",\"3\"]",
    "vec": "<1,1,1,0,0,0>",
    "z": null,
    "complement": "9-2A"
  },
  {
    "number": "3-2B",
    "primeForm": "[\"0\",\"2\",\"3\"]",
    "vec": "<1,1,1,0,0,0>",
    "z": null,
    "complement": "9-2B"
  },
  {
    "number": "3-3A",
    "primeForm": "[\"0\",\"1\",\"4\"]",
    "vec": "<1,0,1,1,0,0>",
    "z": null,
    "complement": "9-3B"
  },
  {
    "number": "3-3B",
    "primeForm": "[\"0\",\"3\",\"4\"]",
    "vec": "<1,0,1,1,0,0>",
    "z": null,
    "complement": "9-3A"
  },
  {
    "number": "3-4A",
    "primeForm": "[\"0\",\"1\",\"5\"]",
    "vec": "<1,0,0,1,1,0>",
    "z": null,
    "complement": "9-4B"
  },
  {
    "number": "3-4B",
    "primeForm": "[\"0\",\"4\",\"5\"]",
    "vec": "<1,0,0,1,1,0>",
    "z": null,
    "complement": "9-4A"
  },
  {
    "number": "3-5A",
    "primeForm": "[\"0\",\"1\",\"6\"]",
    "vec": "<1,0,0,0,1,1>",
    "z": null,
    "complement": "9-5B"
  },
  {
    "number": "3-5B",
    "primeForm": "[\"0\",\"5\",\"6\"]",
    "vec": "<1,0,0,0,1,1>",
    "z": null,
    "complement": "9-5A"
  },
  {
    "number": "3-6",
    "primeForm": "[\"0\",\"2\",\"4\"]",
    "vec": "<0,2,0,1,0,0>",
    "z": null,
    "complement": "9-6"
  },
  {
    "number": "3-7A",
    "primeForm": "[\"0\",\"2\",\"5\"]",
    "vec": "<0,1,1,0,1,0>",
    "z": null,
    "complement": "9-7B"
  },
  {
    "number": "3-7B",
    "primeForm": "[\"0\",\"3\",\"5\"]",
    "vec": "<0,1,1,0,1,0>",
    "z": null,
    "complement": "9-7A"
  },
  {
    "number": "3-8A",
    "primeForm": "[\"0\",\"2\",\"6\"]",
    "vec": "<0,1,0,1,0,1>",
    "z": null,
    "complement": "9-8B"
  },
  {
    "number": "3-8B",
    "primeForm": "[\"0\",\"4\",\"6\"]",
    "vec": "<0,1,0,1,0,1>",
    "z": null,
    "complement": "9-8A"
  },
  {
    "number": "3-9",
    "primeForm": "[\"0\",\"2\",\"7\"]",
    "vec": "<0,1,0,0,2,0>",
    "z": null,
    "complement": "9-9"
  },
  {
    "number": "3-10",
    "primeForm": "[\"0\",\"3\",\"6\"]",
    "vec": "<0,0,2,0,0,1>",
    "z": null,
    "complement": "9-10"
  },
  {
    "number": "3-11A",
    "primeForm": "[\"0\",\"3\",\"7\"]",
    "vec": "<0,0,1,1,1,0>",
    "z": null,
    "complement": "9-11B"
  },
  {
    "number": "3-11B",
    "primeForm": "[\"0\",\"4\",\"7\"]",
    "vec": "<0,0,1,1,1,0>",
    "z": null,
    "complement": "9-11A"
  },
  {
    "number": "3-12",
    "primeForm": "[\"0\",\"4\",\"8\"]",
    "vec": "<0,0,0,3,0,0>",
    "z": null,
    "complement": "9-12"
  },
  {
    "number": "4-1",
    "primeForm": "[\"0\",\"1\",\"2\",\"3\"]",
    "vec": "<3,2,1,0,0,0>",
    "z": null,
    "complement": "8-1"
  },
  {
    "number": "4-2A",
    "primeForm": "[\"0\",\"1\",\"2\",\"4\"]",
    "vec": "<2,2,1,1,0,0>",
    "z": null,
    "complement": "8-2B"
  },
  {
    "number": "4-2B",
    "primeForm": "[\"0\",\"2\",\"3\",\"4\"]",
    "vec": "<2,2,1,1,0,0>",
    "z": null,
    "complement": "8-2A"
  },
  {
    "number": "4-3",
    "primeForm": "[\"0\",\"1\",\"3\",\"4\"]",
    "vec": "<2,1,2,1,0,0>",
    "z": null,
    "complement": "8-3"
  },
  {
    "number": "4-4A",
    "primeForm": "[\"0\",\"1\",\"2\",\"5\"]",
    "vec": "<2,1,1,1,1,0>",
    "z": null,
    "complement": "8-4B"
  },
  {
    "number": "4-4B",
    "primeForm": "[\"0\",\"3\",\"4\",\"5\"]",
    "vec": "<2,1,1,1,1,0>",
    "z": null,
    "complement": "8-4A"
  },
  {
    "number": "4-5A",
    "primeForm": "[\"0\",\"1\",\"2\",\"6\"]",
    "vec": "<2,1,0,1,1,1>",
    "z": null,
    "complement": "8-5B"
  },
  {
    "number": "4-5B",
    "primeForm": "[\"0\",\"4\",\"5\",\"6\"]",
    "vec": "<2,1,0,1,1,1>",
    "z": null,
    "complement": "8-5A"
  },
  {
    "number": "4-6",
    "primeForm": "[\"0\",\"1\",\"2\",\"7\"]",
    "vec": "<2,1,0,0,2,1>",
    "z": null,
    "complement": "8-6"
  },
  {
    "number": "4-7",
    "primeForm": "[\"0\",\"1\",\"4\",\"5\"]",
    "vec": "<2,0,1,2,1,0>",
    "z": null,
    "complement": "8-7"
  },
  {
    "number": "4-8",
    "primeForm": "[\"0\",\"1\",\"5\",\"6\"]",
    "vec": "<2,0,0,1,2,1>",
    "z": null,
    "complement": "8-8"
  },
  {
    "number": "4-9",
    "primeForm": "[\"0\",\"1\",\"6\",\"7\"]",
    "vec": "<2,0,0,0,2,2>",
    "z": null,
    "complement": "8-9"
  },
  {
    "number": "4-10",
    "primeForm": "[\"0\",\"2\",\"3\",\"5\"]",
    "vec": "<1,2,2,0,1,0>",
    "z": null,
    "complement": "8-10"
  },
  {
    "number": "4-11A",
    "primeForm": "[\"0\",\"1\",\"3\",\"5\"]",
    "vec": "<1,2,1,1,1,0>",
    "z": null,
    "complement": "8-11B"
  },
  {
    "number": "4-11B",
    "primeForm": "[\"0\",\"2\",\"4\",\"5\"]",
    "vec": "<1,2,1,1,1,0>",
    "z": null,
    "complement": "8-11A"
  },
  {
    "number": "4-12A",
    "primeForm": "[\"0\",\"2\",\"3\",\"6\"]",
    "vec": "<1,1,2,1,0,1>",
    "z": null,
    "complement": "8-12A"
  },
  {
    "number": "4-12B",
    "primeForm": "[\"0\",\"3\",\"4\",\"6\"]",
    "vec": "<1,1,2,1,0,1>",
    "z": null,
    "complement": "8-12B"
  },
  {
    "number": "4-13A",
    "primeForm": "[\"0\",\"1\",\"3\",\"6\"]",
    "vec": "<1,1,2,0,1,1>",
    "z": null,
    "complement": "8-13B"
  },
  {
    "number": "4-13B",
    "primeForm": "[\"0\",\"3\",\"5\",\"6\"]",
    "vec": "<1,1,2,0,1,1>",
    "z": null,
    "complement": "8-13A"
  },
  {
    "number": "4-14A",
    "primeForm": "[\"0\",\"2\",\"3\",\"7\"]",
    "vec": "<1,1,1,1,2,0>",
    "z": null,
    "complement": "8-14A"
  },
  {
    "number": "4-14B",
    "primeForm": "[\"0\",\"4\",\"5\",\"7\"]",
    "vec": "<1,1,1,1,2,0>",
    "z": null,
    "complement": "8-14B"
  },
  {
    "number": "4-z15A",
    "primeForm": "[\"0\",\"1\",\"4\",\"6\"]",
    "vec": "<1,1,1,1,1,1>",
    "z": "4-z29A",
    "complement": "8-z15B"
  },
  {
    "number": "4-z15B",
    "primeForm": "[\"0\",\"2\",\"5\",\"6\"]",
    "vec": "<1,1,1,1,1,1>",
    "z": "4-z29A",
    "complement": "8-z15A"
  },
  {
    "number": "4-16A",
    "primeForm": "[\"0\",\"1\",\"5\",\"7\"]",
    "vec": "<1,1,0,1,2,1>",
    "z": null,
    "complement": "8-16B"
  },
  {
    "number": "4-16B",
    "primeForm": "[\"0\",\"2\",\"6\",\"7\"]",
    "vec": "<1,1,0,1,2,1>",
    "z": null,
    "complement": "8-16A"
  },
  {
    "number": "4-17",
    "primeForm": "[\"0\",\"3\",\"4\",\"7\"]",
    "vec": "<1,0,2,2,1,0>",
    "z": null,
    "complement": "8-17"
  },
  {
    "number": "4-18A",
    "primeForm": "[\"0\",\"1\",\"4\",\"7\"]",
    "vec": "<1,0,2,1,1,1>",
    "z": null,
    "complement": "8-18B"
  },
  {
    "number": "4-18B",
    "primeForm": "[\"0\",\"3\",\"6\",\"7\"]",
    "vec": "<1,0,2,1,1,1>",
    "z": null,
    "complement": "8-18A"
  },
  {
    "number": "4-19A",
    "primeForm": "[\"0\",\"1\",\"4\",\"8\"]",
    "vec": "<1,0,1,3,1,0>",
    "z": null,
    "complement": "8-19B"
  },
  {
    "number": "4-19B",
    "primeForm": "[\"0\",\"3\",\"4\",\"8\"]",
    "vec": "<1,0,1,3,1,0>",
    "z": null,
    "complement": "8-19A"
  },
  {
    "number": "4-20",
    "primeForm": "[\"0\",\"1\",\"5\",\"8\"]",
    "vec": "<1,0,1,2,2,0>",
    "z": null,
    "complement": "8-20"
  },
  {
    "number": "4-21",
    "primeForm": "[\"0\",\"2\",\"4\",\"6\"]",
    "vec": "<0,3,0,2,0,1>",
    "z": null,
    "complement": "8-21"
  },
  {
    "number": "4-22A",
    "primeForm": "[\"0\",\"2\",\"4\",\"7\"]",
    "vec": "<0,2,1,1,2,0>",
    "z": null,
    "complement": "8-22B"
  },
  {
    "number": "4-22B",
    "primeForm": "[\"0\",\"3\",\"5\",\"7\"]",
    "vec": "<0,2,1,1,2,0>",
    "z": null,
    "complement": "8-22A"
  },
  {
    "number": "4-23",
    "primeForm": "[\"0\",\"2\",\"5\",\"7\"]",
    "vec": "<0,2,1,0,3,0>",
    "z": null,
    "complement": "8-23"
  },
  {
    "number": "4-24",
    "primeForm": "[\"0\",\"2\",\"4\",\"8\"]",
    "vec": "<0,2,0,3,0,1>",
    "z": null,
    "complement": "8-24"
  },
  {
    "number": "4-25",
    "primeForm": "[\"0\",\"2\",\"6\",\"8\"]",
    "vec": "<0,2,0,2,0,2>",
    "z": null,
    "complement": "8-25"
  },
  {
    "number": "4-26",
    "primeForm": "[\"0\",\"3\",\"5\",\"8\"]",
    "vec": "<0,1,2,1,2,0>",
    "z": null,
    "complement": "8-26"
  },
  {
    "number": "4-27A",
    "primeForm": "[\"0\",\"2\",\"5\",\"8\"]",
    "vec": "<0,1,2,1,1,1>",
    "z": null,
    "complement": "8-27B"
  },
  {
    "number": "4-27B",
    "primeForm": "[\"0\",\"3\",\"6\",\"8\"]",
    "vec": "<0,1,2,1,1,1>",
    "z": null,
    "complement": "8-27A"
  },
  {
    "number": "4-28",
    "primeForm": "[\"0\",\"3\",\"6\",\"9\"]",
    "vec": "<0,0,4,0,0,2>",
    "z": null,
    "complement": "8-28"
  },
  {
    "number": "4-z29A",
    "primeForm": "[\"0\",\"1\",\"3\",\"7\"]",
    "vec": "<1,1,1,1,1,1>",
    "z": "4-z15A",
    "complement": "8-z29B"
  },
  {
    "number": "4-z29B",
    "primeForm": "[\"0\",\"4\",\"6\",\"7\"]",
    "vec": "<1,1,1,1,1,1>",
    "z": "4-z15A",
    "complement": "8-z29A"
  },
  {
    "number": "5-1",
    "primeForm": "[\"0\",\"1\",\"2\",\"3\",\"4\"]",
    "vec": "<4,3,2,1,0,0>",
    "z": null,
    "complement": "7-1"
  },
  {
    "number": "5-2A",
    "primeForm": "[\"0\",\"1\",\"2\",\"3\",\"5\"]",
    "vec": "<3,3,2,1,1,0>",
    "z": null,
    "complement": "7-2B"
  },
  {
    "number": "5-2B",
    "primeForm": "[\"0\",\"2\",\"3\",\"4\",\"5\"]",
    "vec": "<3,3,2,1,1,0>",
    "z": null,
    "complement": "7-2A"
  },
  {
    "number": "5-3A",
    "primeForm": "[\"0\",\"1\",\"2\",\"4\",\"5\"]",
    "vec": "<3,2,2,2,1,0>",
    "z": null,
    "complement": "7-3B"
  },
  {
    "number": "5-3B",
    "primeForm": "[\"0\",\"1\",\"3\",\"4\",\"5\"]",
    "vec": "<3,2,2,2,1,0>",
    "z": null,
    "complement": "7-3A"
  },
  {
    "number": "5-4A",
    "primeForm": "[\"0\",\"1\",\"2\",\"3\",\"6\"]",
    "vec": "<3,2,2,1,1,1>",
    "z": null,
    "complement": "7-4B"
  },
  {
    "number": "5-4B",
    "primeForm": "[\"0\",\"3\",\"4\",\"5\",\"6\"]",
    "vec": "<3,2,2,1,1,1>",
    "z": null,
    "complement": "7-4A"
  },
  {
    "number": "5-5A",
    "primeForm": "[\"0\",\"1\",\"2\",\"3\",\"7\"]",
    "vec": "<3,2,1,1,2,1>",
    "z": null,
    "complement": "7-5B"
  },
  {
    "number": "5-5B",
    "primeForm": "[\"0\",\"4\",\"5\",\"6\",\"7\"]",
    "vec": "<3,2,1,1,2,1>",
    "z": null,
    "complement": "7-5A"
  },
  {
    "number": "5-6A",
    "primeForm": "[\"0\",\"1\",\"2\",\"5\",\"6\"]",
    "vec": "<3,1,1,2,2,1>",
    "z": null,
    "complement": "7-6B"
  },
  {
    "number": "5-6B",
    "primeForm": "[\"0\",\"1\",\"4\",\"5\",\"6\"]",
    "vec": "<3,1,1,2,2,1>",
    "z": null,
    "complement": "7-6A"
  },
  {
    "number": "5-7A",
    "primeForm": "[\"0\",\"1\",\"2\",\"6\",\"7\"]",
    "vec": "<3,1,0,1,3,2>",
    "z": null,
    "complement": "7-7B"
  },
  {
    "number": "5-7B",
    "primeForm": "[\"0\",\"1\",\"5\",\"6\",\"7\"]",
    "vec": "<3,1,0,1,3,2>",
    "z": null,
    "complement": "7-7A"
  },
  {
    "number": "5-8",
    "primeForm": "[\"0\",\"2\",\"3\",\"4\",\"6\"]",
    "vec": "<2,3,2,2,0,1>",
    "z": null,
    "complement": "7-8"
  },
  {
    "number": "5-9A",
    "primeForm": "[\"0\",\"1\",\"2\",\"4\",\"6\"]",
    "vec": "<2,3,1,2,1,1>",
    "z": null,
    "complement": "7-9B"
  },
  {
    "number": "5-9B",
    "primeForm": "[\"0\",\"2\",\"4\",\"5\",\"6\"]",
    "vec": "<2,3,1,2,1,1>",
    "z": null,
    "complement": "7-9A"
  },
  {
    "number": "5-10A",
    "primeForm": "[\"0\",\"1\",\"3\",\"4\",\"6\"]",
    "vec": "<2,2,3,1,1,1>",
    "z": null,
    "complement": "7-10B"
  },
  {
    "number": "5-10B",
    "primeForm": "[\"0\",\"2\",\"3\",\"5\",\"6\"]",
    "vec": "<2,2,3,1,1,1>",
    "z": null,
    "complement": "7-10A"
  },
  {
    "number": "5-11A",
    "primeForm": "[\"0\",\"2\",\"3\",\"4\",\"7\"]",
    "vec": "<2,2,2,2,2,0>",
    "z": null,
    "complement": "7-11B"
  },
  {
    "number": "5-11B",
    "primeForm": "[\"0\",\"3\",\"4\",\"5\",\"7\"]",
    "vec": "<2,2,2,2,2,0>",
    "z": null,
    "complement": "7-11A"
  },
  {
    "number": "5-z12",
    "primeForm": "[\"0\",\"1\",\"3\",\"5\",\"6\"]",
    "vec": "<2,2,2,1,2,1>",
    "z": "5-z36A",
    "complement": "7-z12"
  },
  {
    "number": "5-13A",
    "primeForm": "[\"0\",\"1\",\"2\",\"4\",\"8\"]",
    "vec": "<2,2,1,3,1,1>",
    "z": null,
    "complement": "7-13B"
  },
  {
    "number": "5-13B",
    "primeForm": "[\"0\",\"2\",\"3\",\"4\",\"8\"]",
    "vec": "<2,2,1,3,1,1>",
    "z": null,
    "complement": "7-13A"
  },
  {
    "number": "5-14A",
    "primeForm": "[\"0\",\"1\",\"2\",\"5\",\"7\"]",
    "vec": "<2,2,1,1,3,1>",
    "z": null,
    "complement": "7-14B"
  },
  {
    "number": "5-14B",
    "primeForm": "[\"0\",\"2\",\"5\",\"6\",\"7\"]",
    "vec": "<2,2,1,1,3,1>",
    "z": null,
    "complement": "7-14A"
  },
  {
    "number": "5-15",
    "primeForm": "[\"0\",\"1\",\"2\",\"6\",\"8\"]",
    "vec": "<2,2,0,2,2,2>",
    "z": null,
    "complement": "7-15"
  },
  {
    "number": "5-16A",
    "primeForm": "[\"0\",\"1\",\"3\",\"4\",\"7\"]",
    "vec": "<2,1,3,2,1,1>",
    "z": null,
    "complement": "7-16B"
  },
  {
    "number": "5-16B",
    "primeForm": "[\"0\",\"3\",\"4\",\"6\",\"7\"]",
    "vec": "<2,1,3,2,1,1>",
    "z": null,
    "complement": "7-16A"
  },
  {
    "number": "5-z17",
    "primeForm": "[\"0\",\"1\",\"3\",\"4\",\"8\"]",
    "vec": "<2,1,2,3,2,0>",
    "z": "5-z37",
    "complement": "7-z17"
  },
  {
    "number": "5-z18A",
    "primeForm": "[\"0\",\"1\",\"4\",\"5\",\"7\"]",
    "vec": "<2,1,2,2,2,1>",
    "z": "5-z38A",
    "complement": "7-z18A"
  },
  {
    "number": "5-z18B",
    "primeForm": "[\"0\",\"2\",\"3\",\"6\",\"7\"]",
    "vec": "<2,1,2,2,2,1>",
    "z": "5-z38A",
    "complement": "7-z18B"
  },
  {
    "number": "5-19A",
    "primeForm": "[\"0\",\"1\",\"3\",\"6\",\"7\"]",
    "vec": "<2,1,2,1,2,2>",
    "z": null,
    "complement": "7-19B"
  },
  {
    "number": "5-19B",
    "primeForm": "[\"0\",\"1\",\"4\",\"6\",\"7\"]",
    "vec": "<2,1,2,1,2,2>",
    "z": null,
    "complement": "7-19A"
  },
  {
    "number": "5-20A",
    "primeForm": "[\"0\",\"1\",\"5\",\"6\",\"8\"]",
    "vec": "<2,1,1,2,3,1>",
    "z": null,
    "complement": "7-20B"
  },
  {
    "number": "5-20B",
    "primeForm": "[\"0\",\"2\",\"3\",\"7\",\"8\"]",
    "vec": "<2,1,1,2,3,1>",
    "z": null,
    "complement": "7-20A"
  },
  {
    "number": "5-21A",
    "primeForm": "[\"0\",\"1\",\"4\",\"5\",\"8\"]",
    "vec": "<2,0,2,4,2,0>",
    "z": null,
    "complement": "7-21B"
  },
  {
    "number": "5-21B",
    "primeForm": "[\"0\",\"3\",\"4\",\"7\",\"8\"]",
    "vec": "<2,0,2,4,2,0>",
    "z": null,
    "complement": "7-21A"
  },
  {
    "number": "5-22",
    "primeForm": "[\"0\",\"1\",\"4\",\"7\",\"8\"]",
    "vec": "<2,0,2,3,2,1>",
    "z": null,
    "complement": "7-22"
  },
  {
    "number": "5-23A",
    "primeForm": "[\"0\",\"2\",\"3\",\"5\",\"7\"]",
    "vec": "<1,3,2,1,3,0>",
    "z": null,
    "complement": "7-23B"
  },
  {
    "number": "5-23B",
    "primeForm": "[\"0\",\"2\",\"4\",\"5\",\"7\"]",
    "vec": "<1,3,2,1,3,0>",
    "z": null,
    "complement": "7-23A"
  },
  {
    "number": "5-24A",
    "primeForm": "[\"0\",\"1\",\"3\",\"5\",\"7\"]",
    "vec": "<1,3,1,2,2,1>",
    "z": null,
    "complement": "7-24B"
  },
  {
    "number": "5-24B",
    "primeForm": "[\"0\",\"2\",\"4\",\"6\",\"7\"]",
    "vec": "<1,3,1,2,2,1>",
    "z": null,
    "complement": "7-24A"
  },
  {
    "number": "5-25A",
    "primeForm": "[\"0\",\"2\",\"3\",\"5\",\"8\"]",
    "vec": "<1,2,3,1,2,1>",
    "z": null,
    "complement": "7-25B"
  },
  {
    "number": "5-25B",
    "primeForm": "[\"0\",\"3\",\"5\",\"6\",\"8\"]",
    "vec": "<1,2,3,1,2,1>",
    "z": null,
    "complement": "7-25A"
  },
  {
    "number": "5-26A",
    "primeForm": "[\"0\",\"2\",\"4\",\"5\",\"8\"]",
    "vec": "<1,2,2,3,1,1>",
    "z": null,
    "complement": "7-26A"
  },
  {
    "number": "5-26B",
    "primeForm": "[\"0\",\"3\",\"4\",\"6\",\"8\"]",
    "vec": "<1,2,2,3,1,1>",
    "z": null,
    "complement": "7-26B"
  },
  {
    "number": "5-27A",
    "primeForm": "[\"0\",\"1\",\"3\",\"5\",\"8\"]",
    "vec": "<1,2,2,2,3,0>",
    "z": null,
    "complement": "7-27B"
  },
  {
    "number": "5-27B",
    "primeForm": "[\"0\",\"3\",\"5\",\"7\",\"8\"]",
    "vec": "<1,2,2,2,3,0>",
    "z": null,
    "complement": "7-27A"
  },
  {
    "number": "5-28A",
    "primeForm": "[\"0\",\"2\",\"3\",\"6\",\"8\"]",
    "vec": "<1,2,2,2,1,2>",
    "z": null,
    "complement": "7-28A"
  },
  {
    "number": "5-28B",
    "primeForm": "[\"0\",\"2\",\"5\",\"6\",\"8\"]",
    "vec": "<1,2,2,2,1,2>",
    "z": null,
    "complement": "7-28B"
  },
  {
    "number": "5-29A",
    "primeForm": "[\"0\",\"1\",\"3\",\"6\",\"8\"]",
    "vec": "<1,2,2,1,3,1>",
    "z": null,
    "complement": "7-29B"
  },
  {
    "number": "5-29B",
    "primeForm": "[\"0\",\"2\",\"5\",\"7\",\"8\"]",
    "vec": "<1,2,2,1,3,1>",
    "z": null,
    "complement": "7-29A"
  },
  {
    "number": "5-30A",
    "primeForm": "[\"0\",\"1\",\"4\",\"6\",\"8\"]",
    "vec": "<1,2,1,3,2,1>",
    "z": null,
    "complement": "7-30B"
  },
  {
    "number": "5-30B",
    "primeForm": "[\"0\",\"2\",\"4\",\"7\",\"8\"]",
    "vec": "<1,2,1,3,2,1>",
    "z": null,
    "complement": "7-30A"
  },
  {
    "number": "5-31A",
    "primeForm": "[\"0\",\"1\",\"3\",\"6\",\"9\"]",
    "vec": "<1,1,4,1,1,2>",
    "z": null,
    "complement": "7-31B"
  },
  {
    "number": "5-31B",
    "primeForm": "[\"0\",\"2\",\"3\",\"6\",\"9\"]",
    "vec": "<1,1,4,1,1,2>",
    "z": null,
    "complement": "7-31A"
  },
  {
    "number": "5-32A",
    "primeForm": "[\"0\",\"1\",\"4\",\"6\",\"9\"]",
    "vec": "<1,1,3,2,2,1>",
    "z": null,
    "complement": "7-32B"
  },
  {
    "number": "5-32B",
    "primeForm": "[\"0\",\"2\",\"5\",\"6\",\"9\"]",
    "vec": "<1,1,3,2,2,1>",
    "z": null,
    "complement": "7-32A"
  },
  {
    "number": "5-33",
    "primeForm": "[\"0\",\"2\",\"4\",\"6\",\"8\"]",
    "vec": "<0,4,0,4,0,2>",
    "z": null,
    "complement": "7-33"
  },
  {
    "number": "5-34",
    "primeForm": "[\"0\",\"2\",\"4\",\"6\",\"9\"]",
    "vec": "<0,3,2,2,2,1>",
    "z": null,
    "complement": "7-34"
  },
  {
    "number": "5-35",
    "primeForm": "[\"0\",\"2\",\"4\",\"7\",\"9\"]",
    "vec": "<0,3,2,1,4,0>",
    "z": null,
    "complement": "7-35"
  },
  {
    "number": "5-z36A",
    "primeForm": "[\"0\",\"1\",\"2\",\"4\",\"7\"]",
    "vec": "<2,2,2,1,2,1>",
    "z": "5-z12",
    "complement": "7-z36B"
  },
  {
    "number": "5-z36B",
    "primeForm": "[\"0\",\"3\",\"5\",\"6\",\"7\"]",
    "vec": "<2,2,2,1,2,1>",
    "z": "5-z12",
    "complement": "7-z36A"
  },
  {
    "number": "5-z37",
    "primeForm": "[\"0\",\"3\",\"4\",\"5\",\"8\"]",
    "vec": "<2,1,2,3,2,0>",
    "z": "5-z17",
    "complement": "7-z37"
  },
  {
    "number": "5-z38A",
    "primeForm": "[\"0\",\"1\",\"2\",\"5\",\"8\"]",
    "vec": "<2,1,2,2,2,1>",
    "z": "5-z18A",
    "complement": "7-z38B"
  },
  {
    "number": "5-z38B",
    "primeForm": "[\"0\",\"3\",\"6\",\"7\",\"8\"]",
    "vec": "<2,1,2,2,2,1>",
    "z": "5-z18A",
    "complement": "7-z38A"
  },
  {
    "number": "6-1",
    "primeForm": "[\"0\",\"1\",\"2\",\"3\",\"4\",\"5\"]",
    "vec": "<5,4,3,2,1,0>",
    "z": null,
    "complement": null
  },
  {
    "number": "6-2A",
    "primeForm": "[\"0\",\"1\",\"2\",\"3\",\"4\",\"6\"]",
    "vec": "<4,4,3,2,1,1>",
    "z": null,
    "complement": null
  },
  {
    "number": "6-2B",
    "primeForm": "[\"0\",\"2\",\"3\",\"4\",\"5\",\"6\"]",
    "vec": "<4,4,3,2,1,1>",
    "z": null,
    "complement": null
  },
  {
    "number": "6-z3A",
    "primeForm": "[\"0\",\"1\",\"2\",\"3\",\"5\",\"6\"]",
    "vec": "<4,3,3,2,2,1>",
    "z": "6-z36A",
    "complement": "6-z36B"
  },
  {
    "number": "6-z3B",
    "primeForm": "[\"0\",\"1\",\"3\",\"4\",\"5\",\"6\"]",
    "vec": "<4,3,3,2,2,1>",
    "z": "6-z36A",
    "complement": "6-z36A"
  },
  {
    "number": "6-z4",
    "primeForm": "[\"0\",\"1\",\"2\",\"4\",\"5\",\"6\"]",
    "vec": "<4,3,2,3,2,1>",
    "z": "6-z37",
    "complement": "6-z37"
  },
  {
    "number": "6-5A",
    "primeForm": "[\"0\",\"1\",\"2\",\"3\",\"6\",\"7\"]",
    "vec": "<4,2,2,2,3,2>",
    "z": null,
    "complement": null
  },
  {
    "number": "6-5B",
    "primeForm": "[\"0\",\"1\",\"4\",\"5\",\"6\",\"7\"]",
    "vec": "<4,2,2,2,3,2>",
    "z": null,
    "complement": null
  },
  {
    "number": "6-z6",
    "primeForm": "[\"0\",\"1\",\"2\",\"5\",\"6\",\"7\"]",
    "vec": "<4,2,1,2,4,2>",
    "z": "6-z38",
    "complement": "6-z38"
  },
  {
    "number": "6-7",
    "primeForm": "[\"0\",\"1\",\"2\",\"6\",\"7\",\"8\"]",
    "vec": "<4,2,0,2,4,3>",
    "z": null,
    "complement": null
  },
  {
    "number": "6-8",
    "primeForm": "[\"0\",\"2\",\"3\",\"4\",\"5\",\"7\"]",
    "vec": "<3,4,3,2,3,0>",
    "z": null,
    "complement": null
  },
  {
    "number": "6-9A",
    "primeForm": "[\"0\",\"1\",\"2\",\"3\",\"5\",\"7\"]",
    "vec": "<3,4,2,2,3,1>",
    "z": null,
    "complement": null
  },
  {
    "number": "6-9B",
    "primeForm": "[\"0\",\"2\",\"4\",\"5\",\"6\",\"7\"]",
    "vec": "<3,4,2,2,3,1>",
    "z": null,
    "complement": null
  },
  {
    "number": "6-z10A",
    "primeForm": "[\"0\",\"1\",\"3\",\"4\",\"5\",\"7\"]",
    "vec": "<3,3,3,3,2,1>",
    "z": "6-z39A",
    "complement": "6-z39B"
  },
  {
    "number": "6-z10B",
    "primeForm": "[\"0\",\"2\",\"3\",\"4\",\"6\",\"7\"]",
    "vec": "<3,3,3,3,2,1>",
    "z": "6-z39A",
    "complement": "6-z39A"
  },
  {
    "number": "6-z11A",
    "primeForm": "[\"0\",\"1\",\"2\",\"4\",\"5\",\"7\"]",
    "vec": "<3,3,3,2,3,1>",
    "z": "6-z40A",
    "complement": "6-z40B"
  },
  {
    "number": "6-z11B",
    "primeForm": "[\"0\",\"2\",\"3\",\"5\",\"6\",\"7\"]",
    "vec": "<3,3,3,2,3,1>",
    "z": "6-z40A",
    "complement": "6-z40A"
  },
  {
    "number": "6-z12A",
    "primeForm": "[\"0\",\"1\",\"2\",\"4\",\"6\",\"7\"]",
    "vec": "<3,3,2,2,3,2>",
    "z": "6-z41A",
    "complement": "6-z41B"
  },
  {
    "number": "6-z12B",
    "primeForm": "[\"0\",\"1\",\"3\",\"5\",\"6\",\"7\"]",
    "vec": "<3,3,2,2,3,2>",
    "z": "6-z41A",
    "complement": "6-z41A"
  },
  {
    "number": "6-z13",
    "primeForm": "[\"0\",\"1\",\"3\",\"4\",\"6\",\"7\"]",
    "vec": "<3,2,4,2,2,2>",
    "z": "6-z42",
    "complement": "6-z42"
  },
  {
    "number": "6-14A",
    "primeForm": "[\"0\",\"1\",\"3\",\"4\",\"5\",\"8\"]",
    "vec": "<3,2,3,4,3,0>",
    "z": null,
    "complement": null
  },
  {
    "number": "6-14B",
    "primeForm": "[\"0\",\"3\",\"4\",\"5\",\"7\",\"8\"]",
    "vec": "<3,2,3,4,3,0>",
    "z": null,
    "complement": null
  },
  {
    "number": "6-15A",
    "primeForm": "[\"0\",\"1\",\"2\",\"4\",\"5\",\"8\"]",
    "vec": "<3,2,3,4,2,1>",
    "z": null,
    "complement": null
  },
  {
    "number": "6-15B",
    "primeForm": "[\"0\",\"3\",\"4\",\"6\",\"7\",\"8\"]",
    "vec": "<3,2,3,4,2,1>",
    "z": null,
    "complement": null
  },
  {
    "number": "6-16A",
    "primeForm": "[\"0\",\"1\",\"4\",\"5\",\"6\",\"8\"]",
    "vec": "<3,2,2,4,3,1>",
    "z": null,
    "complement": null
  },
  {
    "number": "6-16B",
    "primeForm": "[\"0\",\"2\",\"3\",\"4\",\"7\",\"8\"]",
    "vec": "<3,2,2,4,3,1>",
    "z": null,
    "complement": null
  },
  {
    "number": "6-z17A",
    "primeForm": "[\"0\",\"1\",\"2\",\"4\",\"7\",\"8\"]",
    "vec": "<3,2,2,3,3,2>",
    "z": "6-z43A",
    "complement": "6-z43B"
  },
  {
    "number": "6-z17B",
    "primeForm": "[\"0\",\"1\",\"4\",\"6\",\"7\",\"8\"]",
    "vec": "<3,2,2,3,3,2>",
    "z": "6-z43A",
    "complement": "6-z43A"
  },
  {
    "number": "6-18A",
    "primeForm": "[\"0\",\"1\",\"2\",\"5\",\"7\",\"8\"]",
    "vec": "<3,2,2,2,4,2>",
    "z": null,
    "complement": null
  },
  {
    "number": "6-18B",
    "primeForm": "[\"0\",\"1\",\"3\",\"6\",\"7\",\"8\"]",
    "vec": "<3,2,2,2,4,2>",
    "z": null,
    "complement": null
  },
  {
    "number": "6-z19A",
    "primeForm": "[\"0\",\"1\",\"3\",\"4\",\"7\",\"8\"]",
    "vec": "<3,1,3,4,3,1>",
    "z": "6-z44A",
    "complement": "6-z44B"
  },
  {
    "number": "6-z19B",
    "primeForm": "[\"0\",\"1\",\"4\",\"5\",\"7\",\"8\"]",
    "vec": "<3,1,3,4,3,1>",
    "z": "6-z44A",
    "complement": "6-z44A"
  },
  {
    "number": "6-20",
    "primeForm": "[\"0\",\"1\",\"4\",\"5\",\"8\",\"9\"]",
    "vec": "<3,0,3,6,3,0>",
    "z": null,
    "complement": null
  },
  {
    "number": "6-21A",
    "primeForm": "[\"0\",\"2\",\"3\",\"4\",\"6\",\"8\"]",
    "vec": "<2,4,2,4,1,2>",
    "z": null,
    "complement": null
  },
  {
    "number": "6-21B",
    "primeForm": "[\"0\",\"2\",\"4\",\"5\",\"6\",\"8\"]",
    "vec": "<2,4,2,4,1,2>",
    "z": null,
    "complement": null
  },
  {
    "number": "6-22A",
    "primeForm": "[\"0\",\"1\",\"2\",\"4\",\"6\",\"8\"]",
    "vec": "<2,4,1,4,2,2>",
    "z": null,
    "complement": null
  },
  {
    "number": "6-22B",
    "primeForm": "[\"0\",\"2\",\"4\",\"6\",\"7\",\"8\"]",
    "vec": "<2,4,1,4,2,2>",
    "z": null,
    "complement": null
  },
  {
    "number": "6-z23",
    "primeForm": "[\"0\",\"2\",\"3\",\"5\",\"6\",\"8\"]",
    "vec": "<2,3,4,2,2,2>",
    "z": "6-z45",
    "complement": "6-z45"
  },
  {
    "number": "6-z24A",
    "primeForm": "[\"0\",\"1\",\"3\",\"4\",\"6\",\"8\"]",
    "vec": "<2,3,3,3,3,1>",
    "z": "6-z46A",
    "complement": "6-z46B"
  },
  {
    "number": "6-z24B",
    "primeForm": "[\"0\",\"2\",\"4\",\"5\",\"7\",\"8\"]",
    "vec": "<2,3,3,3,3,1>",
    "z": "6-z46A",
    "complement": "6-z46A"
  },
  {
    "number": "6-z25A",
    "primeForm": "[\"0\",\"1\",\"3\",\"5\",\"6\",\"8\"]",
    "vec": "<2,3,3,2,4,1>",
    "z": "6-z47A",
    "complement": "6-z47B"
  },
  {
    "number": "6-z25B",
    "primeForm": "[\"0\",\"2\",\"3\",\"5\",\"7\",\"8\"]",
    "vec": "<2,3,3,2,4,1>",
    "z": "6-z47A",
    "complement": "6-z47A"
  },
  {
    "number": "6-z26",
    "primeForm": "[\"0\",\"1\",\"3\",\"5\",\"7\",\"8\"]",
    "vec": "<2,3,2,3,4,1>",
    "z": "6-z48",
    "complement": "6-z48"
  },
  {
    "number": "6-27A",
    "primeForm": "[\"0\",\"1\",\"3\",\"4\",\"6\",\"9\"]",
    "vec": "<2,2,5,2,2,2>",
    "z": null,
    "complement": null
  },
  {
    "number": "6-27B",
    "primeForm": "[\"0\",\"2\",\"3\",\"5\",\"6\",\"9\"]",
    "vec": "<2,2,5,2,2,2>",
    "z": null,
    "complement": null
  },
  {
    "number": "6-z28",
    "primeForm": "[\"0\",\"1\",\"3\",\"5\",\"6\",\"9\"]",
    "vec": "<2,2,4,3,2,2>",
    "z": "6-z49",
    "complement": "6-z49"
  },
  {
    "number": "6-z29",
    "primeForm": "[\"0\",\"2\",\"3\",\"6\",\"7\",\"9\"]",
    "vec": "<2,2,4,2,3,2>",
    "z": "6-z50",
    "complement": "6-z50"
  },
  {
    "number": "6-30A",
    "primeForm": "[\"0\",\"1\",\"3\",\"6\",\"7\",\"9\"]",
    "vec": "<2,2,4,2,2,3>",
    "z": null,
    "complement": null
  },
  {
    "number": "6-30B",
    "primeForm": "[\"0\",\"2\",\"3\",\"6\",\"8\",\"9\"]",
    "vec": "<2,2,4,2,2,3>",
    "z": null,
    "complement": null
  },
  {
    "number": "6-31A",
    "primeForm": "[\"0\",\"1\",\"4\",\"5\",\"7\",\"9\"]",
    "vec": "<2,2,3,4,3,1>",
    "z": null,
    "complement": null
  },
  {
    "number": "6-31B",
    "primeForm": "[\"0\",\"2\",\"4\",\"5\",\"8\",\"9\"]",
    "vec": "<2,2,3,4,3,1>",
    "z": null,
    "complement": null
  },
  {
    "number": "6-32",
    "primeForm": "[\"0\",\"2\",\"4\",\"5\",\"7\",\"9\"]",
    "vec": "<1,4,3,2,5,0>",
    "z": null,
    "complement": null
  },
  {
    "number": "6-33A",
    "primeForm": "[\"0\",\"2\",\"3\",\"5\",\"7\",\"9\"]",
    "vec": "<1,4,3,2,4,1>",
    "z": null,
    "complement": null
  },
  {
    "number": "6-33B",
    "primeForm": "[\"0\",\"2\",\"4\",\"6\",\"7\",\"9\"]",
    "vec": "<1,4,3,2,4,1>",
    "z": null,
    "complement": null
  },
  {
    "number": "6-34A",
    "primeForm": "[\"0\",\"1\",\"3\",\"5\",\"7\",\"9\"]",
    "vec": "<1,4,2,4,2,2>",
    "z": null,
    "complement": null
  },
  {
    "number": "6-34B",
    "primeForm": "[\"0\",\"2\",\"4\",\"6\",\"8\",\"9\"]",
    "vec": "<1,4,2,4,2,2>",
    "z": null,
    "complement": null
  },
  {
    "number": "6-35",
    "primeForm": "[\"0\",\"2\",\"4\",\"6\",\"8\",\"T\"]",
    "vec": "<0,6,0,6,0,3>",
    "z": null,
    "complement": null
  },
  {
    "number": "6-z36A",
    "primeForm": "[\"0\",\"1\",\"2\",\"3\",\"4\",\"7\"]",
    "vec": "<4,3,3,2,2,1>",
    "z": "6-z3A",
    "complement": "6-z3B"
  },
  {
    "number": "6-z36B",
    "primeForm": "[\"0\",\"3\",\"4\",\"5\",\"6\",\"7\"]",
    "vec": "<4,3,3,2,2,1>",
    "z": "6-z3A",
    "complement": "6-z3A"
  },
  {
    "number": "6-z37",
    "primeForm": "[\"0\",\"1\",\"2\",\"3\",\"4\",\"8\"]",
    "vec": "<4,3,2,3,2,1>",
    "z": "6-z4",
    "complement": "6-z4"
  },
  {
    "number": "6-z38",
    "primeForm": "[\"0\",\"1\",\"2\",\"3\",\"7\",\"8\"]",
    "vec": "<4,2,1,2,4,2>",
    "z": "6-z6",
    "complement": "6-z6"
  },
  {
    "number": "6-z39A",
    "primeForm": "[\"0\",\"2\",\"3\",\"4\",\"5\",\"8\"]",
    "vec": "<3,3,3,3,2,1>",
    "z": "6-z10A",
    "complement": "6-z10B"
  },
  {
    "number": "6-z39B",
    "primeForm": "[\"0\",\"3\",\"4\",\"5\",\"6\",\"8\"]",
    "vec": "<3,3,3,3,2,1>",
    "z": "6-z10A",
    "complement": "6-z10A"
  },
  {
    "number": "6-z40A",
    "primeForm": "[\"0\",\"1\",\"2\",\"3\",\"5\",\"8\"]",
    "vec": "<3,3,3,2,3,1>",
    "z": "6-z11A",
    "complement": "6-z11B"
  },
  {
    "number": "6-z40B",
    "primeForm": "[\"0\",\"3\",\"5\",\"6\",\"7\",\"8\"]",
    "vec": "<3,3,3,2,3,1>",
    "z": "6-z11A",
    "complement": "6-z11A"
  },
  {
    "number": "6-z41A",
    "primeForm": "[\"0\",\"1\",\"2\",\"3\",\"6\",\"8\"]",
    "vec": "<3,3,2,2,3,2>",
    "z": "6-z12A",
    "complement": "6-z12B"
  },
  {
    "number": "6-z41B",
    "primeForm": "[\"0\",\"2\",\"5\",\"6\",\"7\",\"8\"]",
    "vec": "<3,3,2,2,3,2>",
    "z": "6-z12A",
    "complement": "6-z12A"
  },
  {
    "number": "6-z42",
    "primeForm": "[\"0\",\"1\",\"2\",\"3\",\"6\",\"9\"]",
    "vec": "<3,2,4,2,2,2>",
    "z": "6-z13",
    "complement": "6-z13"
  },
  {
    "number": "6-z43A",
    "primeForm": "[\"0\",\"1\",\"2\",\"5\",\"6\",\"8\"]",
    "vec": "<3,2,2,3,3,2>",
    "z": "6-z17A",
    "complement": "6-z17B"
  },
  {
    "number": "6-z43B",
    "primeForm": "[\"0\",\"2\",\"3\",\"6\",\"7\",\"8\"]",
    "vec": "<3,2,2,3,3,2>",
    "z": "6-z17A",
    "complement": "6-z17A"
  },
  {
    "number": "6-z44A",
    "primeForm": "[\"0\",\"1\",\"2\",\"5\",\"6\",\"9\"]",
    "vec": "<3,1,3,4,3,1>",
    "z": "6-z19A",
    "complement": "6-z19B"
  },
  {
    "number": "6-z44B",
    "primeForm": "[\"0\",\"1\",\"4\",\"5\",\"6\",\"9\"]",
    "vec": "<3,1,3,4,3,1>",
    "z": "6-z19A",
    "complement": "6-z19A"
  },
  {
    "number": "6-z45",
    "primeForm": "[\"0\",\"2\",\"3\",\"4\",\"6\",\"9\"]",
    "vec": "<2,3,4,2,2,2>",
    "z": "6-z23",
    "complement": "6-z23"
  },
  {
    "number": "6-z46A",
    "primeForm": "[\"0\",\"1\",\"2\",\"4\",\"6\",\"9\"]",
    "vec": "<2,3,3,3,3,1>",
    "z": "6-z24A",
    "complement": "6-z24B"
  },
  {
    "number": "6-z46B",
    "primeForm": "[\"0\",\"2\",\"4\",\"5\",\"6\",\"9\"]",
    "vec": "<2,3,3,3,3,1>",
    "z": "6-z24A",
    "complement": "6-z24A"
  },
  {
    "number": "6-z47A",
    "primeForm": "[\"0\",\"1\",\"2\",\"4\",\"7\",\"9\"]",
    "vec": "<2,3,3,2,4,1>",
    "z": "6-z25A",
    "complement": "6-z25B"
  },
  {
    "number": "6-z47B",
    "primeForm": "[\"0\",\"2\",\"3\",\"4\",\"7\",\"9\"]",
    "vec": "<2,3,3,2,4,1>",
    "z": "6-z25A",
    "complement": "6-z25A"
  },
  {
    "number": "6-z48",
    "primeForm": "[\"0\",\"1\",\"2\",\"5\",\"7\",\"9\"]",
    "vec": "<2,3,2,3,4,1>",
    "z": "6-z26",
    "complement": "6-z26"
  },
  {
    "number": "6-z49",
    "primeForm": "[\"0\",\"1\",\"3\",\"4\",\"7\",\"9\"]",
    "vec": "<2,2,4,3,2,2>",
    "z": "6-z28",
    "complement": "6-z28"
  },
  {
    "number": "6-z50",
    "primeForm": "[\"0\",\"1\",\"4\",\"6\",\"7\",\"9\"]",
    "vec": "<2,2,4,2,3,2>",
    "z": "6-z29",
    "complement": "6-z29"
  },
  {
    "number": "7-1",
    "primeForm": "[\"0\",\"1\",\"2\",\"3\",\"4\",\"5\",\"6\"]",
    "vec": "<6,5,4,3,2,1>",
    "z": null,
    "complement": "5-1"
  },
  {
    "number": "7-2A",
    "primeForm": "[\"0\",\"1\",\"2\",\"3\",\"4\",\"5\",\"7\"]",
    "vec": "<5,5,4,3,3,1>",
    "z": null,
    "complement": "5-2B"
  },
  {
    "number": "7-2B",
    "primeForm": "[\"0\",\"2\",\"3\",\"4\",\"5\",\"6\",\"7\"]",
    "vec": "<5,5,4,3,3,1>",
    "z": null,
    "complement": "5-2A"
  },
  {
    "number": "7-3A",
    "primeForm": "[\"0\",\"1\",\"2\",\"3\",\"4\",\"5\",\"8\"]",
    "vec": "<5,4,4,4,3,1>",
    "z": null,
    "complement": "5-3B"
  },
  {
    "number": "7-3B",
    "primeForm": "[\"0\",\"3\",\"4\",\"5\",\"6\",\"7\",\"8\"]",
    "vec": "<5,4,4,4,3,1>",
    "z": null,
    "complement": "5-3A"
  },
  {
    "number": "7-4A",
    "primeForm": "[\"0\",\"1\",\"2\",\"3\",\"4\",\"6\",\"7\"]",
    "vec": "<5,4,4,3,3,2>",
    "z": null,
    "complement": "5-4B"
  },
  {
    "number": "7-4B",
    "primeForm": "[\"0\",\"1\",\"3\",\"4\",\"5\",\"6\",\"7\"]",
    "vec": "<5,4,4,3,3,2>",
    "z": null,
    "complement": "5-4A"
  },
  {
    "number": "7-5A",
    "primeForm": "[\"0\",\"1\",\"2\",\"3\",\"5\",\"6\",\"7\"]",
    "vec": "<5,4,3,3,4,2>",
    "z": null,
    "complement": "5-5B"
  },
  {
    "number": "7-5B",
    "primeForm": "[\"0\",\"1\",\"2\",\"4\",\"5\",\"6\",\"7\"]",
    "vec": "<5,4,3,3,4,2>",
    "z": null,
    "complement": "5-5A"
  },
  {
    "number": "7-6A",
    "primeForm": "[\"0\",\"1\",\"2\",\"3\",\"4\",\"7\",\"8\"]",
    "vec": "<5,3,3,4,4,2>",
    "z": null,
    "complement": "5-6B"
  },
  {
    "number": "7-6B",
    "primeForm": "[\"0\",\"1\",\"4\",\"5\",\"6\",\"7\",\"8\"]",
    "vec": "<5,3,3,4,4,2>",
    "z": null,
    "complement": "5-6A"
  },
  {
    "number": "7-7A",
    "primeForm": "[\"0\",\"1\",\"2\",\"3\",\"6\",\"7\",\"8\"]",
    "vec": "<5,3,2,3,5,3>",
    "z": null,
    "complement": "5-7B"
  },
  {
    "number": "7-7B",
    "primeForm": "[\"0\",\"1\",\"2\",\"5\",\"6\",\"7\",\"8\"]",
    "vec": "<5,3,2,3,5,3>",
    "z": null,
    "complement": "5-7A"
  },
  {
    "number": "7-8",
    "primeForm": "[\"0\",\"2\",\"3\",\"4\",\"5\",\"6\",\"8\"]",
    "vec": "<4,5,4,4,2,2>",
    "z": null,
    "complement": "5-8"
  },
  {
    "number": "7-9A",
    "primeForm": "[\"0\",\"1\",\"2\",\"3\",\"4\",\"6\",\"8\"]",
    "vec": "<4,5,3,4,3,2>",
    "z": null,
    "complement": "5-9B"
  },
  {
    "number": "7-9B",
    "primeForm": "[\"0\",\"2\",\"4\",\"5\",\"6\",\"7\",\"8\"]",
    "vec": "<4,5,3,4,3,2>",
    "z": null,
    "complement": "5-9A"
  },
  {
    "number": "7-10A",
    "primeForm": "[\"0\",\"1\",\"2\",\"3\",\"4\",\"6\",\"9\"]",
    "vec": "<4,4,5,3,3,2>",
    "z": null,
    "complement": "5-10B"
  },
  {
    "number": "7-10B",
    "primeForm": "[\"0\",\"2\",\"3\",\"4\",\"5\",\"6\",\"9\"]",
    "vec": "<4,4,5,3,3,2>",
    "z": null,
    "complement": "5-10A"
  },
  {
    "number": "7-11A",
    "primeForm": "[\"0\",\"1\",\"3\",\"4\",\"5\",\"6\",\"8\"]",
    "vec": "<4,4,4,4,4,1>",
    "z": null,
    "complement": "5-11B"
  },
  {
    "number": "7-11B",
    "primeForm": "[\"0\",\"2\",\"3\",\"4\",\"5\",\"7\",\"8\"]",
    "vec": "<4,4,4,4,4,1>",
    "z": null,
    "complement": "5-11A"
  },
  {
    "number": "7-z12",
    "primeForm": "[\"0\",\"1\",\"2\",\"3\",\"4\",\"7\",\"9\"]",
    "vec": "<4,4,4,3,4,2>",
    "z": "7-z36A",
    "complement": "5-z12"
  },
  {
    "number": "7-13A",
    "primeForm": "[\"0\",\"1\",\"2\",\"4\",\"5\",\"6\",\"8\"]",
    "vec": "<4,4,3,5,3,2>",
    "z": null,
    "complement": "5-13B"
  },
  {
    "number": "7-13B",
    "primeForm": "[\"0\",\"2\",\"3\",\"4\",\"6\",\"7\",\"8\"]",
    "vec": "<4,4,3,5,3,2>",
    "z": null,
    "complement": "5-13A"
  },
  {
    "number": "7-14A",
    "primeForm": "[\"0\",\"1\",\"2\",\"3\",\"5\",\"7\",\"8\"]",
    "vec": "<4,4,3,3,5,2>",
    "z": null,
    "complement": "5-14B"
  },
  {
    "number": "7-14B",
    "primeForm": "[\"0\",\"1\",\"3\",\"5\",\"6\",\"7\",\"8\"]",
    "vec": "<4,4,3,3,5,2>",
    "z": null,
    "complement": "5-14A"
  },
  {
    "number": "7-15",
    "primeForm": "[\"0\",\"1\",\"2\",\"4\",\"6\",\"7\",\"8\"]",
    "vec": "<4,4,2,4,4,3>",
    "z": null,
    "complement": "5-15"
  },
  {
    "number": "7-16A",
    "primeForm": "[\"0\",\"1\",\"2\",\"3\",\"5\",\"6\",\"9\"]",
    "vec": "<4,3,5,4,3,2>",
    "z": null,
    "complement": "5-16B"
  },
  {
    "number": "7-16B",
    "primeForm": "[\"0\",\"1\",\"3\",\"4\",\"5\",\"6\",\"9\"]",
    "vec": "<4,3,5,4,3,2>",
    "z": null,
    "complement": "5-16A"
  },
  {
    "number": "7-z17",
    "primeForm": "[\"0\",\"1\",\"2\",\"4\",\"5\",\"6\",\"9\"]",
    "vec": "<4,3,4,5,4,1>",
    "z": "7-z37",
    "complement": "5-z17"
  },
  {
    "number": "7-z18A",
    "primeForm": "[\"0\",\"1\",\"4\",\"5\",\"6\",\"7\",\"9\"]",
    "vec": "<4,3,4,4,4,2>",
    "z": "7-z38A",
    "complement": "7-z18A"
  },
  {
    "number": "7-z18B",
    "primeForm": "[\"0\",\"2\",\"3\",\"4\",\"5\",\"8\",\"9\"]",
    "vec": "<4,3,4,4,4,2>",
    "z": "7-z38A",
    "complement": "7-z18B"
  },
  {
    "number": "7-19A",
    "primeForm": "[\"0\",\"1\",\"2\",\"3\",\"6\",\"7\",\"9\"]",
    "vec": "<4,3,4,3,4,3>",
    "z": null,
    "complement": "5-19B"
  },
  {
    "number": "7-19B",
    "primeForm": "[\"0\",\"1\",\"2\",\"3\",\"6\",\"8\",\"9\"]",
    "vec": "<4,3,4,3,4,3>",
    "z": null,
    "complement": "5-19A"
  },
  {
    "number": "7-20A",
    "primeForm": "[\"0\",\"1\",\"2\",\"5\",\"6\",\"7\",\"9\"]",
    "vec": "<4,3,3,4,5,2>",
    "z": null,
    "complement": "5-20B"
  },
  {
    "number": "7-20B",
    "primeForm": "[\"0\",\"2\",\"3\",\"4\",\"7\",\"8\",\"9\"]",
    "vec": "<4,3,3,4,5,2>",
    "z": null,
    "complement": "5-20A"
  },
  {
    "number": "7-21A",
    "primeForm": "[\"0\",\"1\",\"2\",\"4\",\"5\",\"8\",\"9\"]",
    "vec": "<4,2,4,6,4,1>",
    "z": null,
    "complement": "5-21B"
  },
  {
    "number": "7-21B",
    "primeForm": "[\"0\",\"1\",\"3\",\"4\",\"5\",\"8\",\"9\"]",
    "vec": "<4,2,4,6,4,1>",
    "z": null,
    "complement": "5-21A"
  },
  {
    "number": "7-22",
    "primeForm": "[\"0\",\"1\",\"2\",\"5\",\"6\",\"8\",\"9\"]",
    "vec": "<4,2,4,5,4,2>",
    "z": null,
    "complement": "5-22"
  },
  {
    "number": "7-23A",
    "primeForm": "[\"0\",\"2\",\"3\",\"4\",\"5\",\"7\",\"9\"]",
    "vec": "<3,5,4,3,5,1>",
    "z": null,
    "complement": "5-23B"
  },
  {
    "number": "7-23B",
    "primeForm": "[\"0\",\"2\",\"4\",\"5\",\"6\",\"7\",\"9\"]",
    "vec": "<3,5,4,3,5,1>",
    "z": null,
    "complement": "5-23A"
  },
  {
    "number": "7-24A",
    "primeForm": "[\"0\",\"1\",\"2\",\"3\",\"5\",\"7\",\"9\"]",
    "vec": "<3,5,3,4,4,2>",
    "z": null,
    "complement": "5-24B"
  },
  {
    "number": "7-24B",
    "primeForm": "[\"0\",\"2\",\"4\",\"6\",\"7\",\"8\",\"9\"]",
    "vec": "<3,5,3,4,4,2>",
    "z": null,
    "complement": "5-24A"
  },
  {
    "number": "7-25A",
    "primeForm": "[\"0\",\"2\",\"3\",\"4\",\"6\",\"7\",\"9\"]",
    "vec": "<3,4,5,3,4,2>",
    "z": null,
    "complement": "5-25B"
  },
  {
    "number": "7-25B",
    "primeForm": "[\"0\",\"2\",\"3\",\"5\",\"6\",\"7\",\"9\"]",
    "vec": "<3,4,5,3,4,2>",
    "z": null,
    "complement": "5-25A"
  },
  {
    "number": "7-26A",
    "primeForm": "[\"0\",\"1\",\"3\",\"4\",\"5\",\"7\",\"9\"]",
    "vec": "<3,4,4,5,3,2>",
    "z": null,
    "complement": "5-26A"
  },
  {
    "number": "7-26B",
    "primeForm": "[\"0\",\"2\",\"4\",\"5\",\"6\",\"8\",\"9\"]",
    "vec": "<3,4,4,5,3,2>",
    "z": null,
    "complement": "5-26B"
  },
  {
    "number": "7-27A",
    "primeForm": "[\"0\",\"1\",\"2\",\"4\",\"5\",\"7\",\"9\"]",
    "vec": "<3,4,4,4,5,1>",
    "z": null,
    "complement": "5-27B"
  },
  {
    "number": "7-27B",
    "primeForm": "[\"0\",\"2\",\"4\",\"5\",\"7\",\"8\",\"9\"]",
    "vec": "<3,4,4,4,5,1>",
    "z": null,
    "complement": "5-27A"
  },
  {
    "number": "7-28A",
    "primeForm": "[\"0\",\"1\",\"3\",\"5\",\"6\",\"7\",\"9\"]",
    "vec": "<3,4,4,4,3,3>",
    "z": null,
    "complement": "5-28A"
  },
  {
    "number": "7-28B",
    "primeForm": "[\"0\",\"2\",\"3\",\"4\",\"6\",\"8\",\"9\"]",
    "vec": "<3,4,4,4,3,3>",
    "z": null,
    "complement": "5-28B"
  },
  {
    "number": "7-29A",
    "primeForm": "[\"0\",\"1\",\"2\",\"4\",\"6\",\"7\",\"9\"]",
    "vec": "<3,4,4,3,5,2>",
    "z": null,
    "complement": "5-29B"
  },
  {
    "number": "7-29B",
    "primeForm": "[\"0\",\"2\",\"3\",\"5\",\"7\",\"8\",\"9\"]",
    "vec": "<3,4,4,3,5,2>",
    "z": null,
    "complement": "5-29A"
  },
  {
    "number": "7-30A",
    "primeForm": "[\"0\",\"1\",\"2\",\"4\",\"6\",\"8\",\"9\"]",
    "vec": "<3,4,3,5,4,2>",
    "z": null,
    "complement": "5-30B"
  },
  {
    "number": "7-30B",
    "primeForm": "[\"0\",\"1\",\"3\",\"5\",\"7\",\"8\",\"9\"]",
    "vec": "<3,4,3,5,4,2>",
    "z": null,
    "complement": "5-30A"
  },
  {
    "number": "7-31A",
    "primeForm": "[\"0\",\"1\",\"3\",\"4\",\"6\",\"7\",\"9\"]",
    "vec": "<3,3,6,3,3,3>",
    "z": null,
    "complement": "5-31B"
  },
  {
    "number": "7-31B",
    "primeForm": "[\"0\",\"2\",\"3\",\"5\",\"6\",\"8\",\"9\"]",
    "vec": "<3,3,6,3,3,3>",
    "z": null,
    "complement": "5-31A"
  },
  {
    "number": "7-32A",
    "primeForm": "[\"0\",\"1\",\"3\",\"4\",\"6\",\"8\",\"9\"]",
    "vec": "<3,3,5,4,4,2>",
    "z": null,
    "complement": "5-32B"
  },
  {
    "number": "7-32B",
    "primeForm": "[\"0\",\"1\",\"3\",\"5\",\"6\",\"8\",\"9\"]",
    "vec": "<3,3,5,4,4,2>",
    "z": null,
    "complement": "5-32A"
  },
  {
    "number": "7-33",
    "primeForm": "[\"0\",\"1\",\"2\",\"4\",\"6\",\"8\",\"T\"]",
    "vec": "<2,6,2,6,2,3>",
    "z": null,
    "complement": "5-33"
  },
  {
    "number": "7-34",
    "primeForm": "[\"0\",\"1\",\"3\",\"4\",\"6\",\"8\",\"T\"]",
    "vec": "<2,5,4,4,4,2>",
    "z": null,
    "complement": "5-34"
  },
  {
    "number": "7-35",
    "primeForm": "[\"0\",\"1\",\"3\",\"5\",\"6\",\"8\",\"T\"]",
    "vec": "<2,5,4,3,6,1>",
    "z": null,
    "complement": "5-35"
  },
  {
    "number": "7-z36A",
    "primeForm": "[\"0\",\"1\",\"2\",\"3\",\"5\",\"6\",\"8\"]",
    "vec": "<4,4,4,3,4,2>",
    "z": "7-z12",
    "complement": "5-z36B"
  },
  {
    "number": "7-z36B",
    "primeForm": "[\"0\",\"2\",\"3\",\"5\",\"6\",\"7\",\"8\"]",
    "vec": "<4,4,4,3,4,2>",
    "z": "7-z12",
    "complement": "5-z36A"
  },
  {
    "number": "7-z37",
    "primeForm": "[\"0\",\"1\",\"3\",\"4\",\"5\",\"7\",\"8\"]",
    "vec": "<4,3,4,5,4,1>",
    "z": "7-z17",
    "complement": "5-z37"
  },
  {
    "number": "7-z38A",
    "primeForm": "[\"0\",\"1\",\"2\",\"4\",\"5\",\"7\",\"8\"]",
    "vec": "<4,3,4,4,4,2>",
    "z": "7-z18A",
    "complement": "5-z38B"
  },
  {
    "number": "7-z38B",
    "primeForm": "[\"0\",\"1\",\"3\",\"4\",\"6\",\"7\",\"8\"]",
    "vec": "<4,3,4,4,4,2>",
    "z": "7-z18A",
    "complement": "5-z38A"
  },
  {
    "number": "8-1",
    "primeForm": "[\"0\",\"1\",\"2\",\"3\",\"4\",\"5\",\"6\",\"7\"]",
    "vec": "<7,6,5,4,4,2>",
    "z": null,
    "complement": "4-1"
  },
  {
    "number": "8-2A",
    "primeForm": "[\"0\",\"1\",\"2\",\"3\",\"4\",\"5\",\"6\",\"8\"]",
    "vec": "<6,6,5,5,4,2>",
    "z": null,
    "complement": "4-2B"
  },
  {
    "number": "8-2B",
    "primeForm": "[\"0\",\"2\",\"3\",\"4\",\"5\",\"6\",\"7\",\"8\"]",
    "vec": "<6,6,5,5,4,2>",
    "z": null,
    "complement": "4-2A"
  },
  {
    "number": "8-3",
    "primeForm": "[\"0\",\"1\",\"2\",\"3\",\"4\",\"5\",\"6\",\"9\"]",
    "vec": "<6,5,6,5,4,2>",
    "z": null,
    "complement": "4-3"
  },
  {
    "number": "8-4A",
    "primeForm": "[\"0\",\"1\",\"2\",\"3\",\"4\",\"5\",\"7\",\"8\"]",
    "vec": "<6,5,5,5,5,2>",
    "z": null,
    "complement": "4-4B"
  },
  {
    "number": "8-4B",
    "primeForm": "[\"0\",\"1\",\"3\",\"4\",\"5\",\"6\",\"7\",\"8\"]",
    "vec": "<6,5,5,5,5,2>",
    "z": null,
    "complement": "4-4A"
  },
  {
    "number": "8-5A",
    "primeForm": "[\"0\",\"1\",\"2\",\"3\",\"4\",\"6\",\"7\",\"8\"]",
    "vec": "<6,5,4,5,5,3>",
    "z": null,
    "complement": "4-5B"
  },
  {
    "number": "8-5B",
    "primeForm": "[\"0\",\"1\",\"2\",\"4\",\"5\",\"6\",\"7\",\"8\"]",
    "vec": "<6,5,4,5,5,3>",
    "z": null,
    "complement": "4-5A"
  },
  {
    "number": "8-6",
    "primeForm": "[\"0\",\"1\",\"2\",\"3\",\"5\",\"6\",\"7\",\"8\"]",
    "vec": "<6,5,4,4,6,3>",
    "z": null,
    "complement": "4-6"
  },
  {
    "number": "8-7",
    "primeForm": "[\"0\",\"1\",\"2\",\"3\",\"4\",\"5\",\"8\",\"9\"]",
    "vec": "<6,4,5,6,5,2>",
    "z": null,
    "complement": "4-7"
  },
  {
    "number": "8-8",
    "primeForm": "[\"0\",\"1\",\"2\",\"3\",\"4\",\"7\",\"8\",\"9\"]",
    "vec": "<6,4,4,5,6,3>",
    "z": null,
    "complement": "4-8"
  },
  {
    "number": "8-9",
    "primeForm": "[\"0\",\"1\",\"2\",\"3\",\"6\",\"7\",\"8\",\"9\"]",
    "vec": "<6,4,4,4,6,4>",
    "z": null,
    "complement": "4-9"
  },
  {
    "number": "8-10",
    "primeForm": "[\"0\",\"2\",\"3\",\"4\",\"5\",\"6\",\"7\",\"9\"]",
    "vec": "<5,6,6,4,5,2>",
    "z": null,
    "complement": "4-10"
  },
  {
    "number": "8-11A",
    "primeForm": "[\"0\",\"1\",\"2\",\"3\",\"4\",\"5\",\"7\",\"9\"]",
    "vec": "<5,6,5,5,5,2>",
    "z": null,
    "complement": "4-11B"
  },
  {
    "number": "8-11B",
    "primeForm": "[\"0\",\"2\",\"4\",\"5\",\"6\",\"7\",\"8\",\"9\"]",
    "vec": "<5,6,5,5,5,2>",
    "z": null,
    "complement": "4-11A"
  },
  {
    "number": "8-12A",
    "primeForm": "[\"0\",\"1\",\"3\",\"4\",\"5\",\"6\",\"7\",\"9\"]",
    "vec": "<5,5,6,5,4,3>",
    "z": null,
    "complement": "4-12A"
  },
  {
    "number": "8-12B",
    "primeForm": "[\"0\",\"2\",\"3\",\"4\",\"5\",\"6\",\"8\",\"9\"]",
    "vec": "<5,5,6,5,4,3>",
    "z": null,
    "complement": "4-12B"
  },
  {
    "number": "8-13A",
    "primeForm": "[\"0\",\"1\",\"2\",\"3\",\"4\",\"6\",\"7\",\"9\"]",
    "vec": "<5,5,6,4,5,3>",
    "z": null,
    "complement": "4-13B"
  },
  {
    "number": "8-13B",
    "primeForm": "[\"0\",\"2\",\"3\",\"5\",\"6\",\"7\",\"8\",\"9\"]",
    "vec": "<5,5,6,4,5,3>",
    "z": null,
    "complement": "4-13A"
  },
  {
    "number": "8-14A",
    "primeForm": "[\"0\",\"1\",\"2\",\"4\",\"5\",\"6\",\"7\",\"9\"]",
    "vec": "<5,5,5,5,6,2>",
    "z": null,
    "complement": "4-14A"
  },
  {
    "number": "8-14B",
    "primeForm": "[\"0\",\"2\",\"3\",\"4\",\"5\",\"7\",\"8\",\"9\"]",
    "vec": "<5,5,5,5,6,2>",
    "z": null,
    "complement": "4-14B"
  },
  {
    "number": "8-z15A",
    "primeForm": "[\"0\",\"1\",\"2\",\"3\",\"4\",\"6\",\"8\",\"9\"]",
    "vec": "<5,5,5,5,5,3>",
    "z": "8-z29A",
    "complement": "4-z15B"
  },
  {
    "number": "8-z15B",
    "primeForm": "[\"0\",\"1\",\"3\",\"5\",\"6\",\"7\",\"8\",\"9\"]",
    "vec": "<5,5,5,5,5,3>",
    "z": "8-z29A",
    "complement": "4-z15A"
  },
  {
    "number": "8-16A",
    "primeForm": "[\"0\",\"1\",\"2\",\"3\",\"5\",\"7\",\"8\",\"9\"]",
    "vec": "<5,5,4,5,6,3>",
    "z": null,
    "complement": "4-16B"
  },
  {
    "number": "8-16B",
    "primeForm": "[\"0\",\"1\",\"2\",\"4\",\"6\",\"7\",\"8\",\"9\"]",
    "vec": "<5,5,4,5,6,3>",
    "z": null,
    "complement": "4-16A"
  },
  {
    "number": "8-17",
    "primeForm": "[\"0\",\"1\",\"3\",\"4\",\"5\",\"6\",\"8\",\"9\"]",
    "vec": "<5,4,6,6,5,2>",
    "z": null,
    "complement": "4-17"
  },
  {
    "number": "8-18A",
    "primeForm": "[\"0\",\"1\",\"2\",\"3\",\"5\",\"6\",\"8\",\"9\"]",
    "vec": "<5,4,6,5,5,3>",
    "z": null,
    "complement": "4-18B"
  },
  {
    "number": "8-18B",
    "primeForm": "[\"0\",\"1\",\"3\",\"4\",\"6\",\"7\",\"8\",\"9\"]",
    "vec": "<5,4,6,5,5,3>",
    "z": null,
    "complement": "4-18A"
  },
  {
    "number": "8-19A",
    "primeForm": "[\"0\",\"1\",\"2\",\"4\",\"5\",\"6\",\"8\",\"9\"]",
    "vec": "<5,4,5,7,5,2>",
    "z": null,
    "complement": "4-19B"
  },
  {
    "number": "8-19B",
    "primeForm": "[\"0\",\"1\",\"3\",\"4\",\"5\",\"7\",\"8\",\"9\"]",
    "vec": "<5,4,5,7,5,2>",
    "z": null,
    "complement": "4-19A"
  },
  {
    "number": "8-20",
    "primeForm": "[\"0\",\"1\",\"2\",\"4\",\"5\",\"7\",\"8\",\"9\"]",
    "vec": "<5,4,5,6,6,2>",
    "z": null,
    "complement": "4-20"
  },
  {
    "number": "8-21",
    "primeForm": "[\"0\",\"1\",\"2\",\"3\",\"4\",\"6\",\"8\",\"T\"]",
    "vec": "<4,7,4,6,4,3>",
    "z": null,
    "complement": "4-21"
  },
  {
    "number": "8-22A",
    "primeForm": "[\"0\",\"1\",\"2\",\"3\",\"5\",\"6\",\"8\",\"T\"]",
    "vec": "<4,6,5,5,6,2>",
    "z": null,
    "complement": "4-22B"
  },
  {
    "number": "8-22B",
    "primeForm": "[\"0\",\"1\",\"3\",\"4\",\"5\",\"6\",\"8\",\"T\"]",
    "vec": "<4,6,5,5,6,2>",
    "z": null,
    "complement": "4-22A"
  },
  {
    "number": "8-23",
    "primeForm": "[\"0\",\"1\",\"2\",\"3\",\"5\",\"7\",\"8\",\"T\"]",
    "vec": "<4,6,5,4,7,2>",
    "z": null,
    "complement": "4-23"
  },
  {
    "number": "8-24",
    "primeForm": "[\"0\",\"1\",\"2\",\"4\",\"5\",\"6\",\"8\",\"T\"]",
    "vec": "<4,6,4,7,4,3>",
    "z": null,
    "complement": "4-24"
  },
  {
    "number": "8-25",
    "primeForm": "[\"0\",\"1\",\"2\",\"4\",\"6\",\"7\",\"8\",\"T\"]",
    "vec": "<4,6,4,6,4,4>",
    "z": null,
    "complement": "4-25"
  },
  {
    "number": "8-26",
    "primeForm": "[\"0\",\"1\",\"3\",\"4\",\"5\",\"7\",\"8\",\"T\"]",
    "vec": "<4,5,6,5,6,2>",
    "z": null,
    "complement": "4-26"
  },
  {
    "number": "8-27A",
    "primeForm": "[\"0\",\"1\",\"2\",\"4\",\"5\",\"7\",\"8\",\"T\"]",
    "vec": "<4,5,6,5,5,3>",
    "z": null,
    "complement": "4-27B"
  },
  {
    "number": "8-27B",
    "primeForm": "[\"0\",\"1\",\"3\",\"4\",\"6\",\"7\",\"8\",\"T\"]",
    "vec": "<4,5,6,5,5,3>",
    "z": null,
    "complement": "4-27A"
  },
  {
    "number": "8-28",
    "primeForm": "[\"0\",\"1\",\"3\",\"4\",\"6\",\"7\",\"9\",\"T\"]",
    "vec": "<4,4,8,4,4,4>",
    "z": null,
    "complement": "4-28"
  },
  {
    "number": "8-z29A",
    "primeForm": "[\"0\",\"1\",\"2\",\"3\",\"5\",\"6\",\"7\",\"9\"]",
    "vec": "<5,5,5,5,5,3>",
    "z": "8-z15A",
    "complement": "4-z29B"
  },
  {
    "number": "8-z29B",
    "primeForm": "[\"0\",\"2\",\"3\",\"4\",\"6\",\"7\",\"8\",\"9\"]",
    "vec": "<5,5,5,5,5,3>",
    "z": "8-z15A",
    "complement": "4-z29A"
  },
  {
    "number": "9-1",
    "primeForm": "[\"0\",\"1\",\"2\",\"3\",\"4\",\"5\",\"6\",\"7\",\"8\"]",
    "vec": "<8,7,6,6,6,3>",
    "z": null,
    "complement": "3-1"
  },
  {
    "number": "9-2A",
    "primeForm": "[\"0\",\"1\",\"2\",\"3\",\"4\",\"5\",\"6\",\"7\",\"9\"]",
    "vec": "<7,7,7,6,6,3>",
    "z": null,
    "complement": "3-2A"
  },
  {
    "number": "9-2B",
    "primeForm": "[\"0\",\"2\",\"3\",\"4\",\"5\",\"6\",\"7\",\"8\",\"9\"]",
    "vec": "<7,7,7,6,6,3>",
    "z": null,
    "complement": "3-2B"
  },
  {
    "number": "9-3A",
    "primeForm": "[\"0\",\"1\",\"2\",\"3\",\"4\",\"5\",\"6\",\"8\",\"9\"]",
    "vec": "<7,6,7,7,6,3>",
    "z": null,
    "complement": "3-3B"
  },
  {
    "number": "9-3B",
    "primeForm": "[\"0\",\"1\",\"3\",\"4\",\"5\",\"6\",\"7\",\"8\",\"9\"]",
    "vec": "<7,6,7,7,6,3>",
    "z": null,
    "complement": "3-3A"
  },
  {
    "number": "9-4A",
    "primeForm": "[\"0\",\"1\",\"2\",\"3\",\"4\",\"5\",\"7\",\"8\",\"9\"]",
    "vec": "<7,6,6,7,7,3>",
    "z": null,
    "complement": "3-4B"
  },
  {
    "number": "9-4B",
    "primeForm": "[\"0\",\"1\",\"2\",\"4\",\"5\",\"6\",\"7\",\"8\",\"9\"]",
    "vec": "<7,6,6,7,7,3>",
    "z": null,
    "complement": "3-4A"
  },
  {
    "number": "9-5A",
    "primeForm": "[\"0\",\"1\",\"2\",\"3\",\"4\",\"6\",\"7\",\"8\",\"9\"]",
    "vec": "<7,6,6,6,7,4>",
    "z": null,
    "complement": "3-5B"
  },
  {
    "number": "9-5B",
    "primeForm": "[\"0\",\"1\",\"2\",\"3\",\"5\",\"6\",\"7\",\"8\",\"9\"]",
    "vec": "<7,6,6,6,7,4>",
    "z": null,
    "complement": "3-5A"
  },
  {
    "number": "9-6",
    "primeForm": "[\"0\",\"1\",\"2\",\"3\",\"4\",\"5\",\"6\",\"8\",\"T\"]",
    "vec": "<6,8,6,7,6,3>",
    "z": null,
    "complement": "3-6"
  },
  {
    "number": "9-7A",
    "primeForm": "[\"0\",\"1\",\"2\",\"3\",\"4\",\"5\",\"7\",\"8\",\"T\"]",
    "vec": "<6,7,7,6,7,3>",
    "z": null,
    "complement": "3-7B"
  },
  {
    "number": "9-7B",
    "primeForm": "[\"0\",\"1\",\"3\",\"4\",\"5\",\"6\",\"7\",\"8\",\"T\"]",
    "vec": "<6,7,7,6,7,3>",
    "z": null,
    "complement": "3-7A"
  },
  {
    "number": "9-8A",
    "primeForm": "[\"0\",\"1\",\"2\",\"3\",\"4\",\"6\",\"7\",\"8\",\"T\"]",
    "vec": "<6,7,6,7,6,4>",
    "z": null,
    "complement": "3-8B"
  },
  {
    "number": "9-8B",
    "primeForm": "[\"0\",\"1\",\"2\",\"4\",\"5\",\"6\",\"7\",\"8\",\"T\"]",
    "vec": "<6,7,6,7,6,4>",
    "z": null,
    "complement": "3-8A"
  },
  {
    "number": "9-9",
    "primeForm": "[\"0\",\"1\",\"2\",\"3\",\"5\",\"6\",\"7\",\"8\",\"T\"]",
    "vec": "<6,7,6,6,8,3>",
    "z": null,
    "complement": "3-9"
  },
  {
    "number": "9-10",
    "primeForm": "[\"0\",\"1\",\"2\",\"3\",\"4\",\"6\",\"7\",\"9\",\"T\"]",
    "vec": "<6,6,8,6,6,4>",
    "z": null,
    "complement": "3-10"
  },
  {
    "number": "9-11A",
    "primeForm": "[\"0\",\"1\",\"2\",\"3\",\"5\",\"6\",\"7\",\"9\",\"T\"]",
    "vec": "<6,6,7,7,7,3>",
    "z": null,
    "complement": "3-11B"
  },
  {
    "number": "9-11B",
    "primeForm": "[\"0\",\"1\",\"2\",\"4\",\"5\",\"6\",\"7\",\"9\",\"T\"]",
    "vec": "<6,6,7,7,7,3>",
    "z": null,
    "complement": "3-11A"
  },
  {
    "number": "9-12",
    "primeForm": "[\"0\",\"1\",\"2\",\"4\",\"5\",\"6\",\"8\",\"9\",\"T\"]",
    "vec": "<6,6,6,9,6,3>",
    "z": null,
    "complement": "3-12"
  },
  {
    "number": "10-1",
    "primeForm": "[\"0\",\"1\",\"2\",\"3\",\"4\",\"5\",\"6\",\"7\",\"8\",\"9\"]",
    "vec": "<9,8,8,8,8,4>",
    "z": null,
    "complement": "2-1"
  },
  {
    "number": "10-2",
    "primeForm": "[\"0\",\"1\",\"2\",\"3\",\"4\",\"5\",\"6\",\"7\",\"8\",\"T\"]",
    "vec": "<8,9,8,8,8,4>",
    "z": null,
    "complement": "2-2"
  },
  {
    "number": "10-3",
    "primeForm": "[\"0\",\"1\",\"2\",\"3\",\"4\",\"5\",\"6\",\"7\",\"9\",\"T\"]",
    "vec": "<8,8,9,8,8,4>",
    "z": null,
    "complement": "2-3"
  },
  {
    "number": "10-4",
    "primeForm": "[\"0\",\"1\",\"2\",\"3\",\"4\",\"5\",\"6\",\"8\",\"9\",\"T\"]",
    "vec": "<8,8,8,9,8,4>",
    "z": null,
    "complement": "2-4"
  },
  {
    "number": "10-5",
    "primeForm": "[\"0\",\"1\",\"2\",\"3\",\"4\",\"5\",\"7\",\"8\",\"9\",\"T\"]",
    "vec": "<8,8,8,8,9,4>",
    "z": null,
    "complement": "2-5"
  },
  {
    "number": "10-6",
    "primeForm": "[\"0\",\"1\",\"2\",\"3\",\"4\",\"6\",\"7\",\"8\",\"9\",\"T\"]",
    "vec": "<8,8,8,8,8,5>",
    "z": null,
    "complement": "2-6"
  },
  {
    "number": "11-1",
    "primeForm": "[\"0\",\"1\",\"2\",\"3\",\"4\",\"5\",\"6\",\"7\",\"8\",\"9\",\"T\"]",
    "vec": "<T,T,T,T,T,5>",
    "z": null,
    "complement": "1-1"
  },
  {
    "number": "12-1",
    "primeForm": "[\"0\",\"1\",\"2\",\"3\",\"4\",\"5\",\"6\",\"7\",\"8\",\"9\",\"T\",\"E\"]",
    "vec": "<C,C,C,C,C,6>",
    "z": null,
    "complement": "0-1"
  }
]