{
  "size": { "width": 10600, "height": 1900 },
  "nodes": [
    { "x": 500, "y": 200, "data": "[\"0\"]|1-1|000000" },
    { "x": 500, "y": 50, "data": "[\"\"]|0-1|000000" },
    { "x": 200, "y": 350, "data": "[\"0\",\"6\"]|2-6|000001" },
    { "x": 350, "y": 350, "data": "[\"0\",\"5\"]|2-5|000010" },
    { "x": 500, "y": 350, "data": "[\"0\",\"4\"]|2-4|000100" },
    { "x": 350, "y": 500, "data": "[\"0\",\"4\",\"8\"]|3-12|000300" },
    { "x": 650, "y": 350, "data": "[\"0\",\"3\"]|2-3|001000" },
    { "x": 500, "y": 500, "data": "[\"0\",\"3\",\"7\"]|3-11A|001110" },
    { "x": 650, "y": 500, "data": "[\"0\",\"3\",\"6\"]|3-10|002001" },
    { "x": 650, "y": 650, "data": "[\"0\",\"3\",\"6\",\"9\"]|4-28|004002" },
    { "x": 950, "y": 350, "data": "[\"0\",\"2\"]|2-2|010000" },
    { "x": 800, "y": 500, "data": "[\"0\",\"2\",\"7\"]|3-9|010020" },
    { "x": 950, "y": 500, "data": "[\"0\",\"2\",\"6\"]|3-8A|010101" },
    { "x": 800, "y": 650, "data": "[\"0\",\"2\",\"6\",\"8\"]|4-25|020202" },
    { "x": 1100, "y": 500, "data": "[\"0\",\"2\",\"5\"]|3-7A|011010" },
    { "x": 950, "y": 650, "data": "[\"0\",\"2\",\"5\",\"8\"]|4-27A|012111" },
    { "x": 1100, "y": 650, "data": "[\"0\",\"2\",\"5\",\"7\"]|4-23|021030" },
    { "x": 1400, "y": 500, "data": "[\"0\",\"2\",\"4\"]|3-6|020100" },
    { "x": 1250, "y": 650, "data": "[\"0\",\"2\",\"4\",\"8\"]|4-24|020301" },
    { "x": 1400, "y": 650, "data": "[\"0\",\"2\",\"4\",\"7\"]|4-22A|021120" },
    { "x": 1400, "y": 800, "data": "[\"0\",\"2\",\"4\",\"7\",\"9\"]|5-35|032140" },
    { "x": 1550, "y": 650, "data": "[\"0\",\"2\",\"4\",\"6\"]|4-21|030201" },
    { "x": 1550, "y": 800, "data": "[\"0\",\"2\",\"4\",\"6\",\"9\"]|5-34|032221" },
    { "x": 1700, "y": 800, "data": "[\"0\",\"2\",\"4\",\"6\",\"8\"]|5-33|040402" },
    { "x": 1700, "y": 950, "data": "[\"0\",\"2\",\"4\",\"6\",\"8\",\"T\"]|6-35|060603" },
    { "x": 2150, "y": 350, "data": "[\"0\",\"1\"]|2-1|100000" },
    { "x": 1700, "y": 500, "data": "[\"0\",\"1\",\"6\"]|3-5A|100011" },
    { "x": 1700, "y": 650, "data": "[\"0\",\"1\",\"6\",\"7\"]|4-9|200022" },
    { "x": 2150, "y": 500, "data": "[\"0\",\"1\",\"5\"]|3-4A|100110" },
    { "x": 1850, "y": 650, "data": "[\"0\",\"1\",\"5\",\"8\"]|4-20|101220" },
    { "x": 2000, "y": 650, "data": "[\"0\",\"1\",\"5\",\"7\"]|4-16A|110121" },
    { "x": 2150, "y": 650, "data": "[\"0\",\"1\",\"5\",\"6\"]|4-8|200121" },
    { "x": 2150, "y": 800, "data": "[\"0\",\"1\",\"5\",\"6\",\"8\"]|5-20A|211231" },
    { "x": 2450, "y": 500, "data": "[\"0\",\"1\",\"4\"]|3-3A|101100" },
    { "x": 2300, "y": 650, "data": "[\"0\",\"1\",\"4\",\"8\"]|4-19A|101310" },
    { "x": 2450, "y": 650, "data": "[\"0\",\"1\",\"4\",\"7\"]|4-18A|102111" },
    { "x": 2300, "y": 800, "data": "[\"0\",\"1\",\"4\",\"7\",\"8\"]|5-22|202321" },
    { "x": 2600, "y": 650, "data": "[\"0\",\"1\",\"4\",\"6\"]|4-z15A|111111" },
    { "x": 2450, "y": 800, "data": "[\"0\",\"1\",\"4\",\"6\",\"9\"]|5-32A|113221" },
    { "x": 2600, "y": 800, "data": "[\"0\",\"1\",\"4\",\"6\",\"8\"]|5-30A|121321" },
    { "x": 2750, "y": 650, "data": "[\"0\",\"1\",\"4\",\"5\"]|4-7|201210" },
    { "x": 2750, "y": 800, "data": "[\"0\",\"1\",\"4\",\"5\",\"8\"]|5-21A|202420" },
    { "x": 2750, "y": 950, "data": "[\"0\",\"1\",\"4\",\"5\",\"8\",\"9\"]|6-20|303630" },
    { "x": 2900, "y": 800, "data": "[\"0\",\"1\",\"4\",\"5\",\"7\"]|5-z18A|212221" },
    { "x": 2900, "y": 950, "data": "[\"0\",\"1\",\"4\",\"5\",\"7\",\"9\"]|6-31A|223431" },
    { "x": 3200, "y": 500, "data": "[\"0\",\"1\",\"3\"]|3-2A|111000" },
    { "x": 3050, "y": 650, "data": "[\"0\",\"1\",\"3\",\"7\"]|4-z29A|111111" },
    { "x": 3200, "y": 650, "data": "[\"0\",\"1\",\"3\",\"6\"]|4-13A|112011" },
    { "x": 3050, "y": 800, "data": "[\"0\",\"1\",\"3\",\"6\",\"9\"]|5-31A|114112" },
    { "x": 3200, "y": 800, "data": "[\"0\",\"1\",\"3\",\"6\",\"8\"]|5-29A|122131" },
    { "x": 3350, "y": 800, "data": "[\"0\",\"1\",\"3\",\"6\",\"7\"]|5-19A|212122" },
    { "x": 3350, "y": 950, "data": "[\"0\",\"1\",\"3\",\"6\",\"7\",\"9\"]|6-30A|224223" },
    { "x": 3500, "y": 650, "data": "[\"0\",\"1\",\"3\",\"5\"]|4-11A|121110" },
    { "x": 3500, "y": 800, "data": "[\"0\",\"1\",\"3\",\"5\",\"8\"]|5-27A|122230" },
    { "x": 3650, "y": 800, "data": "[\"0\",\"1\",\"3\",\"5\",\"7\"]|5-24A|131221" },
    { "x": 3500, "y": 950, "data": "[\"0\",\"1\",\"3\",\"5\",\"7\",\"9\"]|6-34A|142422" },
    { "x": 3650, "y": 950, "data": "[\"0\",\"1\",\"3\",\"5\",\"7\",\"8\"]|6-z26|232341" },
    { "x": 3800, "y": 800, "data": "[\"0\",\"1\",\"3\",\"5\",\"6\"]|5-z12|222121" },
    { "x": 3800, "y": 950, "data": "[\"0\",\"1\",\"3\",\"5\",\"6\",\"9\"]|6-z28|224322" },
    { "x": 3950, "y": 950, "data": "[\"0\",\"1\",\"3\",\"5\",\"6\",\"8\"]|6-z25A|233241" },
    { "x": 3950, "y": 1100, "data": "[\"0\",\"1\",\"3\",\"5\",\"6\",\"8\",\"T\"]|7-35|254361" },
    { "x": 4100, "y": 650, "data": "[\"0\",\"1\",\"3\",\"4\"]|4-3|212100" },
    { "x": 4100, "y": 800, "data": "[\"0\",\"1\",\"3\",\"4\",\"8\"]|5-z17|212320" },
    { "x": 4250, "y": 800, "data": "[\"0\",\"1\",\"3\",\"4\",\"7\"]|5-16A|213211" },
    { "x": 4100, "y": 950, "data": "[\"0\",\"1\",\"3\",\"4\",\"7\",\"9\"]|6-z49|224322" },
    { "x": 4250, "y": 950, "data": "[\"0\",\"1\",\"3\",\"4\",\"7\",\"8\"]|6-z19A|313431" },
    { "x": 4400, "y": 800, "data": "[\"0\",\"1\",\"3\",\"4\",\"6\"]|5-10A|223111" },
    { "x": 4400, "y": 950, "data": "[\"0\",\"1\",\"3\",\"4\",\"6\",\"9\"]|6-27A|225222" },
    { "x": 4700, "y": 950, "data": "[\"0\",\"1\",\"3\",\"4\",\"6\",\"8\"]|6-z24A|233331" },
    { "x": 4700, "y": 1100, "data": "[\"0\",\"1\",\"3\",\"4\",\"6\",\"8\",\"T\"]|7-34|254442" },
    { "x": 4850, "y": 1100, "data": "[\"0\",\"1\",\"3\",\"4\",\"6\",\"8\",\"9\"]|7-32A|335442" },
    { "x": 4550, "y": 950, "data": "[\"0\",\"1\",\"3\",\"4\",\"6\",\"7\"]|6-z13|324222" },
    { "x": 4550, "y": 1100, "data": "[\"0\",\"1\",\"3\",\"4\",\"6\",\"7\",\"9\"]|7-31A|336333" },
    {
      "x": 4550,
      "y": 1250,
      "data": "[\"0\",\"1\",\"3\",\"4\",\"6\",\"7\",\"9\",\"T\"]|8-28|448444"
    },
    { "x": 4850, "y": 500, "data": "[\"0\",\"1\",\"2\"]|3-1|210000" },
    { "x": 4700, "y": 650, "data": "[\"0\",\"1\",\"2\",\"7\"]|4-6|210021" },
    { "x": 4850, "y": 650, "data": "[\"0\",\"1\",\"2\",\"6\"]|4-5A|210111" },
    { "x": 4700, "y": 800, "data": "[\"0\",\"1\",\"2\",\"6\",\"8\"]|5-15|220222" },
    { "x": 4850, "y": 800, "data": "[\"0\",\"1\",\"2\",\"6\",\"7\"]|5-7A|310132" },
    { "x": 4850, "y": 950, "data": "[\"0\",\"1\",\"2\",\"6\",\"7\",\"8\"]|6-7|420243" },
    { "x": 5000, "y": 650, "data": "[\"0\",\"1\",\"2\",\"5\"]|4-4A|211110" },
    { "x": 5000, "y": 800, "data": "[\"0\",\"1\",\"2\",\"5\",\"8\"]|5-z38A|212221" },
    { "x": 5150, "y": 800, "data": "[\"0\",\"1\",\"2\",\"5\",\"7\"]|5-14A|221131" },
    { "x": 5000, "y": 950, "data": "[\"0\",\"1\",\"2\",\"5\",\"7\",\"9\"]|6-z48|232341" },
    { "x": 5150, "y": 950, "data": "[\"0\",\"1\",\"2\",\"5\",\"7\",\"8\"]|6-18A|322242" },
    { "x": 5300, "y": 800, "data": "[\"0\",\"1\",\"2\",\"5\",\"6\"]|5-6A|311221" },
    { "x": 5300, "y": 950, "data": "[\"0\",\"1\",\"2\",\"5\",\"6\",\"9\"]|6-z44A|313431" },
    { "x": 5450, "y": 950, "data": "[\"0\",\"1\",\"2\",\"5\",\"6\",\"8\"]|6-z43A|322332" },
    { "x": 5450, "y": 1100, "data": "[\"0\",\"1\",\"2\",\"5\",\"6\",\"8\",\"9\"]|7-22|424542" },
    { "x": 5600, "y": 950, "data": "[\"0\",\"1\",\"2\",\"5\",\"6\",\"7\"]|6-z6|421242" },
    { "x": 5600, "y": 1100, "data": "[\"0\",\"1\",\"2\",\"5\",\"6\",\"7\",\"9\"]|7-20A|433452" },
    { "x": 5900, "y": 650, "data": "[\"0\",\"1\",\"2\",\"4\"]|4-2A|221100" },
    { "x": 5900, "y": 800, "data": "[\"0\",\"1\",\"2\",\"4\",\"7\"]|5-z36A|222121" },
    { "x": 5750, "y": 950, "data": "[\"0\",\"1\",\"2\",\"4\",\"7\",\"9\"]|6-z47A|233241" },
    { "x": 5900, "y": 950, "data": "[\"0\",\"1\",\"2\",\"4\",\"7\",\"8\"]|6-z17A|322332" },
    { "x": 5750, "y": 800, "data": "[\"0\",\"1\",\"2\",\"4\",\"8\"]|5-13A|221311" },
    { "x": 6050, "y": 800, "data": "[\"0\",\"1\",\"2\",\"4\",\"6\"]|5-9A|231211" },
    { "x": 6050, "y": 950, "data": "[\"0\",\"1\",\"2\",\"4\",\"6\",\"9\"]|6-z46A|233331" },
    { "x": 6200, "y": 950, "data": "[\"0\",\"1\",\"2\",\"4\",\"6\",\"8\"]|6-22A|241422" },
    { "x": 6050, "y": 1100, "data": "[\"0\",\"1\",\"2\",\"4\",\"6\",\"8\",\"T\"]|7-33|262623" },
    { "x": 6200, "y": 1100, "data": "[\"0\",\"1\",\"2\",\"4\",\"6\",\"8\",\"9\"]|7-30A|343542" },
    { "x": 6350, "y": 950, "data": "[\"0\",\"1\",\"2\",\"4\",\"6\",\"7\"]|6-z12A|332232" },
    { "x": 6350, "y": 1100, "data": "[\"0\",\"1\",\"2\",\"4\",\"6\",\"7\",\"9\"]|7-29A|344352" },
    { "x": 6500, "y": 1100, "data": "[\"0\",\"1\",\"2\",\"4\",\"6\",\"7\",\"8\"]|7-15|442443" },
    {
      "x": 6500,
      "y": 1250,
      "data": "[\"0\",\"1\",\"2\",\"4\",\"6\",\"7\",\"8\",\"T\"]|8-25|464644"
    },
    { "x": 6650, "y": 800, "data": "[\"0\",\"1\",\"2\",\"4\",\"5\"]|5-3A|322210" },
    { "x": 6650, "y": 950, "data": "[\"0\",\"1\",\"2\",\"4\",\"5\",\"8\"]|6-15A|323421" },
    { "x": 6650, "y": 1100, "data": "[\"0\",\"1\",\"2\",\"4\",\"5\",\"8\",\"9\"]|7-21A|424641" },
    { "x": 6800, "y": 950, "data": "[\"0\",\"1\",\"2\",\"4\",\"5\",\"7\"]|6-z11A|333231" },
    { "x": 6950, "y": 1100, "data": "[\"0\",\"1\",\"2\",\"4\",\"5\",\"7\",\"8\"]|7-z38A|434442" },
    {
      "x": 6950,
      "y": 1250,
      "data": "[\"0\",\"1\",\"2\",\"4\",\"5\",\"7\",\"8\",\"T\"]|8-27A|456553"
    },
    {
      "x": 7100,
      "y": 1250,
      "data": "[\"0\",\"1\",\"2\",\"4\",\"5\",\"7\",\"8\",\"9\"]|8-20|545662"
    },
    { "x": 6800, "y": 1100, "data": "[\"0\",\"1\",\"2\",\"4\",\"5\",\"7\",\"9\"]|7-27A|344451" },
    { "x": 7100, "y": 950, "data": "[\"0\",\"1\",\"2\",\"4\",\"5\",\"6\"]|6-z4|432321" },
    { "x": 7100, "y": 1100, "data": "[\"0\",\"1\",\"2\",\"4\",\"5\",\"6\",\"9\"]|7-z17|434541" },
    { "x": 7250, "y": 1100, "data": "[\"0\",\"1\",\"2\",\"4\",\"5\",\"6\",\"8\"]|7-13A|443532" },
    {
      "x": 7250,
      "y": 1250,
      "data": "[\"0\",\"1\",\"2\",\"4\",\"5\",\"6\",\"8\",\"T\"]|8-24|464743"
    },
    {
      "x": 7400,
      "y": 1250,
      "data": "[\"0\",\"1\",\"2\",\"4\",\"5\",\"6\",\"8\",\"9\"]|8-19A|545752"
    },
    {
      "x": 7400,
      "y": 1400,
      "data": "[\"0\",\"1\",\"2\",\"4\",\"5\",\"6\",\"8\",\"9\",\"T\"]|9-12|666963"
    },
    { "x": 7550, "y": 650, "data": "[\"0\",\"1\",\"2\",\"3\"]|4-1|321000" },
    { "x": 7250, "y": 800, "data": "[\"0\",\"1\",\"2\",\"3\",\"7\"]|5-5A|321121" },
    { "x": 7250, "y": 950, "data": "[\"0\",\"1\",\"2\",\"3\",\"7\",\"8\"]|6-z38|421242" },
    { "x": 7550, "y": 800, "data": "[\"0\",\"1\",\"2\",\"3\",\"6\"]|5-4A|322111" },
    { "x": 7400, "y": 950, "data": "[\"0\",\"1\",\"2\",\"3\",\"6\",\"9\"]|6-z42|324222" },
    { "x": 7550, "y": 950, "data": "[\"0\",\"1\",\"2\",\"3\",\"6\",\"8\"]|6-z41A|332232" },
    { "x": 7700, "y": 950, "data": "[\"0\",\"1\",\"2\",\"3\",\"6\",\"7\"]|6-5A|422232" },
    { "x": 7550, "y": 1100, "data": "[\"0\",\"1\",\"2\",\"3\",\"6\",\"7\",\"9\"]|7-19A|434343" },
    { "x": 7700, "y": 1100, "data": "[\"0\",\"1\",\"2\",\"3\",\"6\",\"7\",\"8\"]|7-7A|532353" },
    {
      "x": 7700,
      "y": 1250,
      "data": "[\"0\",\"1\",\"2\",\"3\",\"6\",\"7\",\"8\",\"9\"]|8-9|644464"
    },
    { "x": 7850, "y": 800, "data": "[\"0\",\"1\",\"2\",\"3\",\"5\"]|5-2A|332110" },
    { "x": 7850, "y": 950, "data": "[\"0\",\"1\",\"2\",\"3\",\"5\",\"8\"]|6-z40A|333231" },
    { "x": 8000, "y": 950, "data": "[\"0\",\"1\",\"2\",\"3\",\"5\",\"7\"]|6-9A|342231" },
    { "x": 7850, "y": 1100, "data": "[\"0\",\"1\",\"2\",\"3\",\"5\",\"7\",\"9\"]|7-24A|353442" },
    { "x": 8000, "y": 1100, "data": "[\"0\",\"1\",\"2\",\"3\",\"5\",\"7\",\"8\"]|7-14A|443352" },
    {
      "x": 7850,
      "y": 1250,
      "data": "[\"0\",\"1\",\"2\",\"3\",\"5\",\"7\",\"8\",\"T\"]|8-23|465472"
    },
    {
      "x": 8000,
      "y": 1250,
      "data": "[\"0\",\"1\",\"2\",\"3\",\"5\",\"7\",\"8\",\"9\"]|8-16A|554563"
    },
    { "x": 8300, "y": 950, "data": "[\"0\",\"1\",\"2\",\"3\",\"5\",\"6\"]|6-z3A|433221" },
    { "x": 8300, "y": 1100, "data": "[\"0\",\"1\",\"2\",\"3\",\"5\",\"6\",\"8\"]|7-z36A|444342" },
    {
      "x": 8150,
      "y": 1250,
      "data": "[\"0\",\"1\",\"2\",\"3\",\"5\",\"6\",\"8\",\"T\"]|8-22A|465562"
    },
    {
      "x": 8300,
      "y": 1250,
      "data": "[\"0\",\"1\",\"2\",\"3\",\"5\",\"6\",\"8\",\"9\"]|8-18A|546553"
    },
    { "x": 8150, "y": 1100, "data": "[\"0\",\"1\",\"2\",\"3\",\"5\",\"6\",\"9\"]|7-16A|435432" },
    { "x": 8450, "y": 1100, "data": "[\"0\",\"1\",\"2\",\"3\",\"5\",\"6\",\"7\"]|7-5A|543342" },
    {
      "x": 8450,
      "y": 1250,
      "data": "[\"0\",\"1\",\"2\",\"3\",\"5\",\"6\",\"7\",\"9\"]|8-z29A|555553"
    },
    {
      "x": 8450,
      "y": 1400,
      "data": "[\"0\",\"1\",\"2\",\"3\",\"5\",\"6\",\"7\",\"9\",\"T\"]|9-11A|667773"
    },
    {
      "x": 8600,
      "y": 1250,
      "data": "[\"0\",\"1\",\"2\",\"3\",\"5\",\"6\",\"7\",\"8\"]|8-6|654463"
    },
    {
      "x": 8600,
      "y": 1400,
      "data": "[\"0\",\"1\",\"2\",\"3\",\"5\",\"6\",\"7\",\"8\",\"T\"]|9-9|676683"
    },
    { "x": 8750, "y": 800, "data": "[\"0\",\"1\",\"2\",\"3\",\"4\"]|5-1|432100" },
    { "x": 8600, "y": 950, "data": "[\"0\",\"1\",\"2\",\"3\",\"4\",\"8\"]|6-z37|432321" },
    { "x": 8750, "y": 950, "data": "[\"0\",\"1\",\"2\",\"3\",\"4\",\"7\"]|6-z36A|433221" },
    { "x": 8600, "y": 1100, "data": "[\"0\",\"1\",\"2\",\"3\",\"4\",\"7\",\"9\"]|7-z12|444342" },
    { "x": 8750, "y": 1100, "data": "[\"0\",\"1\",\"2\",\"3\",\"4\",\"7\",\"8\"]|7-6A|533442" },
    {
      "x": 8750,
      "y": 1250,
      "data": "[\"0\",\"1\",\"2\",\"3\",\"4\",\"7\",\"8\",\"9\"]|8-8|644563"
    },
    { "x": 8900, "y": 950, "data": "[\"0\",\"1\",\"2\",\"3\",\"4\",\"6\"]|6-2A|443211" },
    { "x": 8900, "y": 1100, "data": "[\"0\",\"1\",\"2\",\"3\",\"4\",\"6\",\"9\"]|7-10A|445332" },
    { "x": 9050, "y": 1100, "data": "[\"0\",\"1\",\"2\",\"3\",\"4\",\"6\",\"8\"]|7-9A|453432" },
    {
      "x": 8900,
      "y": 1250,
      "data": "[\"0\",\"1\",\"2\",\"3\",\"4\",\"6\",\"8\",\"T\"]|8-21|474643"
    },
    {
      "x": 9050,
      "y": 1250,
      "data": "[\"0\",\"1\",\"2\",\"3\",\"4\",\"6\",\"8\",\"9\"]|8-z15A|555553"
    },
    { "x": 9200, "y": 1100, "data": "[\"0\",\"1\",\"2\",\"3\",\"4\",\"6\",\"7\"]|7-4A|544332" },
    {
      "x": 9200,
      "y": 1250,
      "data": "[\"0\",\"1\",\"2\",\"3\",\"4\",\"6\",\"7\",\"9\"]|8-13A|556453"
    },
    {
      "x": 9200,
      "y": 1400,
      "data": "[\"0\",\"1\",\"2\",\"3\",\"4\",\"6\",\"7\",\"9\",\"T\"]|9-10|668664"
    },
    {
      "x": 9350,
      "y": 1250,
      "data": "[\"0\",\"1\",\"2\",\"3\",\"4\",\"6\",\"7\",\"8\"]|8-5A|654553"
    },
    {
      "x": 9350,
      "y": 1400,
      "data": "[\"0\",\"1\",\"2\",\"3\",\"4\",\"6\",\"7\",\"8\",\"T\"]|9-8A|676764"
    },
    {
      "x": 9500,
      "y": 1400,
      "data": "[\"0\",\"1\",\"2\",\"3\",\"4\",\"6\",\"7\",\"8\",\"9\"]|9-5A|766674"
    },
    {
      "x": 9500,
      "y": 1550,
      "data": "[\"0\",\"1\",\"2\",\"3\",\"4\",\"6\",\"7\",\"8\",\"9\",\"T\"]|10-6|888885"
    },
    { "x": 9500, "y": 950, "data": "[\"0\",\"1\",\"2\",\"3\",\"4\",\"5\"]|6-1|543210" },
    { "x": 9500, "y": 1100, "data": "[\"0\",\"1\",\"2\",\"3\",\"4\",\"5\",\"8\"]|7-3A|544431" },
    {
      "x": 9500,
      "y": 1250,
      "data": "[\"0\",\"1\",\"2\",\"3\",\"4\",\"5\",\"8\",\"9\"]|8-7|645652"
    },
    { "x": 9650, "y": 1100, "data": "[\"0\",\"1\",\"2\",\"3\",\"4\",\"5\",\"7\"]|7-2A|554331" },
    {
      "x": 9650,
      "y": 1250,
      "data": "[\"0\",\"1\",\"2\",\"3\",\"4\",\"5\",\"7\",\"9\"]|8-11A|565552"
    },
    {
      "x": 9800,
      "y": 1250,
      "data": "[\"0\",\"1\",\"2\",\"3\",\"4\",\"5\",\"7\",\"8\"]|8-4A|655552"
    },
    {
      "x": 9650,
      "y": 1400,
      "data": "[\"0\",\"1\",\"2\",\"3\",\"4\",\"5\",\"7\",\"8\",\"T\"]|9-7A|677673"
    },
    {
      "x": 9800,
      "y": 1400,
      "data": "[\"0\",\"1\",\"2\",\"3\",\"4\",\"5\",\"7\",\"8\",\"9\"]|9-4A|766773"
    },
    {
      "x": 9800,
      "y": 1550,
      "data": "[\"0\",\"1\",\"2\",\"3\",\"4\",\"5\",\"7\",\"8\",\"9\",\"T\"]|10-5|888894"
    },
    { "x": 9950, "y": 1100, "data": "[\"0\",\"1\",\"2\",\"3\",\"4\",\"5\",\"6\"]|7-1|654321" },
    {
      "x": 9950,
      "y": 1250,
      "data": "[\"0\",\"1\",\"2\",\"3\",\"4\",\"5\",\"6\",\"9\"]|8-3|656542"
    },
    {
      "x": 10100,
      "y": 1250,
      "data": "[\"0\",\"1\",\"2\",\"3\",\"4\",\"5\",\"6\",\"8\"]|8-2A|665542"
    },
    {
      "x": 9950,
      "y": 1400,
      "data": "[\"0\",\"1\",\"2\",\"3\",\"4\",\"5\",\"6\",\"8\",\"T\"]|9-6|686763"
    },
    {
      "x": 10100,
      "y": 1400,
      "data": "[\"0\",\"1\",\"2\",\"3\",\"4\",\"5\",\"6\",\"8\",\"9\"]|9-3A|767763"
    },
    {
      "x": 10100,
      "y": 1550,
      "data": "[\"0\",\"1\",\"2\",\"3\",\"4\",\"5\",\"6\",\"8\",\"9\",\"T\"]|10-4|888984"
    },
    {
      "x": 10250,
      "y": 1250,
      "data": "[\"0\",\"1\",\"2\",\"3\",\"4\",\"5\",\"6\",\"7\"]|8-1|765442"
    },
    {
      "x": 10250,
      "y": 1400,
      "data": "[\"0\",\"1\",\"2\",\"3\",\"4\",\"5\",\"6\",\"7\",\"9\"]|9-2A|777663"
    },
    {
      "x": 10250,
      "y": 1550,
      "data": "[\"0\",\"1\",\"2\",\"3\",\"4\",\"5\",\"6\",\"7\",\"9\",\"T\"]|10-3|889884"
    },
    {
      "x": 10400,
      "y": 1400,
      "data": "[\"0\",\"1\",\"2\",\"3\",\"4\",\"5\",\"6\",\"7\",\"8\"]|9-1|876663"
    },
    {
      "x": 10400,
      "y": 1550,
      "data": "[\"0\",\"1\",\"2\",\"3\",\"4\",\"5\",\"6\",\"7\",\"8\",\"T\"]|10-2|898884"
    },
    {
      "x": 10550,
      "y": 1550,
      "data": "[\"0\",\"1\",\"2\",\"3\",\"4\",\"5\",\"6\",\"7\",\"8\",\"9\"]|10-1|988884"
    },
    {
      "x": 10550,
      "y": 1700,
      "data": "[\"0\",\"1\",\"2\",\"3\",\"4\",\"5\",\"6\",\"7\",\"8\",\"9\",\"T\"]|11-1|5"
    },
    {
      "x": 10550,
      "y": 1850,
      "data": "[\"0\",\"1\",\"2\",\"3\",\"4\",\"5\",\"6\",\"7\",\"8\",\"9\",\"T\",\"E\"]|12-1|6"
    },
    { "x": 2900, "y": 200, "data": "[\"0\",\"2\",\"3\",\"5\",\"7\"]|5-23A|132130" },
    { "x": 2750, "y": 50, "data": "[\"0\",\"2\",\"3\",\"5\"]|4-10|122010" },
    { "x": 2750, "y": 200, "data": "[\"0\",\"2\",\"3\",\"5\",\"8\"]|5-25A|123121" },
    { "x": 2900, "y": 350, "data": "[\"0\",\"2\",\"3\",\"5\",\"7\",\"9\"]|6-33A|143241" },
    { "x": 350, "y": 200, "data": "[\"0\",\"2\",\"3\",\"6\",\"8\"]|5-28A|122212" },
    { "x": 350, "y": 50, "data": "[\"0\",\"2\",\"3\",\"6\"]|4-12A|112101" },
    { "x": 2600, "y": 200, "data": "[\"0\",\"2\",\"3\",\"4\",\"6\",\"8\"]|6-21A|242412" },
    { "x": 2450, "y": 50, "data": "[\"0\",\"2\",\"3\",\"4\",\"6\"]|5-8|232201" },
    { "x": 2450, "y": 200, "data": "[\"0\",\"2\",\"3\",\"4\",\"6\",\"9\"]|6-z45|234222" },
    { "x": 200, "y": 200, "data": "[\"0\",\"2\",\"3\",\"4\",\"5\",\"7\",\"9\"]|7-23A|354351" },
    { "x": 200, "y": 50, "data": "[\"0\",\"2\",\"3\",\"4\",\"5\",\"7\"]|6-8|343230" },
    { "x": 2150, "y": 200, "data": "[\"0\",\"1\",\"3\",\"4\",\"5\",\"7\",\"9\"]|7-26A|344532" },
    { "x": 2300, "y": 50, "data": "[\"0\",\"1\",\"3\",\"4\",\"5\",\"7\"]|6-z10A|333321" },
    { "x": 2300, "y": 200, "data": "[\"0\",\"1\",\"3\",\"4\",\"5\",\"7\",\"8\"]|7-z37|434541" },
    {
      "x": 2300,
      "y": 350,
      "data": "[\"0\",\"1\",\"3\",\"4\",\"5\",\"7\",\"8\",\"T\"]|8-26|456562"
    },
    { "x": 50, "y": 200, "data": "[\"0\",\"1\",\"3\",\"4\",\"5\",\"6\",\"8\",\"9\"]|8-17|546652" },
    { "x": 50, "y": 50, "data": "[\"0\",\"1\",\"3\",\"4\",\"5\",\"6\",\"8\"]|7-11A|444441" }
  ],
  "links": [
    {
      "source": 0,
      "target": 25,
      "points": [
        [549.7946603233852, 204.52678730212594],
        [2100.2053396766146, 345.4732126978741]
      ],
      "data": { "source": "[\"0\"]|1-1|000000", "target": "[\"0\",\"1\"]|2-1|100000" }
    },
    {
      "source": 0,
      "target": 10,
      "points": [
        [547.4341649025257, 215.81138830084188],
        [902.5658350974743, 334.1886116991581]
      ],
      "data": { "source": "[\"0\"]|1-1|000000", "target": "[\"0\",\"2\"]|2-2|010000" }
    },
    {
      "source": 0,
      "target": 6,
      "points": [
        [535.3553390593274, 235.35533905932738],
        [614.6446609406727, 314.6446609406726]
      ],
      "data": { "source": "[\"0\"]|1-1|000000", "target": "[\"0\",\"3\"]|2-3|001000" }
    },
    {
      "source": 0,
      "target": 4,
      "points": [
        [500, 250],
        [500, 300]
      ],
      "data": { "source": "[\"0\"]|1-1|000000", "target": "[\"0\",\"4\"]|2-4|000100" }
    },
    {
      "source": 0,
      "target": 3,
      "points": [
        [464.6446609406726, 235.35533905932738],
        [385.3553390593274, 314.6446609406726]
      ],
      "data": { "source": "[\"0\"]|1-1|000000", "target": "[\"0\",\"5\"]|2-5|000010" }
    },
    {
      "source": 0,
      "target": 2,
      "points": [
        [455.2786404500042, 222.3606797749979],
        [244.72135954999578, 327.6393202250021]
      ],
      "data": { "source": "[\"0\"]|1-1|000000", "target": "[\"0\",\"6\"]|2-6|000001" }
    },
    {
      "source": 1,
      "target": 0,
      "points": [
        [500, 100],
        [500, 150]
      ],
      "data": { "source": "[\"\"]|0-1|000000", "target": "[\"0\"]|1-1|000000" }
    },
    {
      "source": 4,
      "target": 5,
      "points": [
        [464.6446609406726, 385.3553390593274],
        [385.3553390593274, 464.6446609406726]
      ],
      "data": { "source": "[\"0\",\"4\"]|2-4|000100", "target": "[\"0\",\"4\",\"8\"]|3-12|000300" }
    },
    {
      "source": 6,
      "target": 8,
      "points": [
        [650, 400],
        [650, 450]
      ],
      "data": { "source": "[\"0\",\"3\"]|2-3|001000", "target": "[\"0\",\"3\",\"6\"]|3-10|002001" }
    },
    {
      "source": 6,
      "target": 7,
      "points": [
        [614.6446609406726, 385.3553390593274],
        [535.3553390593273, 464.6446609406726]
      ],
      "data": { "source": "[\"0\",\"3\"]|2-3|001000", "target": "[\"0\",\"3\",\"7\"]|3-11A|001110" }
    },
    {
      "source": 8,
      "target": 9,
      "points": [
        [650, 550],
        [650, 600]
      ],
      "data": {
        "source": "[\"0\",\"3\",\"6\"]|3-10|002001",
        "target": "[\"0\",\"3\",\"6\",\"9\"]|4-28|004002"
      }
    },
    {
      "source": 10,
      "target": 17,
      "points": [
        [997.4341649025257, 365.8113883008419],
        [1352.5658350974743, 484.1886116991581]
      ],
      "data": { "source": "[\"0\",\"2\"]|2-2|010000", "target": "[\"0\",\"2\",\"4\"]|3-6|020100" }
    },
    {
      "source": 10,
      "target": 14,
      "points": [
        [985.3553390593274, 385.3553390593274],
        [1064.6446609406726, 464.6446609406726]
      ],
      "data": { "source": "[\"0\",\"2\"]|2-2|010000", "target": "[\"0\",\"2\",\"5\"]|3-7A|011010" }
    },
    {
      "source": 10,
      "target": 12,
      "points": [
        [950, 400],
        [950, 450]
      ],
      "data": { "source": "[\"0\",\"2\"]|2-2|010000", "target": "[\"0\",\"2\",\"6\"]|3-8A|010101" }
    },
    {
      "source": 10,
      "target": 11,
      "points": [
        [914.6446609406726, 385.3553390593274],
        [835.3553390593273, 464.6446609406726]
      ],
      "data": { "source": "[\"0\",\"2\"]|2-2|010000", "target": "[\"0\",\"2\",\"7\"]|3-9|010020" }
    },
    {
      "source": 12,
      "target": 13,
      "points": [
        [914.6446609406726, 535.3553390593274],
        [835.3553390593274, 614.6446609406726]
      ],
      "data": {
        "source": "[\"0\",\"2\",\"6\"]|3-8A|010101",
        "target": "[\"0\",\"2\",\"6\",\"8\"]|4-25|020202"
      }
    },
    {
      "source": 14,
      "target": 16,
      "points": [
        [1100, 550],
        [1100, 600]
      ],
      "data": {
        "source": "[\"0\",\"2\",\"5\"]|3-7A|011010",
        "target": "[\"0\",\"2\",\"5\",\"7\"]|4-23|021030"
      }
    },
    {
      "source": 14,
      "target": 15,
      "points": [
        [1064.6446609406726, 535.3553390593274],
        [985.3553390593274, 614.6446609406726]
      ],
      "data": {
        "source": "[\"0\",\"2\",\"5\"]|3-7A|011010",
        "target": "[\"0\",\"2\",\"5\",\"8\"]|4-27A|012111"
      }
    },
    {
      "source": 17,
      "target": 21,
      "points": [
        [1435.3553390593274, 535.3553390593274],
        [1514.6446609406726, 614.6446609406726]
      ],
      "data": {
        "source": "[\"0\",\"2\",\"4\"]|3-6|020100",
        "target": "[\"0\",\"2\",\"4\",\"6\"]|4-21|030201"
      }
    },
    {
      "source": 17,
      "target": 19,
      "points": [
        [1400, 550],
        [1400, 600]
      ],
      "data": {
        "source": "[\"0\",\"2\",\"4\"]|3-6|020100",
        "target": "[\"0\",\"2\",\"4\",\"7\"]|4-22A|021120"
      }
    },
    {
      "source": 17,
      "target": 18,
      "points": [
        [1364.6446609406726, 535.3553390593274],
        [1285.3553390593274, 614.6446609406726]
      ],
      "data": {
        "source": "[\"0\",\"2\",\"4\"]|3-6|020100",
        "target": "[\"0\",\"2\",\"4\",\"8\"]|4-24|020301"
      }
    },
    {
      "source": 19,
      "target": 20,
      "points": [
        [1400, 700],
        [1400, 750]
      ],
      "data": {
        "source": "[\"0\",\"2\",\"4\",\"7\"]|4-22A|021120",
        "target": "[\"0\",\"2\",\"4\",\"7\",\"9\"]|5-35|032140"
      }
    },
    {
      "source": 21,
      "target": 23,
      "points": [
        [1585.3553390593274, 685.3553390593274],
        [1664.6446609406726, 764.6446609406726]
      ],
      "data": {
        "source": "[\"0\",\"2\",\"4\",\"6\"]|4-21|030201",
        "target": "[\"0\",\"2\",\"4\",\"6\",\"8\"]|5-33|040402"
      }
    },
    {
      "source": 21,
      "target": 22,
      "points": [
        [1550, 700],
        [1550, 750]
      ],
      "data": {
        "source": "[\"0\",\"2\",\"4\",\"6\"]|4-21|030201",
        "target": "[\"0\",\"2\",\"4\",\"6\",\"9\"]|5-34|032221"
      }
    },
    {
      "source": 23,
      "target": 24,
      "points": [
        [1700, 850],
        [1700, 900]
      ],
      "data": {
        "source": "[\"0\",\"2\",\"4\",\"6\",\"8\"]|5-33|040402",
        "target": "[\"0\",\"2\",\"4\",\"6\",\"8\",\"T\"]|6-35|060603"
      }
    },
    {
      "source": 25,
      "target": 74,
      "points": [
        [2199.9230176602705, 352.7735009811261],
        [4800.0769823397295, 497.2264990188739]
      ],
      "data": { "source": "[\"0\",\"1\"]|2-1|100000", "target": "[\"0\",\"1\",\"2\"]|3-1|210000" }
    },
    {
      "source": 25,
      "target": 45,
      "points": [
        [2199.4974746830585, 357.0710678118655],
        [3150.5025253169415, 492.9289321881345]
      ],
      "data": { "source": "[\"0\",\"1\"]|2-1|100000", "target": "[\"0\",\"1\",\"3\"]|3-2A|111000" }
    },
    {
      "source": 25,
      "target": 33,
      "points": [
        [2194.7213595499957, 372.3606797749979],
        [2405.2786404500043, 477.6393202250021]
      ],
      "data": { "source": "[\"0\",\"1\"]|2-1|100000", "target": "[\"0\",\"1\",\"4\"]|3-3A|101100" }
    },
    {
      "source": 25,
      "target": 28,
      "points": [
        [2150, 400],
        [2150, 450]
      ],
      "data": { "source": "[\"0\",\"1\"]|2-1|100000", "target": "[\"0\",\"1\",\"5\"]|3-4A|100110" }
    },
    {
      "source": 25,
      "target": 26,
      "points": [
        [2102.5658350974745, 365.8113883008419],
        [1747.4341649025257, 484.1886116991581]
      ],
      "data": { "source": "[\"0\",\"1\"]|2-1|100000", "target": "[\"0\",\"1\",\"6\"]|3-5A|100011" }
    },
    {
      "source": 26,
      "target": 27,
      "points": [
        [1700, 550],
        [1700, 600]
      ],
      "data": {
        "source": "[\"0\",\"1\",\"6\"]|3-5A|100011",
        "target": "[\"0\",\"1\",\"6\",\"7\"]|4-9|200022"
      }
    },
    {
      "source": 28,
      "target": 31,
      "points": [
        [2150, 550],
        [2150, 600]
      ],
      "data": {
        "source": "[\"0\",\"1\",\"5\"]|3-4A|100110",
        "target": "[\"0\",\"1\",\"5\",\"6\"]|4-8|200121"
      }
    },
    {
      "source": 28,
      "target": 30,
      "points": [
        [2114.6446609406726, 535.3553390593274],
        [2035.3553390593274, 614.6446609406726]
      ],
      "data": {
        "source": "[\"0\",\"1\",\"5\"]|3-4A|100110",
        "target": "[\"0\",\"1\",\"5\",\"7\"]|4-16A|110121"
      }
    },
    {
      "source": 28,
      "target": 29,
      "points": [
        [2105.2786404500043, 522.360679774998],
        [1894.721359549996, 627.6393202250022]
      ],
      "data": {
        "source": "[\"0\",\"1\",\"5\"]|3-4A|100110",
        "target": "[\"0\",\"1\",\"5\",\"8\"]|4-20|101220"
      }
    },
    {
      "source": 31,
      "target": 32,
      "points": [
        [2150, 700],
        [2150, 750]
      ],
      "data": {
        "source": "[\"0\",\"1\",\"5\",\"6\"]|4-8|200121",
        "target": "[\"0\",\"1\",\"5\",\"6\",\"8\"]|5-20A|211231"
      }
    },
    {
      "source": 33,
      "target": 40,
      "points": [
        [2494.7213595499957, 522.360679774998],
        [2705.2786404500043, 627.6393202250022]
      ],
      "data": {
        "source": "[\"0\",\"1\",\"4\"]|3-3A|101100",
        "target": "[\"0\",\"1\",\"4\",\"5\"]|4-7|201210"
      }
    },
    {
      "source": 33,
      "target": 37,
      "points": [
        [2485.3553390593274, 535.3553390593274],
        [2564.6446609406726, 614.6446609406726]
      ],
      "data": {
        "source": "[\"0\",\"1\",\"4\"]|3-3A|101100",
        "target": "[\"0\",\"1\",\"4\",\"6\"]|4-z15A|111111"
      }
    },
    {
      "source": 33,
      "target": 35,
      "points": [
        [2450, 550],
        [2450, 600]
      ],
      "data": {
        "source": "[\"0\",\"1\",\"4\"]|3-3A|101100",
        "target": "[\"0\",\"1\",\"4\",\"7\"]|4-18A|102111"
      }
    },
    {
      "source": 33,
      "target": 34,
      "points": [
        [2414.6446609406726, 535.3553390593274],
        [2335.3553390593274, 614.6446609406726]
      ],
      "data": {
        "source": "[\"0\",\"1\",\"4\"]|3-3A|101100",
        "target": "[\"0\",\"1\",\"4\",\"8\"]|4-19A|101310"
      }
    },
    {
      "source": 35,
      "target": 36,
      "points": [
        [2414.6446609406726, 685.3553390593274],
        [2335.3553390593274, 764.6446609406726]
      ],
      "data": {
        "source": "[\"0\",\"1\",\"4\",\"7\"]|4-18A|102111",
        "target": "[\"0\",\"1\",\"4\",\"7\",\"8\"]|5-22|202321"
      }
    },
    {
      "source": 37,
      "target": 39,
      "points": [
        [2600, 700],
        [2600, 750]
      ],
      "data": {
        "source": "[\"0\",\"1\",\"4\",\"6\"]|4-z15A|111111",
        "target": "[\"0\",\"1\",\"4\",\"6\",\"8\"]|5-30A|121321"
      }
    },
    {
      "source": 37,
      "target": 38,
      "points": [
        [2564.6446609406726, 685.3553390593274],
        [2485.3553390593274, 764.6446609406726]
      ],
      "data": {
        "source": "[\"0\",\"1\",\"4\",\"6\"]|4-z15A|111111",
        "target": "[\"0\",\"1\",\"4\",\"6\",\"9\"]|5-32A|113221"
      }
    },
    {
      "source": 40,
      "target": 43,
      "points": [
        [2785.3553390593274, 685.3553390593274],
        [2864.6446609406726, 764.6446609406726]
      ],
      "data": {
        "source": "[\"0\",\"1\",\"4\",\"5\"]|4-7|201210",
        "target": "[\"0\",\"1\",\"4\",\"5\",\"7\"]|5-z18A|212221"
      }
    },
    {
      "source": 40,
      "target": 41,
      "points": [
        [2750, 700],
        [2750, 750]
      ],
      "data": {
        "source": "[\"0\",\"1\",\"4\",\"5\"]|4-7|201210",
        "target": "[\"0\",\"1\",\"4\",\"5\",\"8\"]|5-21A|202420"
      }
    },
    {
      "source": 41,
      "target": 42,
      "points": [
        [2750, 850],
        [2750, 900]
      ],
      "data": {
        "source": "[\"0\",\"1\",\"4\",\"5\",\"8\"]|5-21A|202420",
        "target": "[\"0\",\"1\",\"4\",\"5\",\"8\",\"9\"]|6-20|303630"
      }
    },
    {
      "source": 43,
      "target": 44,
      "points": [
        [2900, 850],
        [2900, 900]
      ],
      "data": {
        "source": "[\"0\",\"1\",\"4\",\"5\",\"7\"]|5-z18A|212221",
        "target": "[\"0\",\"1\",\"4\",\"5\",\"7\",\"9\"]|6-31A|223431"
      }
    },
    {
      "source": 45,
      "target": 61,
      "points": [
        [3249.3196961916074, 508.21994936526784],
        [4050.6803038083926, 641.7800506347321]
      ],
      "data": {
        "source": "[\"0\",\"1\",\"3\"]|3-2A|111000",
        "target": "[\"0\",\"1\",\"3\",\"4\"]|4-3|212100"
      }
    },
    {
      "source": 45,
      "target": 52,
      "points": [
        [3244.7213595499957, 522.360679774998],
        [3455.2786404500043, 627.6393202250022]
      ],
      "data": {
        "source": "[\"0\",\"1\",\"3\"]|3-2A|111000",
        "target": "[\"0\",\"1\",\"3\",\"5\"]|4-11A|121110"
      }
    },
    {
      "source": 45,
      "target": 47,
      "points": [
        [3200, 550],
        [3200, 600]
      ],
      "data": {
        "source": "[\"0\",\"1\",\"3\"]|3-2A|111000",
        "target": "[\"0\",\"1\",\"3\",\"6\"]|4-13A|112011"
      }
    },
    {
      "source": 45,
      "target": 46,
      "points": [
        [3164.6446609406726, 535.3553390593274],
        [3085.3553390593274, 614.6446609406726]
      ],
      "data": {
        "source": "[\"0\",\"1\",\"3\"]|3-2A|111000",
        "target": "[\"0\",\"1\",\"3\",\"7\"]|4-z29A|111111"
      }
    },
    {
      "source": 47,
      "target": 50,
      "points": [
        [3235.3553390593274, 685.3553390593274],
        [3314.6446609406726, 764.6446609406726]
      ],
      "data": {
        "source": "[\"0\",\"1\",\"3\",\"6\"]|4-13A|112011",
        "target": "[\"0\",\"1\",\"3\",\"6\",\"7\"]|5-19A|212122"
      }
    },
    {
      "source": 47,
      "target": 49,
      "points": [
        [3200, 700],
        [3200, 750]
      ],
      "data": {
        "source": "[\"0\",\"1\",\"3\",\"6\"]|4-13A|112011",
        "target": "[\"0\",\"1\",\"3\",\"6\",\"8\"]|5-29A|122131"
      }
    },
    {
      "source": 47,
      "target": 48,
      "points": [
        [3164.6446609406726, 685.3553390593274],
        [3085.3553390593274, 764.6446609406726]
      ],
      "data": {
        "source": "[\"0\",\"1\",\"3\",\"6\"]|4-13A|112011",
        "target": "[\"0\",\"1\",\"3\",\"6\",\"9\"]|5-31A|114112"
      }
    },
    {
      "source": 50,
      "target": 51,
      "points": [
        [3350, 850],
        [3350, 900]
      ],
      "data": {
        "source": "[\"0\",\"1\",\"3\",\"6\",\"7\"]|5-19A|212122",
        "target": "[\"0\",\"1\",\"3\",\"6\",\"7\",\"9\"]|6-30A|224223"
      }
    },
    {
      "source": 52,
      "target": 57,
      "points": [
        [3544.7213595499957, 672.360679774998],
        [3755.2786404500043, 777.6393202250022]
      ],
      "data": {
        "source": "[\"0\",\"1\",\"3\",\"5\"]|4-11A|121110",
        "target": "[\"0\",\"1\",\"3\",\"5\",\"6\"]|5-z12|222121"
      }
    },
    {
      "source": 52,
      "target": 54,
      "points": [
        [3535.3553390593274, 685.3553390593274],
        [3614.6446609406726, 764.6446609406726]
      ],
      "data": {
        "source": "[\"0\",\"1\",\"3\",\"5\"]|4-11A|121110",
        "target": "[\"0\",\"1\",\"3\",\"5\",\"7\"]|5-24A|131221"
      }
    },
    {
      "source": 52,
      "target": 53,
      "points": [
        [3500, 700],
        [3500, 750]
      ],
      "data": {
        "source": "[\"0\",\"1\",\"3\",\"5\"]|4-11A|121110",
        "target": "[\"0\",\"1\",\"3\",\"5\",\"8\"]|5-27A|122230"
      }
    },
    {
      "source": 54,
      "target": 56,
      "points": [
        [3650, 850],
        [3650, 900]
      ],
      "data": {
        "source": "[\"0\",\"1\",\"3\",\"5\",\"7\"]|5-24A|131221",
        "target": "[\"0\",\"1\",\"3\",\"5\",\"7\",\"8\"]|6-z26|232341"
      }
    },
    {
      "source": 54,
      "target": 55,
      "points": [
        [3614.6446609406726, 835.3553390593274],
        [3535.3553390593274, 914.6446609406726]
      ],
      "data": {
        "source": "[\"0\",\"1\",\"3\",\"5\",\"7\"]|5-24A|131221",
        "target": "[\"0\",\"1\",\"3\",\"5\",\"7\",\"9\"]|6-34A|142422"
      }
    },
    {
      "source": 57,
      "target": 59,
      "points": [
        [3835.3553390593274, 835.3553390593274],
        [3914.6446609406726, 914.6446609406726]
      ],
      "data": {
        "source": "[\"0\",\"1\",\"3\",\"5\",\"6\"]|5-z12|222121",
        "target": "[\"0\",\"1\",\"3\",\"5\",\"6\",\"8\"]|6-z25A|233241"
      }
    },
    {
      "source": 57,
      "target": 58,
      "points": [
        [3800, 850],
        [3800, 900]
      ],
      "data": {
        "source": "[\"0\",\"1\",\"3\",\"5\",\"6\"]|5-z12|222121",
        "target": "[\"0\",\"1\",\"3\",\"5\",\"6\",\"9\"]|6-z28|224322"
      }
    },
    {
      "source": 59,
      "target": 60,
      "points": [
        [3950, 1000],
        [3950, 1050]
      ],
      "data": {
        "source": "[\"0\",\"1\",\"3\",\"5\",\"6\",\"8\"]|6-z25A|233241",
        "target": "[\"0\",\"1\",\"3\",\"5\",\"6\",\"8\",\"T\"]|7-35|254361"
      }
    },
    {
      "source": 61,
      "target": 66,
      "points": [
        [4144.721359549996, 672.360679774998],
        [4355.278640450004, 777.639320225002]
      ],
      "data": {
        "source": "[\"0\",\"1\",\"3\",\"4\"]|4-3|212100",
        "target": "[\"0\",\"1\",\"3\",\"4\",\"6\"]|5-10A|223111"
      }
    },
    {
      "source": 61,
      "target": 63,
      "points": [
        [4135.355339059327, 685.3553390593274],
        [4214.644660940672, 764.6446609406727]
      ],
      "data": {
        "source": "[\"0\",\"1\",\"3\",\"4\"]|4-3|212100",
        "target": "[\"0\",\"1\",\"3\",\"4\",\"7\"]|5-16A|213211"
      }
    },
    {
      "source": 61,
      "target": 62,
      "points": [
        [4100, 700],
        [4100, 750]
      ],
      "data": {
        "source": "[\"0\",\"1\",\"3\",\"4\"]|4-3|212100",
        "target": "[\"0\",\"1\",\"3\",\"4\",\"8\"]|5-z17|212320"
      }
    },
    {
      "source": 63,
      "target": 65,
      "points": [
        [4250, 850],
        [4250, 900]
      ],
      "data": {
        "source": "[\"0\",\"1\",\"3\",\"4\",\"7\"]|5-16A|213211",
        "target": "[\"0\",\"1\",\"3\",\"4\",\"7\",\"8\"]|6-z19A|313431"
      }
    },
    {
      "source": 63,
      "target": 64,
      "points": [
        [4214.644660940673, 835.3553390593274],
        [4135.355339059328, 914.6446609406727]
      ],
      "data": {
        "source": "[\"0\",\"1\",\"3\",\"4\",\"7\"]|5-16A|213211",
        "target": "[\"0\",\"1\",\"3\",\"4\",\"7\",\"9\"]|6-z49|224322"
      }
    },
    {
      "source": 66,
      "target": 71,
      "points": [
        [4435.355339059327, 835.3553390593274],
        [4514.644660940672, 914.6446609406727]
      ],
      "data": {
        "source": "[\"0\",\"1\",\"3\",\"4\",\"6\"]|5-10A|223111",
        "target": "[\"0\",\"1\",\"3\",\"4\",\"6\",\"7\"]|6-z13|324222"
      }
    },
    {
      "source": 66,
      "target": 68,
      "points": [
        [4444.721359549996, 822.360679774998],
        [4655.278640450004, 927.639320225002]
      ],
      "data": {
        "source": "[\"0\",\"1\",\"3\",\"4\",\"6\"]|5-10A|223111",
        "target": "[\"0\",\"1\",\"3\",\"4\",\"6\",\"8\"]|6-z24A|233331"
      }
    },
    {
      "source": 66,
      "target": 67,
      "points": [
        [4400, 850],
        [4400, 900]
      ],
      "data": {
        "source": "[\"0\",\"1\",\"3\",\"4\",\"6\"]|5-10A|223111",
        "target": "[\"0\",\"1\",\"3\",\"4\",\"6\",\"9\"]|6-27A|225222"
      }
    },
    {
      "source": 68,
      "target": 70,
      "points": [
        [4735.355339059327, 985.3553390593274],
        [4814.644660940672, 1064.6446609406728]
      ],
      "data": {
        "source": "[\"0\",\"1\",\"3\",\"4\",\"6\",\"8\"]|6-z24A|233331",
        "target": "[\"0\",\"1\",\"3\",\"4\",\"6\",\"8\",\"9\"]|7-32A|335442"
      }
    },
    {
      "source": 68,
      "target": 69,
      "points": [
        [4700, 1000],
        [4700, 1050]
      ],
      "data": {
        "source": "[\"0\",\"1\",\"3\",\"4\",\"6\",\"8\"]|6-z24A|233331",
        "target": "[\"0\",\"1\",\"3\",\"4\",\"6\",\"8\",\"T\"]|7-34|254442"
      }
    },
    {
      "source": 71,
      "target": 72,
      "points": [
        [4550, 1000],
        [4550, 1050]
      ],
      "data": {
        "source": "[\"0\",\"1\",\"3\",\"4\",\"6\",\"7\"]|6-z13|324222",
        "target": "[\"0\",\"1\",\"3\",\"4\",\"6\",\"7\",\"9\"]|7-31A|336333"
      }
    },
    {
      "source": 72,
      "target": 73,
      "points": [
        [4550, 1150],
        [4550, 1200]
      ],
      "data": {
        "source": "[\"0\",\"1\",\"3\",\"4\",\"6\",\"7\",\"9\"]|7-31A|336333",
        "target": "[\"0\",\"1\",\"3\",\"4\",\"6\",\"7\",\"9\",\"T\"]|8-28|448444"
      }
    },
    {
      "source": 74,
      "target": 119,
      "points": [
        [4899.9230176602705, 502.7735009811261],
        [7500.0769823397295, 647.2264990188738]
      ],
      "data": {
        "source": "[\"0\",\"1\",\"2\"]|3-1|210000",
        "target": "[\"0\",\"1\",\"2\",\"3\"]|4-1|321000"
      }
    },
    {
      "source": 74,
      "target": 91,
      "points": [
        [4899.4974746830585, 507.0710678118655],
        [5850.5025253169415, 642.9289321881345]
      ],
      "data": {
        "source": "[\"0\",\"1\",\"2\"]|3-1|210000",
        "target": "[\"0\",\"1\",\"2\",\"4\"]|4-2A|221100"
      }
    },
    {
      "source": 74,
      "target": 80,
      "points": [
        [4885.355339059327, 535.3553390593274],
        [4964.644660940672, 614.6446609406727]
      ],
      "data": {
        "source": "[\"0\",\"1\",\"2\"]|3-1|210000",
        "target": "[\"0\",\"1\",\"2\",\"5\"]|4-4A|211110"
      }
    },
    {
      "source": 74,
      "target": 76,
      "points": [
        [4850, 550],
        [4850, 600]
      ],
      "data": {
        "source": "[\"0\",\"1\",\"2\"]|3-1|210000",
        "target": "[\"0\",\"1\",\"2\",\"6\"]|4-5A|210111"
      }
    },
    {
      "source": 74,
      "target": 75,
      "points": [
        [4814.644660940673, 535.3553390593274],
        [4735.355339059328, 614.6446609406727]
      ],
      "data": {
        "source": "[\"0\",\"1\",\"2\"]|3-1|210000",
        "target": "[\"0\",\"1\",\"2\",\"7\"]|4-6|210021"
      }
    },
    {
      "source": 76,
      "target": 78,
      "points": [
        [4850, 700],
        [4850, 750]
      ],
      "data": {
        "source": "[\"0\",\"1\",\"2\",\"6\"]|4-5A|210111",
        "target": "[\"0\",\"1\",\"2\",\"6\",\"7\"]|5-7A|310132"
      }
    },
    {
      "source": 76,
      "target": 77,
      "points": [
        [4814.644660940673, 685.3553390593274],
        [4735.355339059328, 764.6446609406727]
      ],
      "data": {
        "source": "[\"0\",\"1\",\"2\",\"6\"]|4-5A|210111",
        "target": "[\"0\",\"1\",\"2\",\"6\",\"8\"]|5-15|220222"
      }
    },
    {
      "source": 78,
      "target": 79,
      "points": [
        [4850, 850],
        [4850, 900]
      ],
      "data": {
        "source": "[\"0\",\"1\",\"2\",\"6\",\"7\"]|5-7A|310132",
        "target": "[\"0\",\"1\",\"2\",\"6\",\"7\",\"8\"]|6-7|420243"
      }
    },
    {
      "source": 80,
      "target": 85,
      "points": [
        [5044.721359549996, 672.360679774998],
        [5255.278640450004, 777.639320225002]
      ],
      "data": {
        "source": "[\"0\",\"1\",\"2\",\"5\"]|4-4A|211110",
        "target": "[\"0\",\"1\",\"2\",\"5\",\"6\"]|5-6A|311221"
      }
    },
    {
      "source": 80,
      "target": 82,
      "points": [
        [5035.355339059327, 685.3553390593274],
        [5114.644660940672, 764.6446609406727]
      ],
      "data": {
        "source": "[\"0\",\"1\",\"2\",\"5\"]|4-4A|211110",
        "target": "[\"0\",\"1\",\"2\",\"5\",\"7\"]|5-14A|221131"
      }
    },
    {
      "source": 80,
      "target": 81,
      "points": [
        [5000, 700],
        [5000, 750]
      ],
      "data": {
        "source": "[\"0\",\"1\",\"2\",\"5\"]|4-4A|211110",
        "target": "[\"0\",\"1\",\"2\",\"5\",\"8\"]|5-z38A|212221"
      }
    },
    {
      "source": 82,
      "target": 84,
      "points": [
        [5150, 850],
        [5150, 900]
      ],
      "data": {
        "source": "[\"0\",\"1\",\"2\",\"5\",\"7\"]|5-14A|221131",
        "target": "[\"0\",\"1\",\"2\",\"5\",\"7\",\"8\"]|6-18A|322242"
      }
    },
    {
      "source": 82,
      "target": 83,
      "points": [
        [5114.644660940673, 835.3553390593274],
        [5035.355339059328, 914.6446609406727]
      ],
      "data": {
        "source": "[\"0\",\"1\",\"2\",\"5\",\"7\"]|5-14A|221131",
        "target": "[\"0\",\"1\",\"2\",\"5\",\"7\",\"9\"]|6-z48|232341"
      }
    },
    {
      "source": 85,
      "target": 89,
      "points": [
        [5344.721359549996, 822.360679774998],
        [5555.278640450004, 927.639320225002]
      ],
      "data": {
        "source": "[\"0\",\"1\",\"2\",\"5\",\"6\"]|5-6A|311221",
        "target": "[\"0\",\"1\",\"2\",\"5\",\"6\",\"7\"]|6-z6|421242"
      }
    },
    {
      "source": 85,
      "target": 87,
      "points": [
        [5335.355339059327, 835.3553390593274],
        [5414.644660940672, 914.6446609406727]
      ],
      "data": {
        "source": "[\"0\",\"1\",\"2\",\"5\",\"6\"]|5-6A|311221",
        "target": "[\"0\",\"1\",\"2\",\"5\",\"6\",\"8\"]|6-z43A|322332"
      }
    },
    {
      "source": 85,
      "target": 86,
      "points": [
        [5300, 850],
        [5300, 900]
      ],
      "data": {
        "source": "[\"0\",\"1\",\"2\",\"5\",\"6\"]|5-6A|311221",
        "target": "[\"0\",\"1\",\"2\",\"5\",\"6\",\"9\"]|6-z44A|313431"
      }
    },
    {
      "source": 87,
      "target": 88,
      "points": [
        [5450, 1000],
        [5450, 1050]
      ],
      "data": {
        "source": "[\"0\",\"1\",\"2\",\"5\",\"6\",\"8\"]|6-z43A|322332",
        "target": "[\"0\",\"1\",\"2\",\"5\",\"6\",\"8\",\"9\"]|7-22|424542"
      }
    },
    {
      "source": 89,
      "target": 90,
      "points": [
        [5600, 1000],
        [5600, 1050]
      ],
      "data": {
        "source": "[\"0\",\"1\",\"2\",\"5\",\"6\",\"7\"]|6-z6|421242",
        "target": "[\"0\",\"1\",\"2\",\"5\",\"6\",\"7\",\"9\"]|7-20A|433452"
      }
    },
    {
      "source": 91,
      "target": 105,
      "points": [
        [5949.029033784546, 659.8058067569092],
        [6600.970966215454, 790.1941932430908]
      ],
      "data": {
        "source": "[\"0\",\"1\",\"2\",\"4\"]|4-2A|221100",
        "target": "[\"0\",\"1\",\"2\",\"4\",\"5\"]|5-3A|322210"
      }
    },
    {
      "source": 91,
      "target": 96,
      "points": [
        [5935.355339059327, 685.3553390593274],
        [6014.644660940672, 764.6446609406727]
      ],
      "data": {
        "source": "[\"0\",\"1\",\"2\",\"4\"]|4-2A|221100",
        "target": "[\"0\",\"1\",\"2\",\"4\",\"6\"]|5-9A|231211"
      }
    },
    {
      "source": 91,
      "target": 95,
      "points": [
        [5864.644660940673, 685.3553390593274],
        [5785.355339059328, 764.6446609406727]
      ],
      "data": {
        "source": "[\"0\",\"1\",\"2\",\"4\"]|4-2A|221100",
        "target": "[\"0\",\"1\",\"2\",\"4\",\"8\"]|5-13A|221311"
      }
    },
    {
      "source": 91,
      "target": 92,
      "points": [
        [5900, 700],
        [5900, 750]
      ],
      "data": {
        "source": "[\"0\",\"1\",\"2\",\"4\"]|4-2A|221100",
        "target": "[\"0\",\"1\",\"2\",\"4\",\"7\"]|5-z36A|222121"
      }
    },
    {
      "source": 92,
      "target": 94,
      "points": [
        [5900, 850],
        [5900, 900]
      ],
      "data": {
        "source": "[\"0\",\"1\",\"2\",\"4\",\"7\"]|5-z36A|222121",
        "target": "[\"0\",\"1\",\"2\",\"4\",\"7\",\"8\"]|6-z17A|322332"
      }
    },
    {
      "source": 92,
      "target": 93,
      "points": [
        [5864.644660940673, 835.3553390593274],
        [5785.355339059328, 914.6446609406727]
      ],
      "data": {
        "source": "[\"0\",\"1\",\"2\",\"4\",\"7\"]|5-z36A|222121",
        "target": "[\"0\",\"1\",\"2\",\"4\",\"7\",\"9\"]|6-z47A|233241"
      }
    },
    {
      "source": 96,
      "target": 101,
      "points": [
        [6094.721359549996, 822.360679774998],
        [6305.278640450004, 927.639320225002]
      ],
      "data": {
        "source": "[\"0\",\"1\",\"2\",\"4\",\"6\"]|5-9A|231211",
        "target": "[\"0\",\"1\",\"2\",\"4\",\"6\",\"7\"]|6-z12A|332232"
      }
    },
    {
      "source": 96,
      "target": 98,
      "points": [
        [6085.355339059327, 835.3553390593274],
        [6164.644660940672, 914.6446609406727]
      ],
      "data": {
        "source": "[\"0\",\"1\",\"2\",\"4\",\"6\"]|5-9A|231211",
        "target": "[\"0\",\"1\",\"2\",\"4\",\"6\",\"8\"]|6-22A|241422"
      }
    },
    {
      "source": 96,
      "target": 97,
      "points": [
        [6050, 850],
        [6050, 900]
      ],
      "data": {
        "source": "[\"0\",\"1\",\"2\",\"4\",\"6\"]|5-9A|231211",
        "target": "[\"0\",\"1\",\"2\",\"4\",\"6\",\"9\"]|6-z46A|233331"
      }
    },
    {
      "source": 98,
      "target": 100,
      "points": [
        [6200, 1000],
        [6200, 1050]
      ],
      "data": {
        "source": "[\"0\",\"1\",\"2\",\"4\",\"6\",\"8\"]|6-22A|241422",
        "target": "[\"0\",\"1\",\"2\",\"4\",\"6\",\"8\",\"9\"]|7-30A|343542"
      }
    },
    {
      "source": 98,
      "target": 99,
      "points": [
        [6164.644660940673, 985.3553390593274],
        [6085.355339059328, 1064.6446609406728]
      ],
      "data": {
        "source": "[\"0\",\"1\",\"2\",\"4\",\"6\",\"8\"]|6-22A|241422",
        "target": "[\"0\",\"1\",\"2\",\"4\",\"6\",\"8\",\"T\"]|7-33|262623"
      }
    },
    {
      "source": 101,
      "target": 103,
      "points": [
        [6385.355339059327, 985.3553390593274],
        [6464.644660940672, 1064.6446609406728]
      ],
      "data": {
        "source": "[\"0\",\"1\",\"2\",\"4\",\"6\",\"7\"]|6-z12A|332232",
        "target": "[\"0\",\"1\",\"2\",\"4\",\"6\",\"7\",\"8\"]|7-15|442443"
      }
    },
    {
      "source": 101,
      "target": 102,
      "points": [
        [6350, 1000],
        [6350, 1050]
      ],
      "data": {
        "source": "[\"0\",\"1\",\"2\",\"4\",\"6\",\"7\"]|6-z12A|332232",
        "target": "[\"0\",\"1\",\"2\",\"4\",\"6\",\"7\",\"9\"]|7-29A|344352"
      }
    },
    {
      "source": 103,
      "target": 104,
      "points": [
        [6500, 1150],
        [6500, 1200]
      ],
      "data": {
        "source": "[\"0\",\"1\",\"2\",\"4\",\"6\",\"7\",\"8\"]|7-15|442443",
        "target": "[\"0\",\"1\",\"2\",\"4\",\"6\",\"7\",\"8\",\"T\"]|8-25|464644"
      }
    },
    {
      "source": 105,
      "target": 113,
      "points": [
        [6697.4341649025255, 815.8113883008419],
        [7052.5658350974745, 934.1886116991582]
      ],
      "data": {
        "source": "[\"0\",\"1\",\"2\",\"4\",\"5\"]|5-3A|322210",
        "target": "[\"0\",\"1\",\"2\",\"4\",\"5\",\"6\"]|6-z4|432321"
      }
    },
    {
      "source": 105,
      "target": 108,
      "points": [
        [6685.355339059327, 835.3553390593274],
        [6764.644660940672, 914.6446609406727]
      ],
      "data": {
        "source": "[\"0\",\"1\",\"2\",\"4\",\"5\"]|5-3A|322210",
        "target": "[\"0\",\"1\",\"2\",\"4\",\"5\",\"7\"]|6-z11A|333231"
      }
    },
    {
      "source": 105,
      "target": 106,
      "points": [
        [6650, 850],
        [6650, 900]
      ],
      "data": {
        "source": "[\"0\",\"1\",\"2\",\"4\",\"5\"]|5-3A|322210",
        "target": "[\"0\",\"1\",\"2\",\"4\",\"5\",\"8\"]|6-15A|323421"
      }
    },
    {
      "source": 106,
      "target": 107,
      "points": [
        [6650, 1000],
        [6650, 1050]
      ],
      "data": {
        "source": "[\"0\",\"1\",\"2\",\"4\",\"5\",\"8\"]|6-15A|323421",
        "target": "[\"0\",\"1\",\"2\",\"4\",\"5\",\"8\",\"9\"]|7-21A|424641"
      }
    },
    {
      "source": 108,
      "target": 112,
      "points": [
        [6800, 1000],
        [6800, 1050]
      ],
      "data": {
        "source": "[\"0\",\"1\",\"2\",\"4\",\"5\",\"7\"]|6-z11A|333231",
        "target": "[\"0\",\"1\",\"2\",\"4\",\"5\",\"7\",\"9\"]|7-27A|344451"
      }
    },
    {
      "source": 108,
      "target": 109,
      "points": [
        [6835.355339059327, 985.3553390593274],
        [6914.644660940672, 1064.6446609406728]
      ],
      "data": {
        "source": "[\"0\",\"1\",\"2\",\"4\",\"5\",\"7\"]|6-z11A|333231",
        "target": "[\"0\",\"1\",\"2\",\"4\",\"5\",\"7\",\"8\"]|7-z38A|434442"
      }
    },
    {
      "source": 109,
      "target": 111,
      "points": [
        [6985.355339059327, 1135.3553390593274],
        [7064.644660940672, 1214.6446609406728]
      ],
      "data": {
        "source": "[\"0\",\"1\",\"2\",\"4\",\"5\",\"7\",\"8\"]|7-z38A|434442",
        "target": "[\"0\",\"1\",\"2\",\"4\",\"5\",\"7\",\"8\",\"9\"]|8-20|545662"
      }
    },
    {
      "source": 109,
      "target": 110,
      "points": [
        [6950, 1150],
        [6950, 1200]
      ],
      "data": {
        "source": "[\"0\",\"1\",\"2\",\"4\",\"5\",\"7\",\"8\"]|7-z38A|434442",
        "target": "[\"0\",\"1\",\"2\",\"4\",\"5\",\"7\",\"8\",\"T\"]|8-27A|456553"
      }
    },
    {
      "source": 113,
      "target": 115,
      "points": [
        [7135.355339059327, 985.3553390593274],
        [7214.644660940672, 1064.6446609406728]
      ],
      "data": {
        "source": "[\"0\",\"1\",\"2\",\"4\",\"5\",\"6\"]|6-z4|432321",
        "target": "[\"0\",\"1\",\"2\",\"4\",\"5\",\"6\",\"8\"]|7-13A|443532"
      }
    },
    {
      "source": 113,
      "target": 114,
      "points": [
        [7100, 1000],
        [7100, 1050]
      ],
      "data": {
        "source": "[\"0\",\"1\",\"2\",\"4\",\"5\",\"6\"]|6-z4|432321",
        "target": "[\"0\",\"1\",\"2\",\"4\",\"5\",\"6\",\"9\"]|7-z17|434541"
      }
    },
    {
      "source": 115,
      "target": 117,
      "points": [
        [7285.355339059327, 1135.3553390593274],
        [7364.644660940672, 1214.6446609406728]
      ],
      "data": {
        "source": "[\"0\",\"1\",\"2\",\"4\",\"5\",\"6\",\"8\"]|7-13A|443532",
        "target": "[\"0\",\"1\",\"2\",\"4\",\"5\",\"6\",\"8\",\"9\"]|8-19A|545752"
      }
    },
    {
      "source": 115,
      "target": 116,
      "points": [
        [7250, 1150],
        [7250, 1200]
      ],
      "data": {
        "source": "[\"0\",\"1\",\"2\",\"4\",\"5\",\"6\",\"8\"]|7-13A|443532",
        "target": "[\"0\",\"1\",\"2\",\"4\",\"5\",\"6\",\"8\",\"T\"]|8-24|464743"
      }
    },
    {
      "source": 117,
      "target": 118,
      "points": [
        [7400, 1300],
        [7400, 1350]
      ],
      "data": {
        "source": "[\"0\",\"1\",\"2\",\"4\",\"5\",\"6\",\"8\",\"9\"]|8-19A|545752",
        "target": "[\"0\",\"1\",\"2\",\"4\",\"5\",\"6\",\"8\",\"9\",\"T\"]|9-12|666963"
      }
    },
    {
      "source": 119,
      "target": 146,
      "points": [
        [7599.6138938356835, 656.2017367294604],
        [8700.386106164317, 793.7982632705396]
      ],
      "data": {
        "source": "[\"0\",\"1\",\"2\",\"3\"]|4-1|321000",
        "target": "[\"0\",\"1\",\"2\",\"3\",\"4\"]|5-1|432100"
      }
    },
    {
      "source": 119,
      "target": 129,
      "points": [
        [7594.721359549996, 672.360679774998],
        [7805.278640450004, 777.639320225002]
      ],
      "data": {
        "source": "[\"0\",\"1\",\"2\",\"3\"]|4-1|321000",
        "target": "[\"0\",\"1\",\"2\",\"3\",\"5\"]|5-2A|332110"
      }
    },
    {
      "source": 119,
      "target": 122,
      "points": [
        [7550, 700],
        [7550, 750]
      ],
      "data": {
        "source": "[\"0\",\"1\",\"2\",\"3\"]|4-1|321000",
        "target": "[\"0\",\"1\",\"2\",\"3\",\"6\"]|5-4A|322111"
      }
    },
    {
      "source": 119,
      "target": 120,
      "points": [
        [7505.278640450004, 672.360679774998],
        [7294.721359549996, 777.639320225002]
      ],
      "data": {
        "source": "[\"0\",\"1\",\"2\",\"3\"]|4-1|321000",
        "target": "[\"0\",\"1\",\"2\",\"3\",\"7\"]|5-5A|321121"
      }
    },
    {
      "source": 120,
      "target": 121,
      "points": [
        [7250, 850],
        [7250, 900]
      ],
      "data": {
        "source": "[\"0\",\"1\",\"2\",\"3\",\"7\"]|5-5A|321121",
        "target": "[\"0\",\"1\",\"2\",\"3\",\"7\",\"8\"]|6-z38|421242"
      }
    },
    {
      "source": 122,
      "target": 125,
      "points": [
        [7585.355339059327, 835.3553390593274],
        [7664.644660940672, 914.6446609406727]
      ],
      "data": {
        "source": "[\"0\",\"1\",\"2\",\"3\",\"6\"]|5-4A|322111",
        "target": "[\"0\",\"1\",\"2\",\"3\",\"6\",\"7\"]|6-5A|422232"
      }
    },
    {
      "source": 122,
      "target": 124,
      "points": [
        [7550, 850],
        [7550, 900]
      ],
      "data": {
        "source": "[\"0\",\"1\",\"2\",\"3\",\"6\"]|5-4A|322111",
        "target": "[\"0\",\"1\",\"2\",\"3\",\"6\",\"8\"]|6-z41A|332232"
      }
    },
    {
      "source": 122,
      "target": 123,
      "points": [
        [7514.644660940673, 835.3553390593274],
        [7435.355339059328, 914.6446609406727]
      ],
      "data": {
        "source": "[\"0\",\"1\",\"2\",\"3\",\"6\"]|5-4A|322111",
        "target": "[\"0\",\"1\",\"2\",\"3\",\"6\",\"9\"]|6-z42|324222"
      }
    },
    {
      "source": 125,
      "target": 127,
      "points": [
        [7700, 1000],
        [7700, 1050]
      ],
      "data": {
        "source": "[\"0\",\"1\",\"2\",\"3\",\"6\",\"7\"]|6-5A|422232",
        "target": "[\"0\",\"1\",\"2\",\"3\",\"6\",\"7\",\"8\"]|7-7A|532353"
      }
    },
    {
      "source": 125,
      "target": 126,
      "points": [
        [7664.644660940673, 985.3553390593274],
        [7585.355339059328, 1064.6446609406728]
      ],
      "data": {
        "source": "[\"0\",\"1\",\"2\",\"3\",\"6\",\"7\"]|6-5A|422232",
        "target": "[\"0\",\"1\",\"2\",\"3\",\"6\",\"7\",\"9\"]|7-19A|434343"
      }
    },
    {
      "source": 127,
      "target": 128,
      "points": [
        [7700, 1150],
        [7700, 1200]
      ],
      "data": {
        "source": "[\"0\",\"1\",\"2\",\"3\",\"6\",\"7\",\"8\"]|7-7A|532353",
        "target": "[\"0\",\"1\",\"2\",\"3\",\"6\",\"7\",\"8\",\"9\"]|8-9|644464"
      }
    },
    {
      "source": 129,
      "target": 136,
      "points": [
        [7897.4341649025255, 815.8113883008419],
        [8252.565835097474, 934.1886116991582]
      ],
      "data": {
        "source": "[\"0\",\"1\",\"2\",\"3\",\"5\"]|5-2A|332110",
        "target": "[\"0\",\"1\",\"2\",\"3\",\"5\",\"6\"]|6-z3A|433221"
      }
    },
    {
      "source": 129,
      "target": 131,
      "points": [
        [7885.355339059327, 835.3553390593274],
        [7964.644660940672, 914.6446609406727]
      ],
      "data": {
        "source": "[\"0\",\"1\",\"2\",\"3\",\"5\"]|5-2A|332110",
        "target": "[\"0\",\"1\",\"2\",\"3\",\"5\",\"7\"]|6-9A|342231"
      }
    },
    {
      "source": 129,
      "target": 130,
      "points": [
        [7850, 850],
        [7850, 900]
      ],
      "data": {
        "source": "[\"0\",\"1\",\"2\",\"3\",\"5\"]|5-2A|332110",
        "target": "[\"0\",\"1\",\"2\",\"3\",\"5\",\"8\"]|6-z40A|333231"
      }
    },
    {
      "source": 131,
      "target": 133,
      "points": [
        [8000, 1000],
        [8000, 1050]
      ],
      "data": {
        "source": "[\"0\",\"1\",\"2\",\"3\",\"5\",\"7\"]|6-9A|342231",
        "target": "[\"0\",\"1\",\"2\",\"3\",\"5\",\"7\",\"8\"]|7-14A|443352"
      }
    },
    {
      "source": 131,
      "target": 132,
      "points": [
        [7964.644660940673, 985.3553390593274],
        [7885.355339059328, 1064.6446609406728]
      ],
      "data": {
        "source": "[\"0\",\"1\",\"2\",\"3\",\"5\",\"7\"]|6-9A|342231",
        "target": "[\"0\",\"1\",\"2\",\"3\",\"5\",\"7\",\"9\"]|7-24A|353442"
      }
    },
    {
      "source": 133,
      "target": 135,
      "points": [
        [8000, 1150],
        [8000, 1200]
      ],
      "data": {
        "source": "[\"0\",\"1\",\"2\",\"3\",\"5\",\"7\",\"8\"]|7-14A|443352",
        "target": "[\"0\",\"1\",\"2\",\"3\",\"5\",\"7\",\"8\",\"9\"]|8-16A|554563"
      }
    },
    {
      "source": 133,
      "target": 134,
      "points": [
        [7964.644660940673, 1135.3553390593274],
        [7885.355339059328, 1214.6446609406728]
      ],
      "data": {
        "source": "[\"0\",\"1\",\"2\",\"3\",\"5\",\"7\",\"8\"]|7-14A|443352",
        "target": "[\"0\",\"1\",\"2\",\"3\",\"5\",\"7\",\"8\",\"T\"]|8-23|465472"
      }
    },
    {
      "source": 136,
      "target": 141,
      "points": [
        [8335.355339059328, 985.3553390593274],
        [8414.644660940672, 1064.6446609406726]
      ],
      "data": {
        "source": "[\"0\",\"1\",\"2\",\"3\",\"5\",\"6\"]|6-z3A|433221",
        "target": "[\"0\",\"1\",\"2\",\"3\",\"5\",\"6\",\"7\"]|7-5A|543342"
      }
    },
    {
      "source": 136,
      "target": 140,
      "points": [
        [8264.644660940672, 985.3553390593274],
        [8185.355339059327, 1064.6446609406726]
      ],
      "data": {
        "source": "[\"0\",\"1\",\"2\",\"3\",\"5\",\"6\"]|6-z3A|433221",
        "target": "[\"0\",\"1\",\"2\",\"3\",\"5\",\"6\",\"9\"]|7-16A|435432"
      }
    },
    {
      "source": 136,
      "target": 137,
      "points": [
        [8300, 1000],
        [8300, 1050]
      ],
      "data": {
        "source": "[\"0\",\"1\",\"2\",\"3\",\"5\",\"6\"]|6-z3A|433221",
        "target": "[\"0\",\"1\",\"2\",\"3\",\"5\",\"6\",\"8\"]|7-z36A|444342"
      }
    },
    {
      "source": 137,
      "target": 139,
      "points": [
        [8300, 1150],
        [8300, 1200]
      ],
      "data": {
        "source": "[\"0\",\"1\",\"2\",\"3\",\"5\",\"6\",\"8\"]|7-z36A|444342",
        "target": "[\"0\",\"1\",\"2\",\"3\",\"5\",\"6\",\"8\",\"9\"]|8-18A|546553"
      }
    },
    {
      "source": 137,
      "target": 138,
      "points": [
        [8264.644660940672, 1135.3553390593274],
        [8185.355339059327, 1214.6446609406726]
      ],
      "data": {
        "source": "[\"0\",\"1\",\"2\",\"3\",\"5\",\"6\",\"8\"]|7-z36A|444342",
        "target": "[\"0\",\"1\",\"2\",\"3\",\"5\",\"6\",\"8\",\"T\"]|8-22A|465562"
      }
    },
    {
      "source": 141,
      "target": 144,
      "points": [
        [8485.355339059328, 1135.3553390593274],
        [8564.644660940672, 1214.6446609406726]
      ],
      "data": {
        "source": "[\"0\",\"1\",\"2\",\"3\",\"5\",\"6\",\"7\"]|7-5A|543342",
        "target": "[\"0\",\"1\",\"2\",\"3\",\"5\",\"6\",\"7\",\"8\"]|8-6|654463"
      }
    },
    {
      "source": 141,
      "target": 142,
      "points": [
        [8450, 1150],
        [8450, 1200]
      ],
      "data": {
        "source": "[\"0\",\"1\",\"2\",\"3\",\"5\",\"6\",\"7\"]|7-5A|543342",
        "target": "[\"0\",\"1\",\"2\",\"3\",\"5\",\"6\",\"7\",\"9\"]|8-z29A|555553"
      }
    },
    {
      "source": 142,
      "target": 143,
      "points": [
        [8450, 1300],
        [8450, 1350]
      ],
      "data": {
        "source": "[\"0\",\"1\",\"2\",\"3\",\"5\",\"6\",\"7\",\"9\"]|8-z29A|555553",
        "target": "[\"0\",\"1\",\"2\",\"3\",\"5\",\"6\",\"7\",\"9\",\"T\"]|9-11A|667773"
      }
    },
    {
      "source": 144,
      "target": 145,
      "points": [
        [8600, 1300],
        [8600, 1350]
      ],
      "data": {
        "source": "[\"0\",\"1\",\"2\",\"3\",\"5\",\"6\",\"7\",\"8\"]|8-6|654463",
        "target": "[\"0\",\"1\",\"2\",\"3\",\"5\",\"6\",\"7\",\"8\",\"T\"]|9-9|676683"
      }
    },
    {
      "source": 146,
      "target": 164,
      "points": [
        [8799.029033784545, 809.8058067569092],
        [9450.970966215455, 940.1941932430908]
      ],
      "data": {
        "source": "[\"0\",\"1\",\"2\",\"3\",\"4\"]|5-1|432100",
        "target": "[\"0\",\"1\",\"2\",\"3\",\"4\",\"5\"]|6-1|543210"
      }
    },
    {
      "source": 146,
      "target": 152,
      "points": [
        [8785.355339059328, 835.3553390593274],
        [8864.644660940672, 914.6446609406726]
      ],
      "data": {
        "source": "[\"0\",\"1\",\"2\",\"3\",\"4\"]|5-1|432100",
        "target": "[\"0\",\"1\",\"2\",\"3\",\"4\",\"6\"]|6-2A|443211"
      }
    },
    {
      "source": 146,
      "target": 148,
      "points": [
        [8750, 850],
        [8750, 900]
      ],
      "data": {
        "source": "[\"0\",\"1\",\"2\",\"3\",\"4\"]|5-1|432100",
        "target": "[\"0\",\"1\",\"2\",\"3\",\"4\",\"7\"]|6-z36A|433221"
      }
    },
    {
      "source": 146,
      "target": 147,
      "points": [
        [8714.644660940672, 835.3553390593274],
        [8635.355339059328, 914.6446609406726]
      ],
      "data": {
        "source": "[\"0\",\"1\",\"2\",\"3\",\"4\"]|5-1|432100",
        "target": "[\"0\",\"1\",\"2\",\"3\",\"4\",\"8\"]|6-z37|432321"
      }
    },
    {
      "source": 148,
      "target": 150,
      "points": [
        [8750, 1000],
        [8750, 1050]
      ],
      "data": {
        "source": "[\"0\",\"1\",\"2\",\"3\",\"4\",\"7\"]|6-z36A|433221",
        "target": "[\"0\",\"1\",\"2\",\"3\",\"4\",\"7\",\"8\"]|7-6A|533442"
      }
    },
    {
      "source": 148,
      "target": 149,
      "points": [
        [8714.644660940672, 985.3553390593274],
        [8635.355339059328, 1064.6446609406726]
      ],
      "data": {
        "source": "[\"0\",\"1\",\"2\",\"3\",\"4\",\"7\"]|6-z36A|433221",
        "target": "[\"0\",\"1\",\"2\",\"3\",\"4\",\"7\",\"9\"]|7-z12|444342"
      }
    },
    {
      "source": 150,
      "target": 151,
      "points": [
        [8750, 1150],
        [8750, 1200]
      ],
      "data": {
        "source": "[\"0\",\"1\",\"2\",\"3\",\"4\",\"7\",\"8\"]|7-6A|533442",
        "target": "[\"0\",\"1\",\"2\",\"3\",\"4\",\"7\",\"8\",\"9\"]|8-8|644563"
      }
    },
    {
      "source": 152,
      "target": 157,
      "points": [
        [8944.721359549996, 972.360679774998],
        [9155.278640450004, 1077.6393202250022]
      ],
      "data": {
        "source": "[\"0\",\"1\",\"2\",\"3\",\"4\",\"6\"]|6-2A|443211",
        "target": "[\"0\",\"1\",\"2\",\"3\",\"4\",\"6\",\"7\"]|7-4A|544332"
      }
    },
    {
      "source": 152,
      "target": 154,
      "points": [
        [8935.355339059328, 985.3553390593274],
        [9014.644660940672, 1064.6446609406726]
      ],
      "data": {
        "source": "[\"0\",\"1\",\"2\",\"3\",\"4\",\"6\"]|6-2A|443211",
        "target": "[\"0\",\"1\",\"2\",\"3\",\"4\",\"6\",\"8\"]|7-9A|453432"
      }
    },
    {
      "source": 152,
      "target": 153,
      "points": [
        [8900, 1000],
        [8900, 1050]
      ],
      "data": {
        "source": "[\"0\",\"1\",\"2\",\"3\",\"4\",\"6\"]|6-2A|443211",
        "target": "[\"0\",\"1\",\"2\",\"3\",\"4\",\"6\",\"9\"]|7-10A|445332"
      }
    },
    {
      "source": 154,
      "target": 156,
      "points": [
        [9050, 1150],
        [9050, 1200]
      ],
      "data": {
        "source": "[\"0\",\"1\",\"2\",\"3\",\"4\",\"6\",\"8\"]|7-9A|453432",
        "target": "[\"0\",\"1\",\"2\",\"3\",\"4\",\"6\",\"8\",\"9\"]|8-z15A|555553"
      }
    },
    {
      "source": 154,
      "target": 155,
      "points": [
        [9014.644660940672, 1135.3553390593274],
        [8935.355339059328, 1214.6446609406726]
      ],
      "data": {
        "source": "[\"0\",\"1\",\"2\",\"3\",\"4\",\"6\",\"8\"]|7-9A|453432",
        "target": "[\"0\",\"1\",\"2\",\"3\",\"4\",\"6\",\"8\",\"T\"]|8-21|474643"
      }
    },
    {
      "source": 157,
      "target": 160,
      "points": [
        [9235.355339059328, 1135.3553390593274],
        [9314.644660940672, 1214.6446609406726]
      ],
      "data": {
        "source": "[\"0\",\"1\",\"2\",\"3\",\"4\",\"6\",\"7\"]|7-4A|544332",
        "target": "[\"0\",\"1\",\"2\",\"3\",\"4\",\"6\",\"7\",\"8\"]|8-5A|654553"
      }
    },
    {
      "source": 157,
      "target": 158,
      "points": [
        [9200, 1150],
        [9200, 1200]
      ],
      "data": {
        "source": "[\"0\",\"1\",\"2\",\"3\",\"4\",\"6\",\"7\"]|7-4A|544332",
        "target": "[\"0\",\"1\",\"2\",\"3\",\"4\",\"6\",\"7\",\"9\"]|8-13A|556453"
      }
    },
    {
      "source": 158,
      "target": 159,
      "points": [
        [9200, 1300],
        [9200, 1350]
      ],
      "data": {
        "source": "[\"0\",\"1\",\"2\",\"3\",\"4\",\"6\",\"7\",\"9\"]|8-13A|556453",
        "target": "[\"0\",\"1\",\"2\",\"3\",\"4\",\"6\",\"7\",\"9\",\"T\"]|9-10|668664"
      }
    },
    {
      "source": 160,
      "target": 162,
      "points": [
        [9385.355339059328, 1285.3553390593274],
        [9464.644660940672, 1364.6446609406726]
      ],
      "data": {
        "source": "[\"0\",\"1\",\"2\",\"3\",\"4\",\"6\",\"7\",\"8\"]|8-5A|654553",
        "target": "[\"0\",\"1\",\"2\",\"3\",\"4\",\"6\",\"7\",\"8\",\"9\"]|9-5A|766674"
      }
    },
    {
      "source": 160,
      "target": 161,
      "points": [
        [9350, 1300],
        [9350, 1350]
      ],
      "data": {
        "source": "[\"0\",\"1\",\"2\",\"3\",\"4\",\"6\",\"7\",\"8\"]|8-5A|654553",
        "target": "[\"0\",\"1\",\"2\",\"3\",\"4\",\"6\",\"7\",\"8\",\"T\"]|9-8A|676764"
      }
    },
    {
      "source": 162,
      "target": 163,
      "points": [
        [9500, 1450],
        [9500, 1500]
      ],
      "data": {
        "source": "[\"0\",\"1\",\"2\",\"3\",\"4\",\"6\",\"7\",\"8\",\"9\"]|9-5A|766674",
        "target": "[\"0\",\"1\",\"2\",\"3\",\"4\",\"6\",\"7\",\"8\",\"9\",\"T\"]|10-6|888885"
      }
    },
    {
      "source": 164,
      "target": 173,
      "points": [
        [9547.434164902526, 965.8113883008419],
        [9902.565835097474, 1084.1886116991582]
      ],
      "data": {
        "source": "[\"0\",\"1\",\"2\",\"3\",\"4\",\"5\"]|6-1|543210",
        "target": "[\"0\",\"1\",\"2\",\"3\",\"4\",\"5\",\"6\"]|7-1|654321"
      }
    },
    {
      "source": 164,
      "target": 167,
      "points": [
        [9535.355339059328, 985.3553390593274],
        [9614.644660940672, 1064.6446609406726]
      ],
      "data": {
        "source": "[\"0\",\"1\",\"2\",\"3\",\"4\",\"5\"]|6-1|543210",
        "target": "[\"0\",\"1\",\"2\",\"3\",\"4\",\"5\",\"7\"]|7-2A|554331"
      }
    },
    {
      "source": 164,
      "target": 165,
      "points": [
        [9500, 1000],
        [9500, 1050]
      ],
      "data": {
        "source": "[\"0\",\"1\",\"2\",\"3\",\"4\",\"5\"]|6-1|543210",
        "target": "[\"0\",\"1\",\"2\",\"3\",\"4\",\"5\",\"8\"]|7-3A|544431"
      }
    },
    {
      "source": 165,
      "target": 166,
      "points": [
        [9500, 1150],
        [9500, 1200]
      ],
      "data": {
        "source": "[\"0\",\"1\",\"2\",\"3\",\"4\",\"5\",\"8\"]|7-3A|544431",
        "target": "[\"0\",\"1\",\"2\",\"3\",\"4\",\"5\",\"8\",\"9\"]|8-7|645652"
      }
    },
    {
      "source": 167,
      "target": 169,
      "points": [
        [9685.355339059328, 1135.3553390593274],
        [9764.644660940672, 1214.6446609406726]
      ],
      "data": {
        "source": "[\"0\",\"1\",\"2\",\"3\",\"4\",\"5\",\"7\"]|7-2A|554331",
        "target": "[\"0\",\"1\",\"2\",\"3\",\"4\",\"5\",\"7\",\"8\"]|8-4A|655552"
      }
    },
    {
      "source": 167,
      "target": 168,
      "points": [
        [9650, 1150],
        [9650, 1200]
      ],
      "data": {
        "source": "[\"0\",\"1\",\"2\",\"3\",\"4\",\"5\",\"7\"]|7-2A|554331",
        "target": "[\"0\",\"1\",\"2\",\"3\",\"4\",\"5\",\"7\",\"9\"]|8-11A|565552"
      }
    },
    {
      "source": 169,
      "target": 171,
      "points": [
        [9800, 1300],
        [9800, 1350]
      ],
      "data": {
        "source": "[\"0\",\"1\",\"2\",\"3\",\"4\",\"5\",\"7\",\"8\"]|8-4A|655552",
        "target": "[\"0\",\"1\",\"2\",\"3\",\"4\",\"5\",\"7\",\"8\",\"9\"]|9-4A|766773"
      }
    },
    {
      "source": 169,
      "target": 170,
      "points": [
        [9764.644660940672, 1285.3553390593274],
        [9685.355339059328, 1364.6446609406726]
      ],
      "data": {
        "source": "[\"0\",\"1\",\"2\",\"3\",\"4\",\"5\",\"7\",\"8\"]|8-4A|655552",
        "target": "[\"0\",\"1\",\"2\",\"3\",\"4\",\"5\",\"7\",\"8\",\"T\"]|9-7A|677673"
      }
    },
    {
      "source": 171,
      "target": 172,
      "points": [
        [9800, 1450],
        [9800, 1500]
      ],
      "data": {
        "source": "[\"0\",\"1\",\"2\",\"3\",\"4\",\"5\",\"7\",\"8\",\"9\"]|9-4A|766773",
        "target": "[\"0\",\"1\",\"2\",\"3\",\"4\",\"5\",\"7\",\"8\",\"9\",\"T\"]|10-5|888894"
      }
    },
    {
      "source": 173,
      "target": 179,
      "points": [
        [9994.721359549996, 1122.3606797749978],
        [10205.278640450004, 1227.6393202250022]
      ],
      "data": {
        "source": "[\"0\",\"1\",\"2\",\"3\",\"4\",\"5\",\"6\"]|7-1|654321",
        "target": "[\"0\",\"1\",\"2\",\"3\",\"4\",\"5\",\"6\",\"7\"]|8-1|765442"
      }
    },
    {
      "source": 173,
      "target": 175,
      "points": [
        [9985.355339059328, 1135.3553390593274],
        [10064.644660940672, 1214.6446609406726]
      ],
      "data": {
        "source": "[\"0\",\"1\",\"2\",\"3\",\"4\",\"5\",\"6\"]|7-1|654321",
        "target": "[\"0\",\"1\",\"2\",\"3\",\"4\",\"5\",\"6\",\"8\"]|8-2A|665542"
      }
    },
    {
      "source": 173,
      "target": 174,
      "points": [
        [9950, 1150],
        [9950, 1200]
      ],
      "data": {
        "source": "[\"0\",\"1\",\"2\",\"3\",\"4\",\"5\",\"6\"]|7-1|654321",
        "target": "[\"0\",\"1\",\"2\",\"3\",\"4\",\"5\",\"6\",\"9\"]|8-3|656542"
      }
    },
    {
      "source": 175,
      "target": 177,
      "points": [
        [10100, 1300],
        [10100, 1350]
      ],
      "data": {
        "source": "[\"0\",\"1\",\"2\",\"3\",\"4\",\"5\",\"6\",\"8\"]|8-2A|665542",
        "target": "[\"0\",\"1\",\"2\",\"3\",\"4\",\"5\",\"6\",\"8\",\"9\"]|9-3A|767763"
      }
    },
    {
      "source": 175,
      "target": 176,
      "points": [
        [10064.644660940672, 1285.3553390593274],
        [9985.355339059328, 1364.6446609406726]
      ],
      "data": {
        "source": "[\"0\",\"1\",\"2\",\"3\",\"4\",\"5\",\"6\",\"8\"]|8-2A|665542",
        "target": "[\"0\",\"1\",\"2\",\"3\",\"4\",\"5\",\"6\",\"8\",\"T\"]|9-6|686763"
      }
    },
    {
      "source": 177,
      "target": 178,
      "points": [
        [10100, 1450],
        [10100, 1500]
      ],
      "data": {
        "source": "[\"0\",\"1\",\"2\",\"3\",\"4\",\"5\",\"6\",\"8\",\"9\"]|9-3A|767763",
        "target": "[\"0\",\"1\",\"2\",\"3\",\"4\",\"5\",\"6\",\"8\",\"9\",\"T\"]|10-4|888984"
      }
    },
    {
      "source": 179,
      "target": 182,
      "points": [
        [10285.355339059328, 1285.3553390593274],
        [10364.644660940672, 1364.6446609406726]
      ],
      "data": {
        "source": "[\"0\",\"1\",\"2\",\"3\",\"4\",\"5\",\"6\",\"7\"]|8-1|765442",
        "target": "[\"0\",\"1\",\"2\",\"3\",\"4\",\"5\",\"6\",\"7\",\"8\"]|9-1|876663"
      }
    },
    {
      "source": 179,
      "target": 180,
      "points": [
        [10250, 1300],
        [10250, 1350]
      ],
      "data": {
        "source": "[\"0\",\"1\",\"2\",\"3\",\"4\",\"5\",\"6\",\"7\"]|8-1|765442",
        "target": "[\"0\",\"1\",\"2\",\"3\",\"4\",\"5\",\"6\",\"7\",\"9\"]|9-2A|777663"
      }
    },
    {
      "source": 180,
      "target": 181,
      "points": [
        [10250, 1450],
        [10250, 1500]
      ],
      "data": {
        "source": "[\"0\",\"1\",\"2\",\"3\",\"4\",\"5\",\"6\",\"7\",\"9\"]|9-2A|777663",
        "target": "[\"0\",\"1\",\"2\",\"3\",\"4\",\"5\",\"6\",\"7\",\"9\",\"T\"]|10-3|889884"
      }
    },
    {
      "source": 182,
      "target": 184,
      "points": [
        [10435.355339059328, 1435.3553390593274],
        [10514.644660940672, 1514.6446609406726]
      ],
      "data": {
        "source": "[\"0\",\"1\",\"2\",\"3\",\"4\",\"5\",\"6\",\"7\",\"8\"]|9-1|876663",
        "target": "[\"0\",\"1\",\"2\",\"3\",\"4\",\"5\",\"6\",\"7\",\"8\",\"9\"]|10-1|988884"
      }
    },
    {
      "source": 182,
      "target": 183,
      "points": [
        [10400, 1450],
        [10400, 1500]
      ],
      "data": {
        "source": "[\"0\",\"1\",\"2\",\"3\",\"4\",\"5\",\"6\",\"7\",\"8\"]|9-1|876663",
        "target": "[\"0\",\"1\",\"2\",\"3\",\"4\",\"5\",\"6\",\"7\",\"8\",\"T\"]|10-2|898884"
      }
    },
    {
      "source": 184,
      "target": 185,
      "points": [
        [10550, 1600],
        [10550, 1650]
      ],
      "data": {
        "source": "[\"0\",\"1\",\"2\",\"3\",\"4\",\"5\",\"6\",\"7\",\"8\",\"9\"]|10-1|988884",
        "target": "[\"0\",\"1\",\"2\",\"3\",\"4\",\"5\",\"6\",\"7\",\"8\",\"9\",\"T\"]|11-1|5"
      }
    },
    {
      "source": 185,
      "target": 186,
      "points": [
        [10550, 1750],
        [10550, 1800]
      ],
      "data": {
        "source": "[\"0\",\"1\",\"2\",\"3\",\"4\",\"5\",\"6\",\"7\",\"8\",\"9\",\"T\"]|11-1|5",
        "target": "[\"0\",\"1\",\"2\",\"3\",\"4\",\"5\",\"6\",\"7\",\"8\",\"9\",\"T\",\"E\"]|12-1|6"
      }
    },
    {
      "source": 187,
      "target": 190,
      "points": [
        [2900, 250],
        [2900, 300]
      ],
      "data": {
        "source": "[\"0\",\"2\",\"3\",\"5\",\"7\"]|5-23A|132130",
        "target": "[\"0\",\"2\",\"3\",\"5\",\"7\",\"9\"]|6-33A|143241"
      }
    },
    {
      "source": 188,
      "target": 187,
      "points": [
        [2785.3553390593274, 85.35533905932738],
        [2864.6446609406726, 164.64466094067262]
      ],
      "data": {
        "source": "[\"0\",\"2\",\"3\",\"5\"]|4-10|122010",
        "target": "[\"0\",\"2\",\"3\",\"5\",\"7\"]|5-23A|132130"
      }
    },
    {
      "source": 188,
      "target": 189,
      "points": [
        [2750, 100],
        [2750, 150]
      ],
      "data": {
        "source": "[\"0\",\"2\",\"3\",\"5\"]|4-10|122010",
        "target": "[\"0\",\"2\",\"3\",\"5\",\"8\"]|5-25A|123121"
      }
    },
    {
      "source": 192,
      "target": 191,
      "points": [
        [350, 100],
        [350, 150]
      ],
      "data": {
        "source": "[\"0\",\"2\",\"3\",\"6\"]|4-12A|112101",
        "target": "[\"0\",\"2\",\"3\",\"6\",\"8\"]|5-28A|122212"
      }
    },
    {
      "source": 194,
      "target": 193,
      "points": [
        [2485.3553390593274, 85.35533905932738],
        [2564.6446609406726, 164.64466094067262]
      ],
      "data": {
        "source": "[\"0\",\"2\",\"3\",\"4\",\"6\"]|5-8|232201",
        "target": "[\"0\",\"2\",\"3\",\"4\",\"6\",\"8\"]|6-21A|242412"
      }
    },
    {
      "source": 194,
      "target": 195,
      "points": [
        [2450, 100],
        [2450, 150]
      ],
      "data": {
        "source": "[\"0\",\"2\",\"3\",\"4\",\"6\"]|5-8|232201",
        "target": "[\"0\",\"2\",\"3\",\"4\",\"6\",\"9\"]|6-z45|234222"
      }
    },
    {
      "source": 197,
      "target": 196,
      "points": [
        [200, 100],
        [200, 150]
      ],
      "data": {
        "source": "[\"0\",\"2\",\"3\",\"4\",\"5\",\"7\"]|6-8|343230",
        "target": "[\"0\",\"2\",\"3\",\"4\",\"5\",\"7\",\"9\"]|7-23A|354351"
      }
    },
    {
      "source": 199,
      "target": 198,
      "points": [
        [2264.6446609406726, 85.35533905932738],
        [2185.3553390593274, 164.64466094067262]
      ],
      "data": {
        "source": "[\"0\",\"1\",\"3\",\"4\",\"5\",\"7\"]|6-z10A|333321",
        "target": "[\"0\",\"1\",\"3\",\"4\",\"5\",\"7\",\"9\"]|7-26A|344532"
      }
    },
    {
      "source": 199,
      "target": 200,
      "points": [
        [2300, 100],
        [2300, 150]
      ],
      "data": {
        "source": "[\"0\",\"1\",\"3\",\"4\",\"5\",\"7\"]|6-z10A|333321",
        "target": "[\"0\",\"1\",\"3\",\"4\",\"5\",\"7\",\"8\"]|7-z37|434541"
      }
    },
    {
      "source": 200,
      "target": 201,
      "points": [
        [2300, 250],
        [2300, 300]
      ],
      "data": {
        "source": "[\"0\",\"1\",\"3\",\"4\",\"5\",\"7\",\"8\"]|7-z37|434541",
        "target": "[\"0\",\"1\",\"3\",\"4\",\"5\",\"7\",\"8\",\"T\"]|8-26|456562"
      }
    },
    {
      "source": 203,
      "target": 202,
      "points": [
        [50, 100],
        [50, 150]
      ],
      "data": {
        "source": "[\"0\",\"1\",\"3\",\"4\",\"5\",\"6\",\"8\"]|7-11A|444441",
        "target": "[\"0\",\"1\",\"3\",\"4\",\"5\",\"6\",\"8\",\"9\"]|8-17|546652"
      }
    }
  ],
  "v": 1
}
