[
  { "source": "[\"\"]|0-1|000000", "target": "[\"0\"]|1-1|000000" },
  { "source": "[\"0\",\"1\"]|2-1|100000", "target": "[\"0\",\"1\",\"2\"]|3-1|210000" },
  { "source": "[\"0\",\"2\"]|2-2|010000", "target": "[\"0\",\"2\",\"4\"]|3-6|020100" },
  { "source": "[\"0\",\"3\"]|2-3|001000", "target": "[\"0\",\"3\",\"6\"]|3-10|002001" },
  { "source": "[\"0\",\"4\"]|2-4|000100", "target": "[\"0\",\"4\",\"8\"]|3-12|000300" },
  { "source": "[\"0\",\"5\"]|2-5|000010", "target": "[\"0\",\"2\",\"7\"]|3-9|010020" },
  { "source": "[\"0\",\"6\"]|2-6|000001", "target": "[\"0\",\"1\",\"6\"]|3-5A|100011" },
  { "source": "[\"0\",\"1\",\"2\"]|3-1|210000", "target": "[\"0\",\"1\",\"2\",\"3\"]|4-1|321000" },
  {
    "source": "[\"0\",\"1\",\"3\"]|3-2A|111000",
    "target": "[\"0\",\"1\",\"2\",\"3\",\"4\"]|5-1|432100"
  },
  { "source": "[\"0\",\"1\",\"4\"]|3-3A|101100", "target": "[\"0\",\"1\",\"3\",\"4\"]|4-3|212100" },
  { "source": "[\"0\",\"1\",\"5\"]|3-4A|100110", "target": "[\"0\",\"1\",\"4\",\"5\"]|4-7|201210" },
  { "source": "[\"0\",\"1\",\"6\"]|3-5A|100011", "target": "[\"0\",\"1\",\"6\",\"7\"]|4-9|200022" },
  { "source": "[\"0\",\"2\",\"4\"]|3-6|020100", "target": "[\"0\",\"2\",\"4\",\"6\"]|4-21|030201" },
  {
    "source": "[\"0\",\"2\",\"5\"]|3-7A|011010",
    "target": "[\"0\",\"2\",\"4\",\"7\",\"9\"]|5-35|032140"
  },
  {
    "source": "[\"0\",\"2\",\"6\"]|3-8A|010101",
    "target": "[\"0\",\"2\",\"6\",\"8\"]|4-25|020202"
  },
  { "source": "[\"0\",\"2\",\"7\"]|3-9|010020", "target": "[\"0\",\"2\",\"5\",\"7\"]|4-23|021030" },
  {
    "source": "[\"0\",\"3\",\"6\"]|3-10|002001",
    "target": "[\"0\",\"3\",\"6\",\"9\"]|4-28|004002"
  },
  {
    "source": "[\"0\",\"3\",\"7\"]|3-11A|001110",
    "target": "[\"0\",\"3\",\"4\",\"7\"]|4-17|102210"
  },
  {
    "source": "[\"0\",\"4\",\"8\"]|3-12|000300",
    "target": "[\"0\",\"1\",\"4\",\"8\"]|4-19A|101310"
  },
  {
    "source": "[\"0\",\"1\",\"2\",\"3\"]|4-1|321000",
    "target": "[\"0\",\"1\",\"2\",\"3\",\"4\"]|5-1|432100"
  },
  {
    "source": "[\"0\",\"1\",\"2\",\"4\"]|4-2A|221100",
    "target": "[\"0\",\"1\",\"2\",\"3\",\"4\"]|5-1|432100"
  },
  {
    "source": "[\"0\",\"1\",\"3\",\"4\"]|4-3|212100",
    "target": "[\"0\",\"1\",\"2\",\"4\",\"5\"]|5-3A|322210"
  },
  {
    "source": "[\"0\",\"1\",\"2\",\"5\"]|4-4A|211110",
    "target": "[\"0\",\"1\",\"2\",\"4\",\"5\"]|5-3A|322210"
  },
  {
    "source": "[\"0\",\"1\",\"2\",\"6\"]|4-5A|210111",
    "target": "[\"0\",\"1\",\"2\",\"6\",\"7\",\"8\"]|6-7|420243"
  },
  {
    "source": "[\"0\",\"1\",\"2\",\"7\"]|4-6|210021",
    "target": "[\"0\",\"1\",\"2\",\"6\",\"7\"]|5-7A|310132"
  },
  {
    "source": "[\"0\",\"1\",\"4\",\"5\"]|4-7|201210",
    "target": "[\"0\",\"1\",\"4\",\"5\",\"8\"]|5-21A|202420"
  },
  {
    "source": "[\"0\",\"1\",\"5\",\"6\"]|4-8|200121",
    "target": "[\"0\",\"1\",\"2\",\"6\",\"7\"]|5-7A|310132"
  },
  {
    "source": "[\"0\",\"1\",\"6\",\"7\"]|4-9|200022",
    "target": "[\"0\",\"1\",\"2\",\"6\",\"7\"]|5-7A|310132"
  },
  {
    "source": "[\"0\",\"2\",\"3\",\"5\"]|4-10|122010",
    "target": "[\"0\",\"2\",\"3\",\"4\",\"5\",\"7\"]|6-8|343230"
  },
  {
    "source": "[\"0\",\"1\",\"3\",\"5\"]|4-11A|121110",
    "target": "[\"0\",\"2\",\"3\",\"4\",\"5\",\"7\"]|6-8|343230"
  },
  {
    "source": "[\"0\",\"2\",\"3\",\"6\"]|4-12A|112101",
    "target": "[\"0\",\"1\",\"3\",\"4\",\"6\"]|5-10A|223111"
  },
  {
    "source": "[\"0\",\"1\",\"3\",\"6\"]|4-13A|112011",
    "target": "[\"0\",\"1\",\"3\",\"4\",\"6\"]|5-10A|223111"
  },
  {
    "source": "[\"0\",\"2\",\"3\",\"7\"]|4-14A|111120",
    "target": "[\"0\",\"1\",\"3\",\"5\",\"8\"]|5-27A|122230"
  },
  {
    "source": "[\"0\",\"1\",\"4\",\"6\"]|4-z15A|111111",
    "target": "[\"0\",\"1\",\"2\",\"3\",\"6\",\"7\",\"9\"]|7-19A|434343"
  },
  {
    "source": "[\"0\",\"1\",\"5\",\"7\"]|4-16A|110121",
    "target": "[\"0\",\"1\",\"2\",\"6\",\"7\",\"8\"]|6-7|420243"
  },
  {
    "source": "[\"0\",\"3\",\"4\",\"7\"]|4-17|102210",
    "target": "[\"0\",\"1\",\"4\",\"5\",\"8\"]|5-21A|202420"
  },
  {
    "source": "[\"0\",\"1\",\"4\",\"7\"]|4-18A|102111",
    "target": "[\"0\",\"1\",\"3\",\"4\",\"7\"]|5-16A|213211"
  },
  {
    "source": "[\"0\",\"1\",\"4\",\"8\"]|4-19A|101310",
    "target": "[\"0\",\"1\",\"4\",\"5\",\"8\"]|5-21A|202420"
  },
  {
    "source": "[\"0\",\"1\",\"5\",\"8\"]|4-20|101220",
    "target": "[\"0\",\"1\",\"4\",\"5\",\"8\"]|5-21A|202420"
  },
  {
    "source": "[\"0\",\"2\",\"4\",\"6\"]|4-21|030201",
    "target": "[\"0\",\"2\",\"4\",\"6\",\"8\"]|5-33|040402"
  },
  {
    "source": "[\"0\",\"2\",\"4\",\"7\"]|4-22A|021120",
    "target": "[\"0\",\"2\",\"4\",\"7\",\"9\"]|5-35|032140"
  },
  {
    "source": "[\"0\",\"2\",\"5\",\"7\"]|4-23|021030",
    "target": "[\"0\",\"2\",\"4\",\"7\",\"9\"]|5-35|032140"
  },
  {
    "source": "[\"0\",\"2\",\"4\",\"8\"]|4-24|020301",
    "target": "[\"0\",\"2\",\"4\",\"6\",\"8\"]|5-33|040402"
  },
  {
    "source": "[\"0\",\"2\",\"6\",\"8\"]|4-25|020202",
    "target": "[\"0\",\"2\",\"4\",\"6\",\"8\",\"T\"]|6-35|060603"
  },
  {
    "source": "[\"0\",\"3\",\"5\",\"8\"]|4-26|012120",
    "target": "[\"0\",\"1\",\"3\",\"5\",\"8\"]|5-27A|122230"
  },
  {
    "source": "[\"0\",\"2\",\"5\",\"8\"]|4-27A|012111",
    "target": "[\"0\",\"2\",\"3\",\"5\",\"8\"]|5-25A|123121"
  },
  {
    "source": "[\"0\",\"3\",\"6\",\"9\"]|4-28|004002",
    "target": "[\"0\",\"1\",\"3\",\"6\",\"9\"]|5-31A|114112"
  },
  {
    "source": "[\"0\",\"1\",\"3\",\"7\"]|4-z29A|111111",
    "target": "[\"0\",\"1\",\"2\",\"3\",\"6\",\"7\",\"9\"]|7-19A|434343"
  },
  {
    "source": "[\"0\",\"1\",\"2\",\"3\",\"4\"]|5-1|432100",
    "target": "[\"0\",\"1\",\"2\",\"3\",\"4\",\"5\"]|6-1|543210"
  },
  {
    "source": "[\"0\",\"1\",\"2\",\"3\",\"5\"]|5-2A|332110",
    "target": "[\"0\",\"1\",\"2\",\"3\",\"4\",\"5\"]|6-1|543210"
  },
  {
    "source": "[\"0\",\"1\",\"2\",\"4\",\"5\"]|5-3A|322210",
    "target": "[\"0\",\"1\",\"2\",\"3\",\"4\",\"5\",\"6\"]|7-1|654321"
  },
  {
    "source": "[\"0\",\"1\",\"2\",\"3\",\"6\"]|5-4A|322111",
    "target": "[\"0\",\"1\",\"2\",\"3\",\"5\",\"6\"]|6-z3A|433221"
  },
  {
    "source": "[\"0\",\"1\",\"2\",\"3\",\"7\"]|5-5A|321121",
    "target": "[\"0\",\"1\",\"2\",\"3\",\"5\",\"6\",\"7\"]|7-5A|543342"
  },
  {
    "source": "[\"0\",\"1\",\"2\",\"5\",\"6\"]|5-6A|311221",
    "target": "[\"0\",\"1\",\"2\",\"3\",\"4\",\"7\",\"8\"]|7-6A|533442"
  },
  {
    "source": "[\"0\",\"1\",\"2\",\"6\",\"7\"]|5-7A|310132",
    "target": "[\"0\",\"1\",\"2\",\"6\",\"7\",\"8\"]|6-7|420243"
  },
  {
    "source": "[\"0\",\"2\",\"3\",\"4\",\"6\"]|5-8|232201",
    "target": "[\"0\",\"2\",\"3\",\"4\",\"5\",\"6\",\"8\"]|7-8|454422"
  },
  {
    "source": "[\"0\",\"1\",\"2\",\"4\",\"6\"]|5-9A|231211",
    "target": "[\"0\",\"1\",\"2\",\"3\",\"4\",\"6\",\"8\"]|7-9A|453432"
  },
  {
    "source": "[\"0\",\"1\",\"3\",\"4\",\"6\"]|5-10A|223111",
    "target": "[\"0\",\"1\",\"2\",\"3\",\"4\",\"6\",\"9\"]|7-10A|445332"
  },
  {
    "source": "[\"0\",\"2\",\"3\",\"4\",\"7\"]|5-11A|222220",
    "target": "[\"0\",\"1\",\"3\",\"4\",\"5\",\"6\",\"8\"]|7-11A|444441"
  },
  {
    "source": "[\"0\",\"1\",\"3\",\"5\",\"6\"]|5-z12|222121",
    "target": "[\"0\",\"1\",\"2\",\"4\",\"5\",\"7\"]|6-z11A|333231"
  },
  {
    "source": "[\"0\",\"1\",\"2\",\"4\",\"8\"]|5-13A|221311",
    "target": "[\"0\",\"1\",\"2\",\"4\",\"5\",\"6\",\"8\"]|7-13A|443532"
  },
  {
    "source": "[\"0\",\"1\",\"2\",\"5\",\"7\"]|5-14A|221131",
    "target": "[\"0\",\"1\",\"2\",\"3\",\"5\",\"7\",\"8\"]|7-14A|443352"
  },
  {
    "source": "[\"0\",\"1\",\"2\",\"6\",\"8\"]|5-15|220222",
    "target": "[\"0\",\"1\",\"2\",\"4\",\"6\",\"7\",\"8\"]|7-15|442443"
  },
  {
    "source": "[\"0\",\"1\",\"3\",\"4\",\"7\"]|5-16A|213211",
    "target": "[\"0\",\"1\",\"2\",\"3\",\"5\",\"6\",\"9\"]|7-16A|435432"
  },
  {
    "source": "[\"0\",\"1\",\"3\",\"4\",\"8\"]|5-z17|212320",
    "target": "[\"0\",\"1\",\"3\",\"4\",\"5\",\"8\"]|6-14A|323430"
  },
  {
    "source": "[\"0\",\"1\",\"4\",\"5\",\"7\"]|5-z18A|212221",
    "target": "[\"0\",\"1\",\"2\",\"5\",\"6\",\"8\",\"9\"]|7-22|424542"
  },
  {
    "source": "[\"0\",\"1\",\"3\",\"6\",\"7\"]|5-19A|212122",
    "target": "[\"0\",\"1\",\"2\",\"3\",\"6\",\"7\",\"9\"]|7-19A|434343"
  },
  {
    "source": "[\"0\",\"1\",\"5\",\"6\",\"8\"]|5-20A|211231",
    "target": "[\"0\",\"1\",\"2\",\"5\",\"6\",\"7\",\"9\"]|7-20A|433452"
  },
  {
    "source": "[\"0\",\"1\",\"4\",\"5\",\"8\"]|5-21A|202420",
    "target": "[\"0\",\"1\",\"4\",\"5\",\"8\",\"9\"]|6-20|303630"
  },
  {
    "source": "[\"0\",\"1\",\"4\",\"7\",\"8\"]|5-22|202321",
    "target": "[\"0\",\"1\",\"3\",\"4\",\"7\",\"8\"]|6-z19A|313431"
  },
  {
    "source": "[\"0\",\"2\",\"3\",\"5\",\"7\"]|5-23A|132130",
    "target": "[\"0\",\"2\",\"4\",\"5\",\"7\",\"9\"]|6-32|143250"
  },
  {
    "source": "[\"0\",\"1\",\"3\",\"5\",\"7\"]|5-24A|131221",
    "target": "[\"0\",\"1\",\"2\",\"3\",\"5\",\"7\",\"9\"]|7-24A|353442"
  },
  {
    "source": "[\"0\",\"2\",\"3\",\"5\",\"8\"]|5-25A|123121",
    "target": "[\"0\",\"2\",\"3\",\"4\",\"6\",\"7\",\"9\"]|7-25A|345342"
  },
  {
    "source": "[\"0\",\"2\",\"4\",\"5\",\"8\"]|5-26A|122311",
    "target": "[\"0\",\"1\",\"3\",\"4\",\"5\",\"7\",\"9\"]|7-26A|344532"
  },
  {
    "source": "[\"0\",\"1\",\"3\",\"5\",\"8\"]|5-27A|122230",
    "target": "[\"0\",\"1\",\"3\",\"5\",\"6\",\"8\",\"T\"]|7-35|254361"
  },
  {
    "source": "[\"0\",\"2\",\"3\",\"6\",\"8\"]|5-28A|122212",
    "target": "[\"0\",\"1\",\"3\",\"5\",\"6\",\"7\",\"9\"]|7-28A|344433"
  },
  {
    "source": "[\"0\",\"1\",\"3\",\"6\",\"8\"]|5-29A|122131",
    "target": "[\"0\",\"1\",\"3\",\"5\",\"6\",\"8\"]|6-z25A|233241"
  },
  {
    "source": "[\"0\",\"1\",\"4\",\"6\",\"8\"]|5-30A|121321",
    "target": "[\"0\",\"1\",\"2\",\"4\",\"6\",\"8\",\"9\"]|7-30A|343542"
  },
  {
    "source": "[\"0\",\"1\",\"3\",\"6\",\"9\"]|5-31A|114112",
    "target": "[\"0\",\"1\",\"3\",\"4\",\"6\",\"9\"]|6-27A|225222"
  },
  {
    "source": "[\"0\",\"1\",\"4\",\"6\",\"9\"]|5-32A|113221",
    "target": "[\"0\",\"1\",\"3\",\"4\",\"6\",\"8\",\"9\"]|7-32A|335442"
  },
  {
    "source": "[\"0\",\"2\",\"4\",\"6\",\"8\"]|5-33|040402",
    "target": "[\"0\",\"2\",\"4\",\"6\",\"8\",\"T\"]|6-35|060603"
  },
  {
    "source": "[\"0\",\"2\",\"4\",\"6\",\"9\"]|5-34|032221",
    "target": "[\"0\",\"1\",\"3\",\"4\",\"6\",\"8\",\"T\"]|7-34|254442"
  },
  {
    "source": "[\"0\",\"2\",\"4\",\"7\",\"9\"]|5-35|032140",
    "target": "[\"0\",\"2\",\"4\",\"5\",\"7\",\"9\"]|6-32|143250"
  },
  {
    "source": "[\"0\",\"1\",\"2\",\"4\",\"7\"]|5-z36A|222121",
    "target": "[\"0\",\"1\",\"2\",\"4\",\"5\",\"7\"]|6-z11A|333231"
  },
  {
    "source": "[\"0\",\"3\",\"4\",\"5\",\"8\"]|5-z37|212320",
    "target": "[\"0\",\"1\",\"3\",\"4\",\"5\",\"8\"]|6-14A|323430"
  },
  {
    "source": "[\"0\",\"1\",\"2\",\"5\",\"8\"]|5-z38A|212221",
    "target": "[\"0\",\"1\",\"2\",\"5\",\"6\",\"8\",\"9\"]|7-22|424542"
  },
  {
    "source": "[\"0\",\"1\",\"2\",\"3\",\"4\",\"5\"]|6-1|543210",
    "target": "[\"0\",\"1\",\"2\",\"3\",\"4\",\"5\",\"6\"]|7-1|654321"
  },
  {
    "source": "[\"0\",\"1\",\"2\",\"3\",\"4\",\"6\"]|6-2A|443211",
    "target": "[\"0\",\"1\",\"2\",\"3\",\"4\",\"5\",\"6\"]|7-1|654321"
  },
  {
    "source": "[\"0\",\"1\",\"2\",\"3\",\"5\",\"6\"]|6-z3A|433221",
    "target": "[\"0\",\"1\",\"2\",\"3\",\"4\",\"5\",\"6\",\"7\"]|8-1|765442"
  },
  {
    "source": "[\"0\",\"1\",\"2\",\"4\",\"5\",\"6\"]|6-z4|432321",
    "target": "[\"0\",\"1\",\"2\",\"3\",\"4\",\"5\",\"8\"]|7-3A|544431"
  },
  {
    "source": "[\"0\",\"1\",\"2\",\"3\",\"6\",\"7\"]|6-5A|422232",
    "target": "[\"0\",\"1\",\"2\",\"3\",\"6\",\"7\",\"8\",\"9\"]|8-9|644464"
  },
  {
    "source": "[\"0\",\"1\",\"2\",\"5\",\"6\",\"7\"]|6-z6|421242",
    "target": "[\"0\",\"1\",\"2\",\"3\",\"6\",\"7\",\"8\"]|7-7A|532353"
  },
  {
    "source": "[\"0\",\"1\",\"2\",\"6\",\"7\",\"8\"]|6-7|420243",
    "target": "[\"0\",\"1\",\"2\",\"5\",\"6\",\"7\"]|6-z6|421242"
  },
  {
    "source": "[\"0\",\"2\",\"3\",\"4\",\"5\",\"7\"]|6-8|343230",
    "target": "[\"0\",\"1\",\"2\",\"3\",\"4\",\"5\",\"7\"]|7-2A|554331"
  },
  {
    "source": "[\"0\",\"1\",\"2\",\"3\",\"5\",\"7\"]|6-9A|342231",
    "target": "[\"0\",\"1\",\"2\",\"3\",\"4\",\"5\",\"7\",\"9\"]|8-11A|565552"
  },
  {
    "source": "[\"0\",\"1\",\"3\",\"4\",\"5\",\"7\"]|6-z10A|333321",
    "target": "[\"0\",\"1\",\"2\",\"3\",\"4\",\"5\",\"6\",\"8\"]|8-2A|665542"
  },
  {
    "source": "[\"0\",\"1\",\"2\",\"4\",\"5\",\"7\"]|6-z11A|333231",
    "target": "[\"0\",\"1\",\"2\",\"3\",\"4\",\"7\",\"9\"]|7-z12|444342"
  },
  {
    "source": "[\"0\",\"1\",\"2\",\"4\",\"6\",\"7\"]|6-z12A|332232",
    "target": "[\"0\",\"1\",\"2\",\"3\",\"5\",\"6\",\"7\",\"8\"]|8-6|654463"
  },
  {
    "source": "[\"0\",\"1\",\"3\",\"4\",\"6\",\"7\"]|6-z13|324222",
    "target": "[\"0\",\"1\",\"3\",\"4\",\"6\",\"7\",\"9\"]|7-31A|336333"
  },
  {
    "source": "[\"0\",\"1\",\"3\",\"4\",\"5\",\"8\"]|6-14A|323430",
    "target": "[\"0\",\"1\",\"2\",\"4\",\"5\",\"6\",\"9\"]|7-z17|434541"
  },
  {
    "source": "[\"0\",\"1\",\"2\",\"4\",\"5\",\"8\"]|6-15A|323421",
    "target": "[\"0\",\"1\",\"2\",\"4\",\"5\",\"6\",\"8\",\"9\"]|8-19A|545752"
  },
  {
    "source": "[\"0\",\"1\",\"4\",\"5\",\"6\",\"8\"]|6-16A|322431",
    "target": "[\"0\",\"1\",\"2\",\"4\",\"5\",\"6\",\"8\",\"9\"]|8-19A|545752"
  },
  {
    "source": "[\"0\",\"1\",\"2\",\"4\",\"7\",\"8\"]|6-z17A|322332",
    "target": "[\"0\",\"1\",\"2\",\"3\",\"4\",\"7\",\"8\",\"9\"]|8-8|644563"
  },
  {
    "source": "[\"0\",\"1\",\"2\",\"5\",\"7\",\"8\"]|6-18A|322242",
    "target": "[\"0\",\"1\",\"2\",\"3\",\"6\",\"7\",\"8\",\"9\"]|8-9|644464"
  },
  {
    "source": "[\"0\",\"1\",\"3\",\"4\",\"7\",\"8\"]|6-z19A|313431",
    "target": "[\"0\",\"1\",\"2\",\"4\",\"5\",\"8\",\"9\"]|7-21A|424641"
  },
  {
    "source": "[\"0\",\"1\",\"4\",\"5\",\"8\",\"9\"]|6-20|303630",
    "target": "[\"0\",\"1\",\"2\",\"4\",\"5\",\"8\",\"9\"]|7-21A|424641"
  },
  {
    "source": "[\"0\",\"2\",\"3\",\"4\",\"6\",\"8\"]|6-21A|242412",
    "target": "[\"0\",\"1\",\"2\",\"4\",\"6\",\"8\",\"T\"]|7-33|262623"
  },
  {
    "source": "[\"0\",\"1\",\"2\",\"4\",\"6\",\"8\"]|6-22A|241422",
    "target": "[\"0\",\"1\",\"2\",\"4\",\"6\",\"8\",\"T\"]|7-33|262623"
  },
  {
    "source": "[\"0\",\"2\",\"3\",\"5\",\"6\",\"8\"]|6-z23|234222",
    "target": "[\"0\",\"1\",\"3\",\"4\",\"6\",\"7\",\"9\"]|7-31A|336333"
  },
  {
    "source": "[\"0\",\"1\",\"3\",\"4\",\"6\",\"8\"]|6-z24A|233331",
    "target": "[\"0\",\"1\",\"2\",\"3\",\"5\",\"6\",\"8\",\"T\"]|8-22A|465562"
  },
  {
    "source": "[\"0\",\"1\",\"3\",\"5\",\"6\",\"8\"]|6-z25A|233241",
    "target": "[\"0\",\"1\",\"2\",\"3\",\"5\",\"7\",\"8\",\"T\"]|8-23|465472"
  },
  {
    "source": "[\"0\",\"1\",\"3\",\"5\",\"7\",\"8\"]|6-z26|232341",
    "target": "[\"0\",\"1\",\"2\",\"4\",\"5\",\"7\",\"9\"]|7-27A|344451"
  },
  {
    "source": "[\"0\",\"1\",\"3\",\"4\",\"6\",\"9\"]|6-27A|225222",
    "target": "[\"0\",\"1\",\"3\",\"4\",\"6\",\"7\",\"9\",\"T\"]|8-28|448444"
  },
  {
    "source": "[\"0\",\"1\",\"3\",\"5\",\"6\",\"9\"]|6-z28|224322",
    "target": "[\"0\",\"1\",\"3\",\"4\",\"6\",\"7\",\"9\"]|7-31A|336333"
  },
  {
    "source": "[\"0\",\"2\",\"3\",\"6\",\"7\",\"9\"]|6-z29|224232",
    "target": "[\"0\",\"1\",\"3\",\"4\",\"6\",\"7\",\"9\"]|7-31A|336333"
  },
  {
    "source": "[\"0\",\"1\",\"3\",\"6\",\"7\",\"9\"]|6-30A|224223",
    "target": "[\"0\",\"1\",\"3\",\"4\",\"6\",\"7\",\"9\"]|7-31A|336333"
  },
  {
    "source": "[\"0\",\"1\",\"4\",\"5\",\"7\",\"9\"]|6-31A|223431",
    "target": "[\"0\",\"1\",\"2\",\"4\",\"5\",\"6\",\"8\",\"9\"]|8-19A|545752"
  },
  {
    "source": "[\"0\",\"2\",\"4\",\"5\",\"7\",\"9\"]|6-32|143250",
    "target": "[\"0\",\"1\",\"3\",\"5\",\"6\",\"8\",\"T\"]|7-35|254361"
  },
  {
    "source": "[\"0\",\"2\",\"3\",\"5\",\"7\",\"9\"]|6-33A|143241",
    "target": "[\"0\",\"1\",\"3\",\"5\",\"6\",\"8\",\"T\"]|7-35|254361"
  },
  {
    "source": "[\"0\",\"1\",\"3\",\"5\",\"7\",\"9\"]|6-34A|142422",
    "target": "[\"0\",\"1\",\"2\",\"4\",\"6\",\"8\",\"T\"]|7-33|262623"
  },
  {
    "source": "[\"0\",\"2\",\"4\",\"6\",\"8\",\"T\"]|6-35|060603",
    "target": "[\"0\",\"1\",\"2\",\"4\",\"6\",\"8\",\"T\"]|7-33|262623"
  },
  {
    "source": "[\"0\",\"1\",\"2\",\"3\",\"4\",\"7\"]|6-z36A|433221",
    "target": "[\"0\",\"1\",\"2\",\"3\",\"4\",\"5\",\"6\",\"7\"]|8-1|765442"
  },
  {
    "source": "[\"0\",\"1\",\"2\",\"3\",\"4\",\"8\"]|6-z37|432321",
    "target": "[\"0\",\"1\",\"2\",\"3\",\"4\",\"5\",\"8\"]|7-3A|544431"
  },
  {
    "source": "[\"0\",\"1\",\"2\",\"3\",\"7\",\"8\"]|6-z38|421242",
    "target": "[\"0\",\"1\",\"2\",\"3\",\"6\",\"7\",\"8\"]|7-7A|532353"
  },
  {
    "source": "[\"0\",\"2\",\"3\",\"4\",\"5\",\"8\"]|6-z39A|333321",
    "target": "[\"0\",\"1\",\"2\",\"3\",\"4\",\"5\",\"6\",\"8\"]|8-2A|665542"
  },
  {
    "source": "[\"0\",\"1\",\"2\",\"3\",\"5\",\"8\"]|6-z40A|333231",
    "target": "[\"0\",\"1\",\"2\",\"3\",\"4\",\"7\",\"9\"]|7-z12|444342"
  },
  {
    "source": "[\"0\",\"1\",\"2\",\"3\",\"6\",\"8\"]|6-z41A|332232",
    "target": "[\"0\",\"1\",\"2\",\"3\",\"5\",\"6\",\"7\",\"8\"]|8-6|654463"
  },
  {
    "source": "[\"0\",\"1\",\"2\",\"3\",\"6\",\"9\"]|6-z42|324222",
    "target": "[\"0\",\"1\",\"3\",\"4\",\"6\",\"7\",\"9\"]|7-31A|336333"
  },
  {
    "source": "[\"0\",\"1\",\"2\",\"5\",\"6\",\"8\"]|6-z43A|322332",
    "target": "[\"0\",\"1\",\"2\",\"3\",\"4\",\"7\",\"8\",\"9\"]|8-8|644563"
  },
  {
    "source": "[\"0\",\"1\",\"2\",\"5\",\"6\",\"9\"]|6-z44A|313431",
    "target": "[\"0\",\"1\",\"2\",\"4\",\"5\",\"8\",\"9\"]|7-21A|424641"
  },
  {
    "source": "[\"0\",\"2\",\"3\",\"4\",\"6\",\"9\"]|6-z45|234222",
    "target": "[\"0\",\"1\",\"3\",\"4\",\"6\",\"7\",\"9\"]|7-31A|336333"
  },
  {
    "source": "[\"0\",\"1\",\"2\",\"4\",\"6\",\"9\"]|6-z46A|233331",
    "target": "[\"0\",\"1\",\"2\",\"3\",\"5\",\"6\",\"8\",\"T\"]|8-22A|465562"
  },
  {
    "source": "[\"0\",\"1\",\"2\",\"4\",\"7\",\"9\"]|6-z47A|233241",
    "target": "[\"0\",\"1\",\"2\",\"3\",\"5\",\"7\",\"8\",\"T\"]|8-23|465472"
  },
  {
    "source": "[\"0\",\"1\",\"2\",\"5\",\"7\",\"9\"]|6-z48|232341",
    "target": "[\"0\",\"1\",\"2\",\"4\",\"5\",\"7\",\"9\"]|7-27A|344451"
  },
  {
    "source": "[\"0\",\"1\",\"3\",\"4\",\"7\",\"9\"]|6-z49|224322",
    "target": "[\"0\",\"1\",\"3\",\"4\",\"6\",\"7\",\"9\"]|7-31A|336333"
  },
  {
    "source": "[\"0\",\"1\",\"4\",\"6\",\"7\",\"9\"]|6-z50|224232",
    "target": "[\"0\",\"1\",\"3\",\"4\",\"6\",\"7\",\"9\"]|7-31A|336333"
  },
  {
    "source": "[\"0\",\"1\",\"2\",\"3\",\"4\",\"5\",\"6\"]|7-1|654321",
    "target": "[\"0\",\"1\",\"2\",\"3\",\"4\",\"5\",\"7\"]|7-2A|554331"
  },
  {
    "source": "[\"0\",\"1\",\"2\",\"3\",\"4\",\"5\",\"7\"]|7-2A|554331",
    "target": "[\"0\",\"1\",\"2\",\"3\",\"4\",\"5\",\"6\",\"7\"]|8-1|765442"
  },
  {
    "source": "[\"0\",\"1\",\"2\",\"3\",\"4\",\"5\",\"8\"]|7-3A|544431",
    "target": "[\"0\",\"1\",\"2\",\"3\",\"4\",\"5\",\"6\",\"8\"]|8-2A|665542"
  },
  {
    "source": "[\"0\",\"1\",\"2\",\"3\",\"4\",\"6\",\"7\"]|7-4A|544332",
    "target": "[\"0\",\"1\",\"2\",\"3\",\"4\",\"5\",\"6\",\"7\"]|8-1|765442"
  },
  {
    "source": "[\"0\",\"1\",\"2\",\"3\",\"5\",\"6\",\"7\"]|7-5A|543342",
    "target": "[\"0\",\"1\",\"2\",\"3\",\"5\",\"6\",\"7\",\"8\"]|8-6|654463"
  },
  {
    "source": "[\"0\",\"1\",\"2\",\"3\",\"4\",\"7\",\"8\"]|7-6A|533442",
    "target": "[\"0\",\"1\",\"2\",\"3\",\"4\",\"7\",\"8\",\"9\"]|8-8|644563"
  },
  {
    "source": "[\"0\",\"1\",\"2\",\"3\",\"6\",\"7\",\"8\"]|7-7A|532353",
    "target": "[\"0\",\"1\",\"2\",\"3\",\"6\",\"7\",\"8\",\"9\"]|8-9|644464"
  },
  {
    "source": "[\"0\",\"2\",\"3\",\"4\",\"5\",\"6\",\"8\"]|7-8|454422",
    "target": "[\"0\",\"1\",\"2\",\"3\",\"4\",\"5\",\"6\",\"8\"]|8-2A|665542"
  },
  {
    "source": "[\"0\",\"1\",\"2\",\"3\",\"4\",\"6\",\"8\"]|7-9A|453432",
    "target": "[\"0\",\"1\",\"2\",\"3\",\"4\",\"5\",\"6\",\"8\",\"T\"]|9-6|686763"
  },
  {
    "source": "[\"0\",\"1\",\"2\",\"3\",\"4\",\"6\",\"9\"]|7-10A|445332",
    "target": "[\"0\",\"1\",\"3\",\"4\",\"5\",\"6\",\"7\",\"9\"]|8-12A|556543"
  },
  {
    "source": "[\"0\",\"1\",\"3\",\"4\",\"5\",\"6\",\"8\"]|7-11A|444441",
    "target": "[\"0\",\"1\",\"2\",\"3\",\"4\",\"5\",\"7\",\"8\"]|8-4A|655552"
  },
  {
    "source": "[\"0\",\"1\",\"2\",\"3\",\"4\",\"7\",\"9\"]|7-z12|444342",
    "target": "[\"0\",\"1\",\"2\",\"3\",\"4\",\"6\",\"7\",\"9\"]|8-13A|556453"
  },
  {
    "source": "[\"0\",\"1\",\"2\",\"4\",\"5\",\"6\",\"8\"]|7-13A|443532",
    "target": "[\"0\",\"1\",\"2\",\"4\",\"5\",\"6\",\"8\",\"9\",\"T\"]|9-12|666963"
  },
  {
    "source": "[\"0\",\"1\",\"2\",\"3\",\"5\",\"7\",\"8\"]|7-14A|443352",
    "target": "[\"0\",\"1\",\"2\",\"3\",\"5\",\"6\",\"7\",\"8\"]|8-6|654463"
  },
  {
    "source": "[\"0\",\"1\",\"2\",\"4\",\"6\",\"7\",\"8\"]|7-15|442443",
    "target": "[\"0\",\"1\",\"2\",\"3\",\"4\",\"6\",\"7\",\"8\"]|8-5A|654553"
  },
  {
    "source": "[\"0\",\"1\",\"2\",\"3\",\"5\",\"6\",\"9\"]|7-16A|435432",
    "target": "[\"0\",\"1\",\"3\",\"4\",\"5\",\"6\",\"7\",\"9\"]|8-12A|556543"
  },
  {
    "source": "[\"0\",\"1\",\"2\",\"4\",\"5\",\"6\",\"9\"]|7-z17|434541",
    "target": "[\"0\",\"1\",\"2\",\"4\",\"5\",\"6\",\"8\",\"9\"]|8-19A|545752"
  },
  {
    "source": "[\"0\",\"1\",\"4\",\"5\",\"6\",\"7\",\"9\"]|7-z18A|434442",
    "target": "[\"0\",\"1\",\"2\",\"3\",\"5\",\"6\",\"8\",\"9\"]|8-18A|546553"
  },
  {
    "source": "[\"0\",\"1\",\"2\",\"3\",\"6\",\"7\",\"9\"]|7-19A|434343",
    "target": "[\"0\",\"1\",\"2\",\"3\",\"4\",\"6\",\"7\",\"8\",\"9\"]|9-5A|766674"
  },
  {
    "source": "[\"0\",\"1\",\"2\",\"5\",\"6\",\"7\",\"9\"]|7-20A|433452",
    "target": "[\"0\",\"1\",\"2\",\"3\",\"4\",\"7\",\"8\",\"9\"]|8-8|644563"
  },
  {
    "source": "[\"0\",\"1\",\"2\",\"4\",\"5\",\"8\",\"9\"]|7-21A|424641",
    "target": "[\"0\",\"1\",\"2\",\"5\",\"6\",\"8\",\"9\"]|7-22|424542"
  },
  {
    "source": "[\"0\",\"1\",\"2\",\"5\",\"6\",\"8\",\"9\"]|7-22|424542",
    "target": "[\"0\",\"1\",\"2\",\"4\",\"5\",\"6\",\"8\",\"9\"]|8-19A|545752"
  },
  {
    "source": "[\"0\",\"2\",\"3\",\"4\",\"5\",\"7\",\"9\"]|7-23A|354351",
    "target": "[\"0\",\"1\",\"2\",\"3\",\"5\",\"7\",\"8\",\"T\"]|8-23|465472"
  },
  {
    "source": "[\"0\",\"1\",\"2\",\"3\",\"5\",\"7\",\"9\"]|7-24A|353442",
    "target": "[\"0\",\"1\",\"2\",\"3\",\"4\",\"5\",\"6\",\"8\",\"T\"]|9-6|686763"
  },
  {
    "source": "[\"0\",\"2\",\"3\",\"4\",\"6\",\"7\",\"9\"]|7-25A|345342",
    "target": "[\"0\",\"1\",\"2\",\"3\",\"4\",\"6\",\"7\",\"9\"]|8-13A|556453"
  },
  {
    "source": "[\"0\",\"1\",\"3\",\"4\",\"5\",\"7\",\"9\"]|7-26A|344532",
    "target": "[\"0\",\"1\",\"2\",\"4\",\"5\",\"6\",\"8\",\"9\",\"T\"]|9-12|666963"
  },
  {
    "source": "[\"0\",\"1\",\"2\",\"4\",\"5\",\"7\",\"9\"]|7-27A|344451",
    "target": "[\"0\",\"1\",\"2\",\"3\",\"5\",\"6\",\"8\",\"T\"]|8-22A|465562"
  },
  {
    "source": "[\"0\",\"1\",\"3\",\"5\",\"6\",\"7\",\"9\"]|7-28A|344433",
    "target": "[\"0\",\"1\",\"2\",\"3\",\"4\",\"6\",\"7\",\"8\",\"T\"]|9-8A|676764"
  },
  {
    "source": "[\"0\",\"1\",\"2\",\"4\",\"6\",\"7\",\"9\"]|7-29A|344352",
    "target": "[\"0\",\"1\",\"2\",\"3\",\"5\",\"7\",\"8\",\"T\"]|8-23|465472"
  },
  {
    "source": "[\"0\",\"1\",\"2\",\"4\",\"6\",\"8\",\"9\"]|7-30A|343542",
    "target": "[\"0\",\"1\",\"2\",\"4\",\"5\",\"6\",\"8\",\"9\",\"T\"]|9-12|666963"
  },
  {
    "source": "[\"0\",\"1\",\"3\",\"4\",\"6\",\"7\",\"9\"]|7-31A|336333",
    "target": "[\"0\",\"1\",\"3\",\"4\",\"6\",\"7\",\"9\",\"T\"]|8-28|448444"
  },
  {
    "source": "[\"0\",\"1\",\"3\",\"4\",\"6\",\"8\",\"9\"]|7-32A|335442",
    "target": "[\"0\",\"1\",\"2\",\"3\",\"5\",\"6\",\"8\",\"9\"]|8-18A|546553"
  },
  {
    "source": "[\"0\",\"1\",\"2\",\"4\",\"6\",\"8\",\"T\"]|7-33|262623",
    "target": "[\"0\",\"1\",\"2\",\"3\",\"4\",\"6\",\"8\",\"T\"]|8-21|474643"
  },
  {
    "source": "[\"0\",\"1\",\"3\",\"4\",\"6\",\"8\",\"T\"]|7-34|254442",
    "target": "[\"0\",\"1\",\"2\",\"3\",\"5\",\"6\",\"8\",\"T\"]|8-22A|465562"
  },
  {
    "source": "[\"0\",\"1\",\"3\",\"5\",\"6\",\"8\",\"T\"]|7-35|254361",
    "target": "[\"0\",\"1\",\"2\",\"3\",\"5\",\"7\",\"8\",\"T\"]|8-23|465472"
  },
  {
    "source": "[\"0\",\"1\",\"2\",\"3\",\"5\",\"6\",\"8\"]|7-z36A|444342",
    "target": "[\"0\",\"1\",\"2\",\"3\",\"4\",\"6\",\"7\",\"9\"]|8-13A|556453"
  },
  {
    "source": "[\"0\",\"1\",\"3\",\"4\",\"5\",\"7\",\"8\"]|7-z37|434541",
    "target": "[\"0\",\"1\",\"2\",\"4\",\"5\",\"6\",\"8\",\"9\"]|8-19A|545752"
  },
  {
    "source": "[\"0\",\"1\",\"2\",\"4\",\"5\",\"7\",\"8\"]|7-z38A|434442",
    "target": "[\"0\",\"1\",\"2\",\"3\",\"5\",\"6\",\"8\",\"9\"]|8-18A|546553"
  },
  {
    "source": "[\"0\",\"1\",\"2\",\"3\",\"4\",\"5\",\"6\",\"7\"]|8-1|765442",
    "target": "[\"0\",\"1\",\"2\",\"3\",\"4\",\"5\",\"6\",\"7\",\"8\"]|9-1|876663"
  },
  {
    "source": "[\"0\",\"1\",\"2\",\"3\",\"4\",\"5\",\"6\",\"8\"]|8-2A|665542",
    "target": "[\"0\",\"1\",\"2\",\"3\",\"4\",\"5\",\"6\",\"7\",\"8\"]|9-1|876663"
  },
  {
    "source": "[\"0\",\"1\",\"2\",\"3\",\"4\",\"5\",\"6\",\"9\"]|8-3|656542",
    "target": "[\"0\",\"1\",\"2\",\"3\",\"4\",\"5\",\"6\",\"7\",\"9\"]|9-2A|777663"
  },
  {
    "source": "[\"0\",\"1\",\"2\",\"3\",\"4\",\"5\",\"7\",\"8\"]|8-4A|655552",
    "target": "[\"0\",\"1\",\"2\",\"3\",\"4\",\"5\",\"6\",\"7\",\"8\"]|9-1|876663"
  },
  {
    "source": "[\"0\",\"1\",\"2\",\"3\",\"4\",\"6\",\"7\",\"8\"]|8-5A|654553",
    "target": "[\"0\",\"1\",\"2\",\"3\",\"4\",\"6\",\"7\",\"8\",\"9\"]|9-5A|766674"
  },
  {
    "source": "[\"0\",\"1\",\"2\",\"3\",\"5\",\"6\",\"7\",\"8\"]|8-6|654463",
    "target": "[\"0\",\"1\",\"2\",\"3\",\"4\",\"6\",\"7\",\"8\",\"9\"]|9-5A|766674"
  },
  {
    "source": "[\"0\",\"1\",\"2\",\"3\",\"4\",\"5\",\"8\",\"9\"]|8-7|645652",
    "target": "[\"0\",\"1\",\"2\",\"3\",\"4\",\"5\",\"6\",\"8\",\"9\"]|9-3A|767763"
  },
  {
    "source": "[\"0\",\"1\",\"2\",\"3\",\"4\",\"7\",\"8\",\"9\"]|8-8|644563",
    "target": "[\"0\",\"1\",\"2\",\"3\",\"4\",\"6\",\"7\",\"8\",\"9\"]|9-5A|766674"
  },
  {
    "source": "[\"0\",\"1\",\"2\",\"3\",\"6\",\"7\",\"8\",\"9\"]|8-9|644464",
    "target": "[\"0\",\"1\",\"2\",\"3\",\"4\",\"6\",\"7\",\"8\",\"9\"]|9-5A|766674"
  },
  {
    "source": "[\"0\",\"2\",\"3\",\"4\",\"5\",\"6\",\"7\",\"9\"]|8-10|566452",
    "target": "[\"0\",\"1\",\"2\",\"3\",\"4\",\"5\",\"6\",\"7\",\"9\"]|9-2A|777663"
  },
  {
    "source": "[\"0\",\"1\",\"2\",\"3\",\"4\",\"5\",\"7\",\"9\"]|8-11A|565552",
    "target": "[\"0\",\"1\",\"2\",\"3\",\"4\",\"5\",\"6\",\"8\",\"T\"]|9-6|686763"
  },
  {
    "source": "[\"0\",\"1\",\"3\",\"4\",\"5\",\"6\",\"7\",\"9\"]|8-12A|556543",
    "target": "[\"0\",\"1\",\"2\",\"3\",\"4\",\"6\",\"7\",\"9\",\"T\"]|9-10|668664"
  },
  {
    "source": "[\"0\",\"1\",\"2\",\"3\",\"4\",\"6\",\"7\",\"9\"]|8-13A|556453",
    "target": "[\"0\",\"1\",\"2\",\"3\",\"4\",\"6\",\"7\",\"9\",\"T\"]|9-10|668664"
  },
  {
    "source": "[\"0\",\"1\",\"2\",\"4\",\"5\",\"6\",\"7\",\"9\"]|8-14A|555562",
    "target": "[\"0\",\"1\",\"2\",\"3\",\"5\",\"6\",\"7\",\"8\",\"T\"]|9-9|676683"
  },
  {
    "source": "[\"0\",\"1\",\"2\",\"3\",\"4\",\"6\",\"8\",\"9\"]|8-z15A|555553",
    "target": "[\"0\",\"1\",\"2\",\"3\",\"4\",\"6\",\"7\",\"8\",\"9\"]|9-5A|766674"
  },
  {
    "source": "[\"0\",\"1\",\"2\",\"3\",\"5\",\"7\",\"8\",\"9\"]|8-16A|554563",
    "target": "[\"0\",\"1\",\"2\",\"3\",\"4\",\"6\",\"7\",\"8\",\"9\"]|9-5A|766674"
  },
  {
    "source": "[\"0\",\"1\",\"3\",\"4\",\"5\",\"6\",\"8\",\"9\"]|8-17|546652",
    "target": "[\"0\",\"1\",\"2\",\"3\",\"4\",\"5\",\"6\",\"8\",\"9\"]|9-3A|767763"
  },
  {
    "source": "[\"0\",\"1\",\"2\",\"3\",\"5\",\"6\",\"8\",\"9\"]|8-18A|546553",
    "target": "[\"0\",\"1\",\"2\",\"3\",\"4\",\"6\",\"7\",\"9\",\"T\"]|9-10|668664"
  },
  {
    "source": "[\"0\",\"1\",\"2\",\"4\",\"5\",\"6\",\"8\",\"9\"]|8-19A|545752",
    "target": "[\"0\",\"1\",\"2\",\"4\",\"5\",\"6\",\"8\",\"9\",\"T\"]|9-12|666963"
  },
  {
    "source": "[\"0\",\"1\",\"2\",\"4\",\"5\",\"7\",\"8\",\"9\"]|8-20|545662",
    "target": "[\"0\",\"1\",\"2\",\"3\",\"4\",\"5\",\"7\",\"8\",\"9\"]|9-4A|766773"
  },
  {
    "source": "[\"0\",\"1\",\"2\",\"3\",\"4\",\"6\",\"8\",\"T\"]|8-21|474643",
    "target": "[\"0\",\"1\",\"2\",\"4\",\"6\",\"7\",\"8\",\"T\"]|8-25|464644"
  },
  {
    "source": "[\"0\",\"1\",\"2\",\"3\",\"5\",\"6\",\"8\",\"T\"]|8-22A|465562",
    "target": "[\"0\",\"1\",\"2\",\"3\",\"5\",\"6\",\"7\",\"8\",\"T\"]|9-9|676683"
  },
  {
    "source": "[\"0\",\"1\",\"2\",\"3\",\"5\",\"7\",\"8\",\"T\"]|8-23|465472",
    "target": "[\"0\",\"1\",\"2\",\"3\",\"5\",\"6\",\"7\",\"8\",\"T\"]|9-9|676683"
  },
  {
    "source": "[\"0\",\"1\",\"2\",\"4\",\"5\",\"6\",\"8\",\"T\"]|8-24|464743",
    "target": "[\"0\",\"1\",\"2\",\"4\",\"6\",\"7\",\"8\",\"T\"]|8-25|464644"
  },
  {
    "source": "[\"0\",\"1\",\"2\",\"4\",\"6\",\"7\",\"8\",\"T\"]|8-25|464644",
    "target": "[\"0\",\"1\",\"2\",\"3\",\"4\",\"6\",\"7\",\"8\",\"T\"]|9-8A|676764"
  },
  {
    "source": "[\"0\",\"1\",\"3\",\"4\",\"5\",\"7\",\"8\",\"T\"]|8-26|456562",
    "target": "[\"0\",\"1\",\"2\",\"3\",\"4\",\"5\",\"7\",\"8\",\"T\"]|9-7A|677673"
  },
  {
    "source": "[\"0\",\"1\",\"2\",\"4\",\"5\",\"7\",\"8\",\"T\"]|8-27A|456553",
    "target": "[\"0\",\"1\",\"2\",\"3\",\"4\",\"6\",\"7\",\"9\",\"T\"]|9-10|668664"
  },
  {
    "source": "[\"0\",\"1\",\"3\",\"4\",\"6\",\"7\",\"9\",\"T\"]|8-28|448444",
    "target": "[\"0\",\"1\",\"2\",\"3\",\"4\",\"6\",\"7\",\"9\",\"T\"]|9-10|668664"
  },
  {
    "source": "[\"0\",\"1\",\"2\",\"3\",\"5\",\"6\",\"7\",\"9\"]|8-z29A|555553",
    "target": "[\"0\",\"1\",\"2\",\"3\",\"4\",\"6\",\"7\",\"8\",\"9\"]|9-5A|766674"
  },
  {
    "source": "[\"0\",\"1\",\"2\",\"3\",\"4\",\"5\",\"6\",\"7\",\"8\"]|9-1|876663",
    "target": "[\"0\",\"1\",\"2\",\"3\",\"4\",\"5\",\"6\",\"7\",\"9\"]|9-2A|777663"
  },
  {
    "source": "[\"0\",\"1\",\"2\",\"3\",\"4\",\"5\",\"6\",\"7\",\"9\"]|9-2A|777663",
    "target": "[\"0\",\"1\",\"2\",\"3\",\"4\",\"5\",\"6\",\"8\",\"9\"]|9-3A|767763"
  },
  {
    "source": "[\"0\",\"1\",\"2\",\"3\",\"4\",\"5\",\"6\",\"8\",\"9\"]|9-3A|767763",
    "target": "[\"0\",\"1\",\"2\",\"3\",\"4\",\"5\",\"7\",\"8\",\"9\"]|9-4A|766773"
  },
  {
    "source": "[\"0\",\"1\",\"2\",\"3\",\"4\",\"5\",\"7\",\"8\",\"9\"]|9-4A|766773",
    "target": "[\"0\",\"1\",\"2\",\"3\",\"4\",\"6\",\"7\",\"8\",\"9\"]|9-5A|766674"
  },
  {
    "source": "[\"0\",\"1\",\"2\",\"3\",\"4\",\"6\",\"7\",\"8\",\"9\"]|9-5A|766674",
    "target": "[\"0\",\"1\",\"2\",\"3\",\"5\",\"6\",\"7\",\"8\",\"T\"]|9-9|676683"
  },
  {
    "source": "[\"0\",\"1\",\"2\",\"3\",\"4\",\"5\",\"6\",\"8\",\"T\"]|9-6|686763",
    "target": "[\"0\",\"1\",\"2\",\"3\",\"4\",\"6\",\"7\",\"8\",\"T\"]|9-8A|676764"
  },
  {
    "source": "[\"0\",\"1\",\"2\",\"3\",\"4\",\"5\",\"7\",\"8\",\"T\"]|9-7A|677673",
    "target": "[\"0\",\"1\",\"2\",\"3\",\"5\",\"6\",\"7\",\"8\",\"T\"]|9-9|676683"
  },
  {
    "source": "[\"0\",\"1\",\"2\",\"3\",\"4\",\"6\",\"7\",\"8\",\"T\"]|9-8A|676764",
    "target": "[\"0\",\"1\",\"2\",\"3\",\"5\",\"6\",\"7\",\"8\",\"T\"]|9-9|676683"
  },
  {
    "source": "[\"0\",\"1\",\"2\",\"3\",\"4\",\"6\",\"7\",\"9\",\"T\"]|9-10|668664",
    "target": "[\"0\",\"1\",\"2\",\"3\",\"4\",\"5\",\"6\",\"7\",\"9\"]|9-2A|777663"
  },
  {
    "source": "[\"0\",\"1\",\"2\",\"3\",\"5\",\"6\",\"7\",\"9\",\"T\"]|9-11A|667773",
    "target": "[\"0\",\"1\",\"2\",\"3\",\"4\",\"5\",\"6\",\"8\",\"9\"]|9-3A|767763"
  },
  {
    "source": "[\"0\",\"1\",\"2\",\"4\",\"5\",\"6\",\"8\",\"9\",\"T\"]|9-12|666963",
    "target": "[\"0\",\"1\",\"2\",\"3\",\"4\",\"6\",\"7\",\"8\",\"T\"]|9-8A|676764"
  },
  {
    "source": "[\"0\",\"1\",\"2\",\"3\",\"4\",\"5\",\"6\",\"7\",\"8\",\"9\"]|10-1|988884",
    "target": "[\"0\",\"1\",\"2\",\"3\",\"4\",\"5\",\"6\",\"7\",\"8\",\"9\",\"T\"]|11-1|TTTTT5"
  },
  {
    "source": "[\"0\",\"1\",\"2\",\"3\",\"4\",\"5\",\"6\",\"7\",\"8\",\"T\"]|10-2|898884",
    "target": "[\"0\",\"1\",\"2\",\"3\",\"4\",\"5\",\"6\",\"7\",\"8\",\"9\",\"T\"]|11-1|TTTTT5"
  },
  {
    "source": "[\"0\",\"1\",\"2\",\"3\",\"4\",\"5\",\"6\",\"7\",\"9\",\"T\"]|10-3|889884",
    "target": "[\"0\",\"1\",\"2\",\"3\",\"4\",\"5\",\"6\",\"7\",\"8\",\"9\",\"T\"]|11-1|TTTTT5"
  },
  {
    "source": "[\"0\",\"1\",\"2\",\"3\",\"4\",\"5\",\"6\",\"8\",\"9\",\"T\"]|10-4|888984",
    "target": "[\"0\",\"1\",\"2\",\"3\",\"4\",\"5\",\"6\",\"7\",\"8\",\"9\",\"T\"]|11-1|TTTTT5"
  },
  {
    "source": "[\"0\",\"1\",\"2\",\"3\",\"4\",\"5\",\"7\",\"8\",\"9\",\"T\"]|10-5|888894",
    "target": "[\"0\",\"1\",\"2\",\"3\",\"4\",\"5\",\"6\",\"7\",\"8\",\"9\",\"T\"]|11-1|TTTTT5"
  },
  {
    "source": "[\"0\",\"1\",\"2\",\"3\",\"4\",\"6\",\"7\",\"8\",\"9\",\"T\"]|10-6|888885",
    "target": "[\"0\",\"1\",\"2\",\"3\",\"4\",\"6\",\"8\",\"9\"]|8-z15A|555553"
  },
  {
    "source": "[\"0\",\"1\",\"2\",\"3\",\"4\",\"5\",\"6\",\"7\",\"8\",\"9\",\"T\"]|11-1|TTTTT5",
    "target": "[\"0\",\"1\",\"2\",\"3\",\"4\",\"5\",\"6\",\"7\",\"8\",\"9\",\"T\",\"E\"]|12-1|CCCCC6"
  },
  {
    "source": "[\"0\",\"1\",\"2\",\"3\",\"4\",\"5\",\"6\",\"7\",\"8\",\"9\",\"T\",\"E\"]|12-1|CCCCC6",
    "target": "[\"0\",\"1\",\"2\",\"3\",\"4\",\"6\",\"8\",\"9\"]|8-z15A|555553"
  }
]
