{"size":{"width":9250,"height":1750},"nodes":[{"x":50,"y":200,"data":"[\"0\"]|1-1|000000"},{"x":50,"y":50,"data":"[\"\"]|0-1|000000"},{"x":200,"y":200,"data":"[\"0\",\"1\",\"2\"]|3-1|210000"},{"x":200,"y":50,"data":"[\"0\",\"1\"]|2-1|100000"},{"x":200,"y":350,"data":"[\"0\",\"1\",\"2\",\"3\"]|4-1|321000"},{"x":350,"y":500,"data":"[\"0\",\"1\",\"2\",\"3\",\"4\"]|5-1|432100"},{"x":500,"y":350,"data":"[\"0\",\"1\",\"2\",\"4\"]|4-2A|221100"},{"x":350,"y":350,"data":"[\"0\",\"1\",\"3\"]|3-2A|111000"},{"x":500,"y":650,"data":"[\"0\",\"1\",\"2\",\"3\",\"4\",\"5\"]|6-1|543210"},{"x":500,"y":500,"data":"[\"0\",\"1\",\"2\",\"3\",\"5\"]|5-2A|332110"},{"x":800,"y":800,"data":"[\"0\",\"1\",\"2\",\"3\",\"4\",\"5\",\"6\"]|7-1|654321"},{"x":800,"y":650,"data":"[\"0\",\"1\",\"2\",\"3\",\"4\",\"6\"]|6-2A|443211"},{"x":650,"y":650,"data":"[\"0\",\"1\",\"2\",\"4\",\"5\"]|5-3A|322210"},{"x":800,"y":500,"data":"[\"0\",\"1\",\"2\",\"5\"]|4-4A|211110"},{"x":650,"y":500,"data":"[\"0\",\"1\",\"3\",\"4\"]|4-3|212100"},{"x":650,"y":350,"data":"[\"0\",\"1\",\"4\"]|3-3A|101100"},{"x":1100,"y":950,"data":"[\"0\",\"1\",\"2\",\"3\",\"4\",\"5\",\"7\"]|7-2A|554331"},{"x":1100,"y":800,"data":"[\"0\",\"2\",\"3\",\"4\",\"5\",\"7\"]|6-8|343230"},{"x":1100,"y":650,"data":"[\"0\",\"1\",\"3\",\"5\"]|4-11A|121110"},{"x":950,"y":650,"data":"[\"0\",\"2\",\"3\",\"5\"]|4-10|122010"},{"x":1400,"y":1100,"data":"[\"0\",\"1\",\"2\",\"3\",\"4\",\"5\",\"6\",\"7\"]|8-1|765442"},{"x":1400,"y":950,"data":"[\"0\",\"1\",\"2\",\"3\",\"4\",\"6\",\"7\"]|7-4A|544332"},{"x":1250,"y":950,"data":"[\"0\",\"1\",\"2\",\"3\",\"4\",\"7\"]|6-z36A|433221"},{"x":1250,"y":800,"data":"[\"0\",\"1\",\"2\",\"3\",\"5\",\"6\"]|6-z3A|433221"},{"x":1250,"y":650,"data":"[\"0\",\"1\",\"2\",\"3\",\"6\"]|5-4A|322111"},{"x":1700,"y":1250,"data":"[\"0\",\"1\",\"2\",\"3\",\"4\",\"5\",\"6\",\"7\",\"8\"]|9-1|876663"},{"x":1700,"y":1100,"data":"[\"0\",\"1\",\"2\",\"3\",\"4\",\"5\",\"6\",\"8\"]|8-2A|665542"},{"x":1850,"y":950,"data":"[\"0\",\"2\",\"3\",\"4\",\"5\",\"6\",\"8\"]|7-8|454422"},{"x":1850,"y":800,"data":"[\"0\",\"2\",\"3\",\"4\",\"6\"]|5-8|232201"},{"x":1700,"y":950,"data":"[\"0\",\"1\",\"2\",\"3\",\"4\",\"5\",\"8\"]|7-3A|544431"},{"x":1700,"y":800,"data":"[\"0\",\"1\",\"2\",\"3\",\"4\",\"8\"]|6-z37|432321"},{"x":1700,"y":650,"data":"[\"0\",\"1\",\"2\",\"4\",\"5\",\"6\"]|6-z4|432321"},{"x":1550,"y":950,"data":"[\"0\",\"2\",\"3\",\"4\",\"5\",\"8\"]|6-z39A|333321"},{"x":1550,"y":800,"data":"[\"0\",\"1\",\"3\",\"4\",\"5\",\"7\"]|6-z10A|333321"},{"x":2300,"y":1400,"data":"[\"0\",\"1\",\"2\",\"3\",\"4\",\"5\",\"6\",\"7\",\"8\",\"9\"]|10-1|988884"},{"x":2600,"y":1250,"data":"[\"0\",\"1\",\"2\",\"3\",\"4\",\"5\",\"7\",\"8\",\"9\"]|9-4A|766773"},{"x":2600,"y":1100,"data":"[\"0\",\"1\",\"2\",\"4\",\"5\",\"7\",\"8\",\"9\"]|8-20|545662"},{"x":2300,"y":1250,"data":"[\"0\",\"1\",\"2\",\"3\",\"4\",\"5\",\"6\",\"8\",\"9\"]|9-3A|767763"},{"x":2450,"y":1100,"data":"[\"0\",\"1\",\"3\",\"4\",\"5\",\"6\",\"8\",\"9\"]|8-17|546652"},{"x":2300,"y":1100,"data":"[\"0\",\"1\",\"2\",\"3\",\"4\",\"5\",\"8\",\"9\"]|8-7|645652"},{"x":2150,"y":1250,"data":"[\"0\",\"1\",\"2\",\"3\",\"4\",\"5\",\"6\",\"7\",\"9\"]|9-2A|777663"},{"x":2150,"y":1100,"data":"[\"0\",\"2\",\"3\",\"4\",\"5\",\"6\",\"7\",\"9\"]|8-10|566452"},{"x":2000,"y":1100,"data":"[\"0\",\"1\",\"2\",\"3\",\"4\",\"5\",\"6\",\"9\"]|8-3|656542"},{"x":1850,"y":1250,"data":"[\"0\",\"1\",\"2\",\"3\",\"4\",\"5\",\"7\",\"8\"]|8-4A|655552"},{"x":1850,"y":1100,"data":"[\"0\",\"1\",\"3\",\"4\",\"5\",\"6\",\"8\"]|7-11A|444441"},{"x":2000,"y":950,"data":"[\"0\",\"2\",\"3\",\"4\",\"7\"]|5-11A|222220"},{"x":4250,"y":1550,"data":"[\"0\",\"1\",\"2\",\"3\",\"4\",\"5\",\"6\",\"7\",\"8\",\"9\",\"T\"]|11-1|TTTTT5"},{"x":7250,"y":1400,"data":"[\"0\",\"1\",\"2\",\"3\",\"4\",\"6\",\"7\",\"8\",\"9\",\"T\"]|10-6|888885"},{"x":8450,"y":1250,"data":"[\"0\",\"1\",\"2\",\"3\",\"4\",\"6\",\"7\",\"8\",\"T\"]|9-8A|676764"},{"x":8600,"y":1100,"data":"[\"0\",\"1\",\"2\",\"4\",\"6\",\"7\",\"8\",\"T\"]|8-25|464644"},{"x":8750,"y":950,"data":"[\"0\",\"1\",\"2\",\"4\",\"5\",\"6\",\"8\",\"T\"]|8-24|464743"},{"x":8600,"y":950,"data":"[\"0\",\"1\",\"2\",\"3\",\"4\",\"6\",\"8\",\"T\"]|8-21|474643"},{"x":8600,"y":800,"data":"[\"0\",\"1\",\"2\",\"4\",\"6\",\"8\",\"T\"]|7-33|262623"},{"x":8900,"y":650,"data":"[\"0\",\"2\",\"4\",\"6\",\"8\",\"T\"]|6-35|060603"},{"x":9050,"y":500,"data":"[\"0\",\"2\",\"4\",\"6\",\"8\"]|5-33|040402"},{"x":9200,"y":350,"data":"[\"0\",\"2\",\"4\",\"8\"]|4-24|020301"},{"x":9050,"y":350,"data":"[\"0\",\"2\",\"4\",\"6\"]|4-21|030201"},{"x":9050,"y":200,"data":"[\"0\",\"2\",\"4\"]|3-6|020100"},{"x":9050,"y":50,"data":"[\"0\",\"2\"]|2-2|010000"},{"x":8900,"y":500,"data":"[\"0\",\"2\",\"6\",\"8\"]|4-25|020202"},{"x":8900,"y":350,"data":"[\"0\",\"2\",\"6\"]|3-8A|010101"},{"x":8750,"y":650,"data":"[\"0\",\"1\",\"3\",\"5\",\"7\",\"9\"]|6-34A|142422"},{"x":8600,"y":650,"data":"[\"0\",\"1\",\"2\",\"4\",\"6\",\"8\"]|6-22A|241422"},{"x":8450,"y":650,"data":"[\"0\",\"2\",\"3\",\"4\",\"6\",\"8\"]|6-21A|242412"},{"x":8450,"y":1100,"data":"[\"0\",\"1\",\"3\",\"5\",\"6\",\"7\",\"9\"]|7-28A|344433"},{"x":8450,"y":950,"data":"[\"0\",\"2\",\"3\",\"6\",\"8\"]|5-28A|122212"},{"x":7250,"y":1250,"data":"[\"0\",\"1\",\"2\",\"3\",\"4\",\"6\",\"7\",\"8\",\"9\"]|9-5A|766674"},{"x":8150,"y":1100,"data":"[\"0\",\"1\",\"2\",\"3\",\"5\",\"7\",\"8\",\"9\"]|8-16A|554563"},{"x":8000,"y":1100,"data":"[\"0\",\"1\",\"2\",\"3\",\"6\",\"7\",\"8\",\"9\"]|8-9|644464"},{"x":8300,"y":950,"data":"[\"0\",\"1\",\"2\",\"3\",\"6\",\"7\",\"8\"]|7-7A|532353"},{"x":8300,"y":800,"data":"[\"0\",\"1\",\"2\",\"3\",\"7\",\"8\"]|6-z38|421242"},{"x":8300,"y":650,"data":"[\"0\",\"1\",\"2\",\"6\",\"7\",\"8\"]|6-7|420243"},{"x":8450,"y":500,"data":"[\"0\",\"1\",\"2\",\"6\",\"7\"]|5-7A|310132"},{"x":8600,"y":350,"data":"[\"0\",\"1\",\"6\",\"7\"]|4-9|200022"},{"x":8600,"y":200,"data":"[\"0\",\"1\",\"6\"]|3-5A|100011"},{"x":8600,"y":50,"data":"[\"0\",\"6\"]|2-6|000001"},{"x":8450,"y":350,"data":"[\"0\",\"1\",\"5\",\"6\"]|4-8|200121"},{"x":8300,"y":350,"data":"[\"0\",\"1\",\"2\",\"7\"]|4-6|210021"},{"x":8300,"y":500,"data":"[\"0\",\"1\",\"5\",\"7\"]|4-16A|110121"},{"x":8150,"y":500,"data":"[\"0\",\"1\",\"2\",\"6\"]|4-5A|210111"},{"x":8150,"y":650,"data":"[\"0\",\"1\",\"2\",\"5\",\"6\",\"7\"]|6-z6|421242"},{"x":8150,"y":950,"data":"[\"0\",\"1\",\"2\",\"5\",\"7\",\"8\"]|6-18A|322242"},{"x":8000,"y":950,"data":"[\"0\",\"1\",\"2\",\"3\",\"6\",\"7\"]|6-5A|422232"},{"x":7700,"y":1100,"data":"[\"0\",\"1\",\"2\",\"3\",\"4\",\"7\",\"8\",\"9\"]|8-8|644563"},{"x":7850,"y":950,"data":"[\"0\",\"1\",\"2\",\"5\",\"6\",\"7\",\"9\"]|7-20A|433452"},{"x":7850,"y":800,"data":"[\"0\",\"1\",\"5\",\"6\",\"8\"]|5-20A|211231"},{"x":7700,"y":950,"data":"[\"0\",\"1\",\"2\",\"3\",\"4\",\"7\",\"8\"]|7-6A|533442"},{"x":7700,"y":800,"data":"[\"0\",\"1\",\"2\",\"5\",\"6\"]|5-6A|311221"},{"x":7550,"y":950,"data":"[\"0\",\"1\",\"2\",\"5\",\"6\",\"8\"]|6-z43A|322332"},{"x":7550,"y":800,"data":"[\"0\",\"1\",\"2\",\"4\",\"7\",\"8\"]|6-z17A|322332"},{"x":7250,"y":1100,"data":"[\"0\",\"1\",\"2\",\"3\",\"5\",\"6\",\"7\",\"8\"]|8-6|654463"},{"x":7400,"y":950,"data":"[\"0\",\"1\",\"2\",\"3\",\"5\",\"7\",\"8\"]|7-14A|443352"},{"x":7400,"y":800,"data":"[\"0\",\"1\",\"2\",\"5\",\"7\"]|5-14A|221131"},{"x":7250,"y":950,"data":"[\"0\",\"1\",\"2\",\"3\",\"5\",\"6\",\"7\"]|7-5A|543342"},{"x":7250,"y":800,"data":"[\"0\",\"1\",\"2\",\"3\",\"7\"]|5-5A|321121"},{"x":7100,"y":950,"data":"[\"0\",\"1\",\"2\",\"3\",\"6\",\"8\"]|6-z41A|332232"},{"x":7100,"y":800,"data":"[\"0\",\"1\",\"2\",\"4\",\"6\",\"7\"]|6-z12A|332232"},{"x":7100,"y":1100,"data":"[\"0\",\"1\",\"2\",\"3\",\"4\",\"6\",\"7\",\"8\"]|8-5A|654553"},{"x":6950,"y":950,"data":"[\"0\",\"1\",\"2\",\"4\",\"6\",\"7\",\"8\"]|7-15|442443"},{"x":6950,"y":800,"data":"[\"0\",\"1\",\"2\",\"6\",\"8\"]|5-15|220222"},{"x":6950,"y":1100,"data":"[\"0\",\"1\",\"2\",\"3\",\"6\",\"7\",\"9\"]|7-19A|434343"},{"x":6800,"y":950,"data":"[\"0\",\"1\",\"3\",\"6\",\"7\"]|5-19A|212122"},{"x":6650,"y":950,"data":"[\"0\",\"1\",\"3\",\"7\"]|4-z29A|111111"},{"x":6800,"y":800,"data":"[\"0\",\"1\",\"4\",\"6\"]|4-z15A|111111"},{"x":7100,"y":1250,"data":"[\"0\",\"1\",\"2\",\"3\",\"5\",\"6\",\"7\",\"9\"]|8-z29A|555553"},{"x":6800,"y":1100,"data":"[\"0\",\"1\",\"2\",\"3\",\"4\",\"6\",\"8\",\"9\"]|8-z15A|555553"},{"x":4700,"y":1400,"data":"[\"0\",\"1\",\"2\",\"3\",\"4\",\"5\",\"7\",\"8\",\"9\",\"T\"]|10-5|888894"},{"x":5750,"y":1250,"data":"[\"0\",\"1\",\"2\",\"3\",\"5\",\"6\",\"7\",\"8\",\"T\"]|9-9|676683"},{"x":6200,"y":1100,"data":"[\"0\",\"1\",\"2\",\"3\",\"5\",\"7\",\"8\",\"T\"]|8-23|465472"},{"x":6500,"y":950,"data":"[\"0\",\"1\",\"3\",\"5\",\"6\",\"8\",\"T\"]|7-35|254361"},{"x":6650,"y":800,"data":"[\"0\",\"2\",\"3\",\"5\",\"7\",\"9\"]|6-33A|143241"},{"x":6500,"y":800,"data":"[\"0\",\"2\",\"4\",\"5\",\"7\",\"9\"]|6-32|143250"},{"x":6650,"y":650,"data":"[\"0\",\"2\",\"4\",\"7\",\"9\"]|5-35|032140"},{"x":6800,"y":500,"data":"[\"0\",\"2\",\"5\",\"7\"]|4-23|021030"},{"x":6800,"y":350,"data":"[\"0\",\"2\",\"7\"]|3-9|010020"},{"x":6800,"y":200,"data":"[\"0\",\"5\"]|2-5|000010"},{"x":6650,"y":500,"data":"[\"0\",\"2\",\"4\",\"7\"]|4-22A|021120"},{"x":6500,"y":500,"data":"[\"0\",\"2\",\"5\"]|3-7A|011010"},{"x":6500,"y":650,"data":"[\"0\",\"2\",\"3\",\"5\",\"7\"]|5-23A|132130"},{"x":6350,"y":800,"data":"[\"0\",\"1\",\"3\",\"5\",\"8\"]|5-27A|122230"},{"x":6350,"y":650,"data":"[\"0\",\"3\",\"5\",\"8\"]|4-26|012120"},{"x":6200,"y":650,"data":"[\"0\",\"2\",\"3\",\"7\"]|4-14A|111120"},{"x":6350,"y":950,"data":"[\"0\",\"1\",\"2\",\"4\",\"6\",\"7\",\"9\"]|7-29A|344352"},{"x":6200,"y":950,"data":"[\"0\",\"2\",\"3\",\"4\",\"5\",\"7\",\"9\"]|7-23A|354351"},{"x":6050,"y":950,"data":"[\"0\",\"1\",\"2\",\"4\",\"7\",\"9\"]|6-z47A|233241"},{"x":6050,"y":800,"data":"[\"0\",\"1\",\"3\",\"5\",\"6\",\"8\"]|6-z25A|233241"},{"x":6050,"y":650,"data":"[\"0\",\"1\",\"3\",\"6\",\"8\"]|5-29A|122131"},{"x":5750,"y":1100,"data":"[\"0\",\"1\",\"2\",\"3\",\"5\",\"6\",\"8\",\"T\"]|8-22A|465562"},{"x":5900,"y":950,"data":"[\"0\",\"1\",\"3\",\"4\",\"6\",\"8\",\"T\"]|7-34|254442"},{"x":5900,"y":800,"data":"[\"0\",\"2\",\"4\",\"6\",\"9\"]|5-34|032221"},{"x":5750,"y":950,"data":"[\"0\",\"1\",\"2\",\"4\",\"5\",\"7\",\"9\"]|7-27A|344451"},{"x":5750,"y":800,"data":"[\"0\",\"1\",\"2\",\"5\",\"7\",\"9\"]|6-z48|232341"},{"x":5750,"y":650,"data":"[\"0\",\"1\",\"3\",\"5\",\"7\",\"8\"]|6-z26|232341"},{"x":5600,"y":950,"data":"[\"0\",\"1\",\"2\",\"4\",\"6\",\"9\"]|6-z46A|233331"},{"x":5600,"y":800,"data":"[\"0\",\"1\",\"3\",\"4\",\"6\",\"8\"]|6-z24A|233331"},{"x":4700,"y":1250,"data":"[\"0\",\"1\",\"2\",\"4\",\"5\",\"6\",\"7\",\"9\"]|8-14A|555562"},{"x":4250,"y":1400,"data":"[\"0\",\"1\",\"2\",\"3\",\"4\",\"5\",\"6\",\"8\",\"9\",\"T\"]|10-4|888984"},{"x":4550,"y":1250,"data":"[\"0\",\"1\",\"2\",\"4\",\"5\",\"6\",\"8\",\"9\",\"T\"]|9-12|666963"},{"x":5150,"y":1100,"data":"[\"0\",\"1\",\"2\",\"4\",\"5\",\"6\",\"8\",\"9\"]|8-19A|545752"},{"x":5450,"y":950,"data":"[\"0\",\"1\",\"3\",\"4\",\"5\",\"7\",\"8\"]|7-z37|434541"},{"x":5450,"y":800,"data":"[\"0\",\"1\",\"2\",\"4\",\"5\",\"6\",\"9\"]|7-z17|434541"},{"x":5450,"y":650,"data":"[\"0\",\"1\",\"3\",\"4\",\"5\",\"8\"]|6-14A|323430"},{"x":5450,"y":500,"data":"[\"0\",\"3\",\"4\",\"5\",\"8\"]|5-z37|212320"},{"x":5450,"y":350,"data":"[\"0\",\"1\",\"3\",\"4\",\"8\"]|5-z17|212320"},{"x":5300,"y":950,"data":"[\"0\",\"1\",\"2\",\"5\",\"6\",\"8\",\"9\"]|7-22|424542"},{"x":5300,"y":800,"data":"[\"0\",\"1\",\"2\",\"4\",\"5\",\"8\",\"9\"]|7-21A|424641"},{"x":5300,"y":650,"data":"[\"0\",\"1\",\"2\",\"5\",\"6\",\"9\"]|6-z44A|313431"},{"x":5300,"y":500,"data":"[\"0\",\"1\",\"3\",\"4\",\"7\",\"8\"]|6-z19A|313431"},{"x":5300,"y":350,"data":"[\"0\",\"1\",\"4\",\"7\",\"8\"]|5-22|202321"},{"x":5150,"y":650,"data":"[\"0\",\"1\",\"4\",\"5\",\"8\",\"9\"]|6-20|303630"},{"x":5000,"y":500,"data":"[\"0\",\"1\",\"4\",\"5\",\"8\"]|5-21A|202420"},{"x":5150,"y":350,"data":"[\"0\",\"1\",\"5\",\"8\"]|4-20|101220"},{"x":5000,"y":350,"data":"[\"0\",\"1\",\"4\",\"8\"]|4-19A|101310"},{"x":5000,"y":200,"data":"[\"0\",\"4\",\"8\"]|3-12|000300"},{"x":5000,"y":50,"data":"[\"0\",\"4\"]|2-4|000100"},{"x":4850,"y":350,"data":"[\"0\",\"3\",\"4\",\"7\"]|4-17|102210"},{"x":4850,"y":200,"data":"[\"0\",\"3\",\"7\"]|3-11A|001110"},{"x":4700,"y":350,"data":"[\"0\",\"1\",\"4\",\"5\"]|4-7|201210"},{"x":4700,"y":200,"data":"[\"0\",\"1\",\"5\"]|3-4A|100110"},{"x":5000,"y":800,"data":"[\"0\",\"1\",\"2\",\"5\",\"8\"]|5-z38A|212221"},{"x":5000,"y":650,"data":"[\"0\",\"1\",\"4\",\"5\",\"7\"]|5-z18A|212221"},{"x":5150,"y":950,"data":"[\"0\",\"1\",\"4\",\"5\",\"7\",\"9\"]|6-31A|223431"},{"x":5000,"y":950,"data":"[\"0\",\"1\",\"4\",\"5\",\"6\",\"8\"]|6-16A|322431"},{"x":4850,"y":950,"data":"[\"0\",\"1\",\"2\",\"4\",\"5\",\"8\"]|6-15A|323421"},{"x":4700,"y":1100,"data":"[\"0\",\"1\",\"2\",\"4\",\"6\",\"8\",\"9\"]|7-30A|343542"},{"x":4700,"y":950,"data":"[\"0\",\"1\",\"4\",\"6\",\"8\"]|5-30A|121321"},{"x":4550,"y":1100,"data":"[\"0\",\"1\",\"3\",\"4\",\"5\",\"7\",\"9\"]|7-26A|344532"},{"x":4550,"y":950,"data":"[\"0\",\"2\",\"4\",\"5\",\"8\"]|5-26A|122311"},{"x":4400,"y":1100,"data":"[\"0\",\"1\",\"2\",\"4\",\"5\",\"6\",\"8\"]|7-13A|443532"},{"x":4400,"y":950,"data":"[\"0\",\"1\",\"2\",\"4\",\"8\"]|5-13A|221311"},{"x":4100,"y":1400,"data":"[\"0\",\"1\",\"2\",\"3\",\"4\",\"5\",\"6\",\"7\",\"9\",\"T\"]|10-3|889884"},{"x":4100,"y":1250,"data":"[\"0\",\"1\",\"2\",\"3\",\"5\",\"6\",\"7\",\"9\",\"T\"]|9-11A|667773"},{"x":3950,"y":1250,"data":"[\"0\",\"1\",\"2\",\"3\",\"4\",\"6\",\"7\",\"9\",\"T\"]|9-10|668664"},{"x":4100,"y":1100,"data":"[\"0\",\"1\",\"3\",\"4\",\"6\",\"7\",\"9\",\"T\"]|8-28|448444"},{"x":4250,"y":950,"data":"[\"0\",\"1\",\"3\",\"4\",\"6\",\"7\",\"9\"]|7-31A|336333"},{"x":4850,"y":800,"data":"[\"0\",\"1\",\"4\",\"6\",\"7\",\"9\"]|6-z50|224232"},{"x":4850,"y":650,"data":"[\"0\",\"2\",\"3\",\"6\",\"7\",\"9\"]|6-z29|224232"},{"x":4700,"y":800,"data":"[\"0\",\"1\",\"3\",\"4\",\"7\",\"9\"]|6-z49|224322"},{"x":4700,"y":650,"data":"[\"0\",\"1\",\"3\",\"5\",\"6\",\"9\"]|6-z28|224322"},{"x":4550,"y":800,"data":"[\"0\",\"2\",\"3\",\"4\",\"6\",\"9\"]|6-z45|234222"},{"x":4550,"y":650,"data":"[\"0\",\"2\",\"3\",\"5\",\"6\",\"8\"]|6-z23|234222"},{"x":4400,"y":800,"data":"[\"0\",\"1\",\"2\",\"3\",\"6\",\"9\"]|6-z42|324222"},{"x":4400,"y":650,"data":"[\"0\",\"1\",\"3\",\"4\",\"6\",\"7\"]|6-z13|324222"},{"x":4250,"y":800,"data":"[\"0\",\"1\",\"3\",\"6\",\"7\",\"9\"]|6-30A|224223"},{"x":4100,"y":950,"data":"[\"0\",\"1\",\"3\",\"4\",\"6\",\"9\"]|6-27A|225222"},{"x":4100,"y":800,"data":"[\"0\",\"1\",\"3\",\"6\",\"9\"]|5-31A|114112"},{"x":4100,"y":650,"data":"[\"0\",\"3\",\"6\",\"9\"]|4-28|004002"},{"x":4100,"y":500,"data":"[\"0\",\"3\",\"6\"]|3-10|002001"},{"x":4100,"y":350,"data":"[\"0\",\"3\"]|2-3|001000"},{"x":3950,"y":1100,"data":"[\"0\",\"1\",\"2\",\"4\",\"5\",\"7\",\"8\",\"T\"]|8-27A|456553"},{"x":3800,"y":1100,"data":"[\"0\",\"1\",\"2\",\"3\",\"5\",\"6\",\"8\",\"9\"]|8-18A|546553"},{"x":3950,"y":950,"data":"[\"0\",\"1\",\"2\",\"4\",\"5\",\"7\",\"8\"]|7-z38A|434442"},{"x":3950,"y":800,"data":"[\"0\",\"1\",\"4\",\"5\",\"6\",\"7\",\"9\"]|7-z18A|434442"},{"x":3800,"y":950,"data":"[\"0\",\"1\",\"3\",\"4\",\"6\",\"8\",\"9\"]|7-32A|335442"},{"x":3800,"y":800,"data":"[\"0\",\"1\",\"4\",\"6\",\"9\"]|5-32A|113221"},{"x":3650,"y":1100,"data":"[\"0\",\"1\",\"2\",\"3\",\"4\",\"6\",\"7\",\"9\"]|8-13A|556453"},{"x":3650,"y":950,"data":"[\"0\",\"1\",\"2\",\"3\",\"5\",\"6\",\"8\"]|7-z36A|444342"},{"x":3650,"y":800,"data":"[\"0\",\"1\",\"2\",\"3\",\"4\",\"7\",\"9\"]|7-z12|444342"},{"x":3650,"y":650,"data":"[\"0\",\"1\",\"2\",\"3\",\"5\",\"8\"]|6-z40A|333231"},{"x":3650,"y":500,"data":"[\"0\",\"1\",\"2\",\"4\",\"5\",\"7\"]|6-z11A|333231"},{"x":3650,"y":350,"data":"[\"0\",\"1\",\"2\",\"4\",\"7\"]|5-z36A|222121"},{"x":3650,"y":200,"data":"[\"0\",\"1\",\"3\",\"5\",\"6\"]|5-z12|222121"},{"x":3500,"y":950,"data":"[\"0\",\"2\",\"3\",\"4\",\"6\",\"7\",\"9\"]|7-25A|345342"},{"x":3500,"y":800,"data":"[\"0\",\"2\",\"3\",\"5\",\"8\"]|5-25A|123121"},{"x":3500,"y":650,"data":"[\"0\",\"2\",\"5\",\"8\"]|4-27A|012111"},{"x":3350,"y":1100,"data":"[\"0\",\"1\",\"3\",\"4\",\"5\",\"6\",\"7\",\"9\"]|8-12A|556543"},{"x":3350,"y":950,"data":"[\"0\",\"1\",\"2\",\"3\",\"5\",\"6\",\"9\"]|7-16A|435432"},{"x":3350,"y":800,"data":"[\"0\",\"1\",\"3\",\"4\",\"7\"]|5-16A|213211"},{"x":3350,"y":650,"data":"[\"0\",\"1\",\"4\",\"7\"]|4-18A|102111"},{"x":3200,"y":950,"data":"[\"0\",\"1\",\"2\",\"3\",\"4\",\"6\",\"9\"]|7-10A|445332"},{"x":3200,"y":800,"data":"[\"0\",\"1\",\"3\",\"4\",\"6\"]|5-10A|223111"},{"x":3200,"y":650,"data":"[\"0\",\"1\",\"3\",\"6\"]|4-13A|112011"},{"x":3050,"y":650,"data":"[\"0\",\"2\",\"3\",\"6\"]|4-12A|112101"},{"x":3200,"y":1400,"data":"[\"0\",\"1\",\"2\",\"3\",\"4\",\"5\",\"6\",\"7\",\"8\",\"T\"]|10-2|898884"},{"x":3200,"y":1250,"data":"[\"0\",\"1\",\"2\",\"3\",\"4\",\"5\",\"7\",\"8\",\"T\"]|9-7A|677673"},{"x":3200,"y":1100,"data":"[\"0\",\"1\",\"3\",\"4\",\"5\",\"7\",\"8\",\"T\"]|8-26|456562"},{"x":3050,"y":1250,"data":"[\"0\",\"1\",\"2\",\"3\",\"4\",\"5\",\"6\",\"8\",\"T\"]|9-6|686763"},{"x":3050,"y":1100,"data":"[\"0\",\"1\",\"2\",\"3\",\"5\",\"7\",\"9\"]|7-24A|353442"},{"x":3050,"y":950,"data":"[\"0\",\"1\",\"3\",\"5\",\"7\"]|5-24A|131221"},{"x":2900,"y":1100,"data":"[\"0\",\"1\",\"2\",\"3\",\"4\",\"6\",\"8\"]|7-9A|453432"},{"x":2900,"y":950,"data":"[\"0\",\"1\",\"2\",\"4\",\"6\"]|5-9A|231211"},{"x":2750,"y":1250,"data":"[\"0\",\"1\",\"2\",\"3\",\"4\",\"5\",\"7\",\"9\"]|8-11A|565552"},{"x":2750,"y":1100,"data":"[\"0\",\"1\",\"2\",\"3\",\"5\",\"7\"]|6-9A|342231"},{"x":4250,"y":1700,"data":"[\"0\",\"1\",\"2\",\"3\",\"4\",\"5\",\"6\",\"7\",\"8\",\"9\",\"T\",\"E\"]|12-1|CCCCC6"}],"links":[{"source":1,"target":0,"points":[[50,100],[50,150]],"data":{"source":"[\"\"]|0-1|000000","target":"[\"0\"]|1-1|000000"}},{"source":2,"target":4,"points":[[200,250],[200,300]],"data":{"source":"[\"0\",\"1\",\"2\"]|3-1|210000","target":"[\"0\",\"1\",\"2\",\"3\"]|4-1|321000"}},{"source":3,"target":2,"points":[[200,100],[200,150]],"data":{"source":"[\"0\",\"1\"]|2-1|100000","target":"[\"0\",\"1\",\"2\"]|3-1|210000"}},{"source":4,"target":5,"points":[[235.35533905932738,385.3553390593274],[314.6446609406726,464.6446609406726]],"data":{"source":"[\"0\",\"1\",\"2\",\"3\"]|4-1|321000","target":"[\"0\",\"1\",\"2\",\"3\",\"4\"]|5-1|432100"}},{"source":5,"target":8,"points":[[385.3553390593274,535.3553390593274],[464.6446609406726,614.6446609406727]],"data":{"source":"[\"0\",\"1\",\"2\",\"3\",\"4\"]|5-1|432100","target":"[\"0\",\"1\",\"2\",\"3\",\"4\",\"5\"]|6-1|543210"}},{"source":6,"target":5,"points":[[464.6446609406726,385.3553390593274],[385.3553390593274,464.6446609406726]],"data":{"source":"[\"0\",\"1\",\"2\",\"4\"]|4-2A|221100","target":"[\"0\",\"1\",\"2\",\"3\",\"4\"]|5-1|432100"}},{"source":7,"target":5,"points":[[350,400],[350,450]],"data":{"source":"[\"0\",\"1\",\"3\"]|3-2A|111000","target":"[\"0\",\"1\",\"2\",\"3\",\"4\"]|5-1|432100"}},{"source":8,"target":10,"points":[[544.7213595499958,672.360679774998],[755.2786404500042,777.6393202250022]],"data":{"source":"[\"0\",\"1\",\"2\",\"3\",\"4\",\"5\"]|6-1|543210","target":"[\"0\",\"1\",\"2\",\"3\",\"4\",\"5\",\"6\"]|7-1|654321"}},{"source":9,"target":8,"points":[[500,550],[500,600]],"data":{"source":"[\"0\",\"1\",\"2\",\"3\",\"5\"]|5-2A|332110","target":"[\"0\",\"1\",\"2\",\"3\",\"4\",\"5\"]|6-1|543210"}},{"source":10,"target":16,"points":[[844.7213595499958,822.360679774998],[1055.278640450004,927.6393202250022]],"data":{"source":"[\"0\",\"1\",\"2\",\"3\",\"4\",\"5\",\"6\"]|7-1|654321","target":"[\"0\",\"1\",\"2\",\"3\",\"4\",\"5\",\"7\"]|7-2A|554331"}},{"source":11,"target":10,"points":[[800,700],[800,750]],"data":{"source":"[\"0\",\"1\",\"2\",\"3\",\"4\",\"6\"]|6-2A|443211","target":"[\"0\",\"1\",\"2\",\"3\",\"4\",\"5\",\"6\"]|7-1|654321"}},{"source":12,"target":10,"points":[[685.3553390593274,685.3553390593274],[764.6446609406726,764.6446609406726]],"data":{"source":"[\"0\",\"1\",\"2\",\"4\",\"5\"]|5-3A|322210","target":"[\"0\",\"1\",\"2\",\"3\",\"4\",\"5\",\"6\"]|7-1|654321"}},{"source":13,"target":12,"points":[[764.6446609406726,535.3553390593274],[685.3553390593274,614.6446609406726]],"data":{"source":"[\"0\",\"1\",\"2\",\"5\"]|4-4A|211110","target":"[\"0\",\"1\",\"2\",\"4\",\"5\"]|5-3A|322210"}},{"source":14,"target":12,"points":[[650,550],[650,600]],"data":{"source":"[\"0\",\"1\",\"3\",\"4\"]|4-3|212100","target":"[\"0\",\"1\",\"2\",\"4\",\"5\"]|5-3A|322210"}},{"source":15,"target":14,"points":[[650,400],[650,450]],"data":{"source":"[\"0\",\"1\",\"4\"]|3-3A|101100","target":"[\"0\",\"1\",\"3\",\"4\"]|4-3|212100"}},{"source":16,"target":20,"points":[[1144.721359549996,972.360679774998],[1355.278640450004,1077.6393202250022]],"data":{"source":"[\"0\",\"1\",\"2\",\"3\",\"4\",\"5\",\"7\"]|7-2A|554331","target":"[\"0\",\"1\",\"2\",\"3\",\"4\",\"5\",\"6\",\"7\"]|8-1|765442"}},{"source":17,"target":16,"points":[[1100,850],[1100,900]],"data":{"source":"[\"0\",\"2\",\"3\",\"4\",\"5\",\"7\"]|6-8|343230","target":"[\"0\",\"1\",\"2\",\"3\",\"4\",\"5\",\"7\"]|7-2A|554331"}},{"source":18,"target":17,"points":[[1100,700],[1100,750]],"data":{"source":"[\"0\",\"1\",\"3\",\"5\"]|4-11A|121110","target":"[\"0\",\"2\",\"3\",\"4\",\"5\",\"7\"]|6-8|343230"}},{"source":19,"target":17,"points":[[985.3553390593274,685.3553390593274],[1064.6446609406726,764.6446609406726]],"data":{"source":"[\"0\",\"2\",\"3\",\"5\"]|4-10|122010","target":"[\"0\",\"2\",\"3\",\"4\",\"5\",\"7\"]|6-8|343230"}},{"source":20,"target":25,"points":[[1444.721359549996,1122.3606797749978],[1655.2786404500043,1227.6393202250022]],"data":{"source":"[\"0\",\"1\",\"2\",\"3\",\"4\",\"5\",\"6\",\"7\"]|8-1|765442","target":"[\"0\",\"1\",\"2\",\"3\",\"4\",\"5\",\"6\",\"7\",\"8\"]|9-1|876663"}},{"source":21,"target":20,"points":[[1400,1000],[1400,1050]],"data":{"source":"[\"0\",\"1\",\"2\",\"3\",\"4\",\"6\",\"7\"]|7-4A|544332","target":"[\"0\",\"1\",\"2\",\"3\",\"4\",\"5\",\"6\",\"7\"]|8-1|765442"}},{"source":22,"target":20,"points":[[1285.3553390593274,985.3553390593274],[1364.6446609406726,1064.6446609406726]],"data":{"source":"[\"0\",\"1\",\"2\",\"3\",\"4\",\"7\"]|6-z36A|433221","target":"[\"0\",\"1\",\"2\",\"3\",\"4\",\"5\",\"6\",\"7\"]|8-1|765442"}},{"source":23,"target":22,"points":[[1250,850],[1250,900]],"data":{"source":"[\"0\",\"1\",\"2\",\"3\",\"5\",\"6\"]|6-z3A|433221","target":"[\"0\",\"1\",\"2\",\"3\",\"4\",\"7\"]|6-z36A|433221"}},{"source":24,"target":23,"points":[[1250,700],[1250,750]],"data":{"source":"[\"0\",\"1\",\"2\",\"3\",\"6\"]|5-4A|322111","target":"[\"0\",\"1\",\"2\",\"3\",\"5\",\"6\"]|6-z3A|433221"}},{"source":25,"target":34,"points":[[1748.5071250072665,1262.1267812518167],[2251.4928749927335,1387.8732187481833]],"data":{"source":"[\"0\",\"1\",\"2\",\"3\",\"4\",\"5\",\"6\",\"7\",\"8\"]|9-1|876663","target":"[\"0\",\"1\",\"2\",\"3\",\"4\",\"5\",\"6\",\"7\",\"8\",\"9\"]|10-1|988884"}},{"source":26,"target":25,"points":[[1700,1150],[1700,1200]],"data":{"source":"[\"0\",\"1\",\"2\",\"3\",\"4\",\"5\",\"6\",\"8\"]|8-2A|665542","target":"[\"0\",\"1\",\"2\",\"3\",\"4\",\"5\",\"6\",\"7\",\"8\"]|9-1|876663"}},{"source":27,"target":26,"points":[[1814.6446609406726,985.3553390593274],[1735.3553390593274,1064.6446609406726]],"data":{"source":"[\"0\",\"2\",\"3\",\"4\",\"5\",\"6\",\"8\"]|7-8|454422","target":"[\"0\",\"1\",\"2\",\"3\",\"4\",\"5\",\"6\",\"8\"]|8-2A|665542"}},{"source":28,"target":27,"points":[[1850,850],[1850,900]],"data":{"source":"[\"0\",\"2\",\"3\",\"4\",\"6\"]|5-8|232201","target":"[\"0\",\"2\",\"3\",\"4\",\"5\",\"6\",\"8\"]|7-8|454422"}},{"source":29,"target":26,"points":[[1700,1000],[1700,1050]],"data":{"source":"[\"0\",\"1\",\"2\",\"3\",\"4\",\"5\",\"8\"]|7-3A|544431","target":"[\"0\",\"1\",\"2\",\"3\",\"4\",\"5\",\"6\",\"8\"]|8-2A|665542"}},{"source":30,"target":29,"points":[[1700,850],[1700,900]],"data":{"source":"[\"0\",\"1\",\"2\",\"3\",\"4\",\"8\"]|6-z37|432321","target":"[\"0\",\"1\",\"2\",\"3\",\"4\",\"5\",\"8\"]|7-3A|544431"}},{"source":31,"target":30,"points":[[1700,700],[1700,750]],"data":{"source":"[\"0\",\"1\",\"2\",\"4\",\"5\",\"6\"]|6-z4|432321","target":"[\"0\",\"1\",\"2\",\"3\",\"4\",\"8\"]|6-z37|432321"}},{"source":32,"target":26,"points":[[1585.3553390593274,985.3553390593274],[1664.6446609406726,1064.6446609406726]],"data":{"source":"[\"0\",\"2\",\"3\",\"4\",\"5\",\"8\"]|6-z39A|333321","target":"[\"0\",\"1\",\"2\",\"3\",\"4\",\"5\",\"6\",\"8\"]|8-2A|665542"}},{"source":33,"target":32,"points":[[1550,850],[1550,900]],"data":{"source":"[\"0\",\"1\",\"3\",\"4\",\"5\",\"7\"]|6-z10A|333321","target":"[\"0\",\"2\",\"3\",\"4\",\"5\",\"8\"]|6-z39A|333321"}},{"source":34,"target":46,"points":[[2349.8527242750793,1403.8348249442367],[4200.147275724921,1546.1651750557633]],"data":{"source":"[\"0\",\"1\",\"2\",\"3\",\"4\",\"5\",\"6\",\"7\",\"8\",\"9\"]|10-1|988884","target":"[\"0\",\"1\",\"2\",\"3\",\"4\",\"5\",\"6\",\"7\",\"8\",\"9\",\"T\"]|11-1|TTTTT5"}},{"source":35,"target":34,"points":[[2555.2786404500043,1272.3606797749978],[2344.7213595499957,1377.6393202250022]],"data":{"source":"[\"0\",\"1\",\"2\",\"3\",\"4\",\"5\",\"7\",\"8\",\"9\"]|9-4A|766773","target":"[\"0\",\"1\",\"2\",\"3\",\"4\",\"5\",\"6\",\"7\",\"8\",\"9\"]|10-1|988884"}},{"source":36,"target":35,"points":[[2600,1150],[2600,1200]],"data":{"source":"[\"0\",\"1\",\"2\",\"4\",\"5\",\"7\",\"8\",\"9\"]|8-20|545662","target":"[\"0\",\"1\",\"2\",\"3\",\"4\",\"5\",\"7\",\"8\",\"9\"]|9-4A|766773"}},{"source":37,"target":34,"points":[[2300,1300],[2300,1350]],"data":{"source":"[\"0\",\"1\",\"2\",\"3\",\"4\",\"5\",\"6\",\"8\",\"9\"]|9-3A|767763","target":"[\"0\",\"1\",\"2\",\"3\",\"4\",\"5\",\"6\",\"7\",\"8\",\"9\"]|10-1|988884"}},{"source":38,"target":37,"points":[[2414.6446609406726,1135.3553390593274],[2335.3553390593274,1214.6446609406726]],"data":{"source":"[\"0\",\"1\",\"3\",\"4\",\"5\",\"6\",\"8\",\"9\"]|8-17|546652","target":"[\"0\",\"1\",\"2\",\"3\",\"4\",\"5\",\"6\",\"8\",\"9\"]|9-3A|767763"}},{"source":39,"target":37,"points":[[2300,1150],[2300,1200]],"data":{"source":"[\"0\",\"1\",\"2\",\"3\",\"4\",\"5\",\"8\",\"9\"]|8-7|645652","target":"[\"0\",\"1\",\"2\",\"3\",\"4\",\"5\",\"6\",\"8\",\"9\"]|9-3A|767763"}},{"source":40,"target":34,"points":[[2185.3553390593274,1285.3553390593274],[2264.6446609406726,1364.6446609406726]],"data":{"source":"[\"0\",\"1\",\"2\",\"3\",\"4\",\"5\",\"6\",\"7\",\"9\"]|9-2A|777663","target":"[\"0\",\"1\",\"2\",\"3\",\"4\",\"5\",\"6\",\"7\",\"8\",\"9\"]|10-1|988884"}},{"source":41,"target":40,"points":[[2150,1150],[2150,1200]],"data":{"source":"[\"0\",\"2\",\"3\",\"4\",\"5\",\"6\",\"7\",\"9\"]|8-10|566452","target":"[\"0\",\"1\",\"2\",\"3\",\"4\",\"5\",\"6\",\"7\",\"9\"]|9-2A|777663"}},{"source":42,"target":40,"points":[[2035.3553390593274,1135.3553390593274],[2114.6446609406726,1214.6446609406726]],"data":{"source":"[\"0\",\"1\",\"2\",\"3\",\"4\",\"5\",\"6\",\"9\"]|8-3|656542","target":"[\"0\",\"1\",\"2\",\"3\",\"4\",\"5\",\"6\",\"7\",\"9\"]|9-2A|777663"}},{"source":43,"target":34,"points":[[1897.4341649025257,1265.8113883008418],[2252.5658350974745,1384.1886116991582]],"data":{"source":"[\"0\",\"1\",\"2\",\"3\",\"4\",\"5\",\"7\",\"8\"]|8-4A|655552","target":"[\"0\",\"1\",\"2\",\"3\",\"4\",\"5\",\"6\",\"7\",\"8\",\"9\"]|10-1|988884"}},{"source":44,"target":43,"points":[[1850,1150],[1850,1200]],"data":{"source":"[\"0\",\"1\",\"3\",\"4\",\"5\",\"6\",\"8\"]|7-11A|444441","target":"[\"0\",\"1\",\"2\",\"3\",\"4\",\"5\",\"7\",\"8\"]|8-4A|655552"}},{"source":45,"target":44,"points":[[1964.6446609406726,985.3553390593274],[1885.3553390593274,1064.6446609406726]],"data":{"source":"[\"0\",\"2\",\"3\",\"4\",\"7\"]|5-11A|222220","target":"[\"0\",\"1\",\"3\",\"4\",\"5\",\"6\",\"8\"]|7-11A|444441"}},{"source":46,"target":223,"points":[[4250,1600],[4250,1650]],"data":{"source":"[\"0\",\"1\",\"2\",\"3\",\"4\",\"5\",\"6\",\"7\",\"8\",\"9\",\"T\"]|11-1|TTTTT5","target":"[\"0\",\"1\",\"2\",\"3\",\"4\",\"5\",\"6\",\"7\",\"8\",\"9\",\"T\",\"E\"]|12-1|CCCCC6"}},{"source":47,"target":46,"points":[[7200.062383056108,1402.4968808471947],[4299.937616943892,1547.5031191528053]],"data":{"source":"[\"0\",\"1\",\"2\",\"3\",\"4\",\"6\",\"7\",\"8\",\"9\",\"T\"]|10-6|888885","target":"[\"0\",\"1\",\"2\",\"3\",\"4\",\"5\",\"6\",\"7\",\"8\",\"9\",\"T\"]|11-1|TTTTT5"}},{"source":48,"target":47,"points":[[8400.386106164317,1256.2017367294604],[7299.6138938356835,1393.7982632705396]],"data":{"source":"[\"0\",\"1\",\"2\",\"3\",\"4\",\"6\",\"7\",\"8\",\"T\"]|9-8A|676764","target":"[\"0\",\"1\",\"2\",\"3\",\"4\",\"6\",\"7\",\"8\",\"9\",\"T\"]|10-6|888885"}},{"source":49,"target":48,"points":[[8564.644660940672,1135.3553390593274],[8485.355339059328,1214.6446609406726]],"data":{"source":"[\"0\",\"1\",\"2\",\"4\",\"6\",\"7\",\"8\",\"T\"]|8-25|464644","target":"[\"0\",\"1\",\"2\",\"3\",\"4\",\"6\",\"7\",\"8\",\"T\"]|9-8A|676764"}},{"source":50,"target":49,"points":[[8714.644660940672,985.3553390593274],[8635.355339059328,1064.6446609406726]],"data":{"source":"[\"0\",\"1\",\"2\",\"4\",\"5\",\"6\",\"8\",\"T\"]|8-24|464743","target":"[\"0\",\"1\",\"2\",\"4\",\"6\",\"7\",\"8\",\"T\"]|8-25|464644"}},{"source":51,"target":49,"points":[[8600,1000],[8600,1050]],"data":{"source":"[\"0\",\"1\",\"2\",\"3\",\"4\",\"6\",\"8\",\"T\"]|8-21|474643","target":"[\"0\",\"1\",\"2\",\"4\",\"6\",\"7\",\"8\",\"T\"]|8-25|464644"}},{"source":52,"target":51,"points":[[8600,850],[8600,900]],"data":{"source":"[\"0\",\"1\",\"2\",\"4\",\"6\",\"8\",\"T\"]|7-33|262623","target":"[\"0\",\"1\",\"2\",\"3\",\"4\",\"6\",\"8\",\"T\"]|8-21|474643"}},{"source":53,"target":52,"points":[[8855.278640450004,672.360679774998],[8644.721359549996,777.639320225002]],"data":{"source":"[\"0\",\"2\",\"4\",\"6\",\"8\",\"T\"]|6-35|060603","target":"[\"0\",\"1\",\"2\",\"4\",\"6\",\"8\",\"T\"]|7-33|262623"}},{"source":54,"target":53,"points":[[9014.644660940672,535.3553390593274],[8935.355339059328,614.6446609406726]],"data":{"source":"[\"0\",\"2\",\"4\",\"6\",\"8\"]|5-33|040402","target":"[\"0\",\"2\",\"4\",\"6\",\"8\",\"T\"]|6-35|060603"}},{"source":55,"target":54,"points":[[9164.644660940672,385.35533905932743],[9085.355339059328,464.6446609406726]],"data":{"source":"[\"0\",\"2\",\"4\",\"8\"]|4-24|020301","target":"[\"0\",\"2\",\"4\",\"6\",\"8\"]|5-33|040402"}},{"source":56,"target":54,"points":[[9050,400],[9050,450]],"data":{"source":"[\"0\",\"2\",\"4\",\"6\"]|4-21|030201","target":"[\"0\",\"2\",\"4\",\"6\",\"8\"]|5-33|040402"}},{"source":57,"target":56,"points":[[9050,250],[9050,300]],"data":{"source":"[\"0\",\"2\",\"4\"]|3-6|020100","target":"[\"0\",\"2\",\"4\",\"6\"]|4-21|030201"}},{"source":58,"target":57,"points":[[9050,100],[9050,150]],"data":{"source":"[\"0\",\"2\"]|2-2|010000","target":"[\"0\",\"2\",\"4\"]|3-6|020100"}},{"source":59,"target":53,"points":[[8900,550],[8900,600]],"data":{"source":"[\"0\",\"2\",\"6\",\"8\"]|4-25|020202","target":"[\"0\",\"2\",\"4\",\"6\",\"8\",\"T\"]|6-35|060603"}},{"source":60,"target":59,"points":[[8900,400],[8900,450]],"data":{"source":"[\"0\",\"2\",\"6\"]|3-8A|010101","target":"[\"0\",\"2\",\"6\",\"8\"]|4-25|020202"}},{"source":61,"target":52,"points":[[8714.644660940672,685.3553390593274],[8635.355339059328,764.6446609406726]],"data":{"source":"[\"0\",\"1\",\"3\",\"5\",\"7\",\"9\"]|6-34A|142422","target":"[\"0\",\"1\",\"2\",\"4\",\"6\",\"8\",\"T\"]|7-33|262623"}},{"source":62,"target":52,"points":[[8600,700],[8600,750]],"data":{"source":"[\"0\",\"1\",\"2\",\"4\",\"6\",\"8\"]|6-22A|241422","target":"[\"0\",\"1\",\"2\",\"4\",\"6\",\"8\",\"T\"]|7-33|262623"}},{"source":63,"target":52,"points":[[8485.355339059328,685.3553390593274],[8564.644660940672,764.6446609406726]],"data":{"source":"[\"0\",\"2\",\"3\",\"4\",\"6\",\"8\"]|6-21A|242412","target":"[\"0\",\"1\",\"2\",\"4\",\"6\",\"8\",\"T\"]|7-33|262623"}},{"source":64,"target":48,"points":[[8450,1150],[8450,1200]],"data":{"source":"[\"0\",\"1\",\"3\",\"5\",\"6\",\"7\",\"9\"]|7-28A|344433","target":"[\"0\",\"1\",\"2\",\"3\",\"4\",\"6\",\"7\",\"8\",\"T\"]|9-8A|676764"}},{"source":65,"target":64,"points":[[8450,1000],[8450,1050]],"data":{"source":"[\"0\",\"2\",\"3\",\"6\",\"8\"]|5-28A|122212","target":"[\"0\",\"1\",\"3\",\"5\",\"6\",\"7\",\"9\"]|7-28A|344433"}},{"source":66,"target":47,"points":[[7250,1300],[7250,1350]],"data":{"source":"[\"0\",\"1\",\"2\",\"3\",\"4\",\"6\",\"7\",\"8\",\"9\"]|9-5A|766674","target":"[\"0\",\"1\",\"2\",\"3\",\"4\",\"6\",\"7\",\"8\",\"9\",\"T\"]|10-6|888885"}},{"source":67,"target":66,"points":[[8100.680303808393,1108.219949365268],[7299.319696191607,1241.780050634732]],"data":{"source":"[\"0\",\"1\",\"2\",\"3\",\"5\",\"7\",\"8\",\"9\"]|8-16A|554563","target":"[\"0\",\"1\",\"2\",\"3\",\"4\",\"6\",\"7\",\"8\",\"9\"]|9-5A|766674"}},{"source":68,"target":66,"points":[[7950.970966215454,1109.8058067569093],[7299.029033784546,1240.1941932430907]],"data":{"source":"[\"0\",\"1\",\"2\",\"3\",\"6\",\"7\",\"8\",\"9\"]|8-9|644464","target":"[\"0\",\"1\",\"2\",\"3\",\"4\",\"6\",\"7\",\"8\",\"9\"]|9-5A|766674"}},{"source":69,"target":68,"points":[[8255.278640450004,972.360679774998],[8044.721359549996,1077.6393202250022]],"data":{"source":"[\"0\",\"1\",\"2\",\"3\",\"6\",\"7\",\"8\"]|7-7A|532353","target":"[\"0\",\"1\",\"2\",\"3\",\"6\",\"7\",\"8\",\"9\"]|8-9|644464"}},{"source":70,"target":69,"points":[[8300,850],[8300,900]],"data":{"source":"[\"0\",\"1\",\"2\",\"3\",\"7\",\"8\"]|6-z38|421242","target":"[\"0\",\"1\",\"2\",\"3\",\"6\",\"7\",\"8\"]|7-7A|532353"}},{"source":71,"target":70,"points":[[8300,700],[8300,750]],"data":{"source":"[\"0\",\"1\",\"2\",\"6\",\"7\",\"8\"]|6-7|420243","target":"[\"0\",\"1\",\"2\",\"3\",\"7\",\"8\"]|6-z38|421242"}},{"source":72,"target":71,"points":[[8414.644660940672,535.3553390593274],[8335.355339059328,614.6446609406726]],"data":{"source":"[\"0\",\"1\",\"2\",\"6\",\"7\"]|5-7A|310132","target":"[\"0\",\"1\",\"2\",\"6\",\"7\",\"8\"]|6-7|420243"}},{"source":73,"target":72,"points":[[8564.644660940672,385.35533905932743],[8485.355339059328,464.6446609406726]],"data":{"source":"[\"0\",\"1\",\"6\",\"7\"]|4-9|200022","target":"[\"0\",\"1\",\"2\",\"6\",\"7\"]|5-7A|310132"}},{"source":74,"target":73,"points":[[8600,250],[8600,300]],"data":{"source":"[\"0\",\"1\",\"6\"]|3-5A|100011","target":"[\"0\",\"1\",\"6\",\"7\"]|4-9|200022"}},{"source":75,"target":74,"points":[[8600,100],[8600,150]],"data":{"source":"[\"0\",\"6\"]|2-6|000001","target":"[\"0\",\"1\",\"6\"]|3-5A|100011"}},{"source":76,"target":72,"points":[[8450,400],[8450,450]],"data":{"source":"[\"0\",\"1\",\"5\",\"6\"]|4-8|200121","target":"[\"0\",\"1\",\"2\",\"6\",\"7\"]|5-7A|310132"}},{"source":77,"target":72,"points":[[8335.355339059328,385.35533905932743],[8414.644660940672,464.6446609406726]],"data":{"source":"[\"0\",\"1\",\"2\",\"7\"]|4-6|210021","target":"[\"0\",\"1\",\"2\",\"6\",\"7\"]|5-7A|310132"}},{"source":78,"target":71,"points":[[8300,550],[8300,600]],"data":{"source":"[\"0\",\"1\",\"5\",\"7\"]|4-16A|110121","target":"[\"0\",\"1\",\"2\",\"6\",\"7\",\"8\"]|6-7|420243"}},{"source":79,"target":71,"points":[[8185.355339059327,535.3553390593274],[8264.644660940672,614.6446609406726]],"data":{"source":"[\"0\",\"1\",\"2\",\"6\"]|4-5A|210111","target":"[\"0\",\"1\",\"2\",\"6\",\"7\",\"8\"]|6-7|420243"}},{"source":80,"target":70,"points":[[8185.355339059327,685.3553390593274],[8264.644660940672,764.6446609406726]],"data":{"source":"[\"0\",\"1\",\"2\",\"5\",\"6\",\"7\"]|6-z6|421242","target":"[\"0\",\"1\",\"2\",\"3\",\"7\",\"8\"]|6-z38|421242"}},{"source":81,"target":68,"points":[[8114.644660940672,985.3553390593273],[8035.355339059327,1064.6446609406726]],"data":{"source":"[\"0\",\"1\",\"2\",\"5\",\"7\",\"8\"]|6-18A|322242","target":"[\"0\",\"1\",\"2\",\"3\",\"6\",\"7\",\"8\",\"9\"]|8-9|644464"}},{"source":82,"target":68,"points":[[8000,1000],[8000,1050]],"data":{"source":"[\"0\",\"1\",\"2\",\"3\",\"6\",\"7\"]|6-5A|422232","target":"[\"0\",\"1\",\"2\",\"3\",\"6\",\"7\",\"8\",\"9\"]|8-9|644464"}},{"source":83,"target":66,"points":[[7652.5658350974745,1115.8113883008418],[7297.4341649025255,1234.1886116991582]],"data":{"source":"[\"0\",\"1\",\"2\",\"3\",\"4\",\"7\",\"8\",\"9\"]|8-8|644563","target":"[\"0\",\"1\",\"2\",\"3\",\"4\",\"6\",\"7\",\"8\",\"9\"]|9-5A|766674"}},{"source":84,"target":83,"points":[[7814.644660940672,985.3553390593273],[7735.355339059327,1064.6446609406726]],"data":{"source":"[\"0\",\"1\",\"2\",\"5\",\"6\",\"7\",\"9\"]|7-20A|433452","target":"[\"0\",\"1\",\"2\",\"3\",\"4\",\"7\",\"8\",\"9\"]|8-8|644563"}},{"source":85,"target":84,"points":[[7850,850],[7850,900]],"data":{"source":"[\"0\",\"1\",\"5\",\"6\",\"8\"]|5-20A|211231","target":"[\"0\",\"1\",\"2\",\"5\",\"6\",\"7\",\"9\"]|7-20A|433452"}},{"source":86,"target":83,"points":[[7700,1000],[7700,1050]],"data":{"source":"[\"0\",\"1\",\"2\",\"3\",\"4\",\"7\",\"8\"]|7-6A|533442","target":"[\"0\",\"1\",\"2\",\"3\",\"4\",\"7\",\"8\",\"9\"]|8-8|644563"}},{"source":87,"target":86,"points":[[7700,850],[7700,900]],"data":{"source":"[\"0\",\"1\",\"2\",\"5\",\"6\"]|5-6A|311221","target":"[\"0\",\"1\",\"2\",\"3\",\"4\",\"7\",\"8\"]|7-6A|533442"}},{"source":88,"target":83,"points":[[7585.355339059328,985.3553390593273],[7664.644660940673,1064.6446609406726]],"data":{"source":"[\"0\",\"1\",\"2\",\"5\",\"6\",\"8\"]|6-z43A|322332","target":"[\"0\",\"1\",\"2\",\"3\",\"4\",\"7\",\"8\",\"9\"]|8-8|644563"}},{"source":89,"target":88,"points":[[7550,850],[7550,900]],"data":{"source":"[\"0\",\"1\",\"2\",\"4\",\"7\",\"8\"]|6-z17A|322332","target":"[\"0\",\"1\",\"2\",\"5\",\"6\",\"8\"]|6-z43A|322332"}},{"source":90,"target":66,"points":[[7250,1150],[7250,1200]],"data":{"source":"[\"0\",\"1\",\"2\",\"3\",\"5\",\"6\",\"7\",\"8\"]|8-6|654463","target":"[\"0\",\"1\",\"2\",\"3\",\"4\",\"6\",\"7\",\"8\",\"9\"]|9-5A|766674"}},{"source":91,"target":90,"points":[[7364.644660940672,985.3553390593273],[7285.355339059327,1064.6446609406726]],"data":{"source":"[\"0\",\"1\",\"2\",\"3\",\"5\",\"7\",\"8\"]|7-14A|443352","target":"[\"0\",\"1\",\"2\",\"3\",\"5\",\"6\",\"7\",\"8\"]|8-6|654463"}},{"source":92,"target":91,"points":[[7400,850],[7400,900]],"data":{"source":"[\"0\",\"1\",\"2\",\"5\",\"7\"]|5-14A|221131","target":"[\"0\",\"1\",\"2\",\"3\",\"5\",\"7\",\"8\"]|7-14A|443352"}},{"source":93,"target":90,"points":[[7250,1000],[7250,1050]],"data":{"source":"[\"0\",\"1\",\"2\",\"3\",\"5\",\"6\",\"7\"]|7-5A|543342","target":"[\"0\",\"1\",\"2\",\"3\",\"5\",\"6\",\"7\",\"8\"]|8-6|654463"}},{"source":94,"target":93,"points":[[7250,850],[7250,900]],"data":{"source":"[\"0\",\"1\",\"2\",\"3\",\"7\"]|5-5A|321121","target":"[\"0\",\"1\",\"2\",\"3\",\"5\",\"6\",\"7\"]|7-5A|543342"}},{"source":95,"target":90,"points":[[7135.355339059328,985.3553390593273],[7214.644660940673,1064.6446609406726]],"data":{"source":"[\"0\",\"1\",\"2\",\"3\",\"6\",\"8\"]|6-z41A|332232","target":"[\"0\",\"1\",\"2\",\"3\",\"5\",\"6\",\"7\",\"8\"]|8-6|654463"}},{"source":96,"target":95,"points":[[7100,850],[7100,900]],"data":{"source":"[\"0\",\"1\",\"2\",\"4\",\"6\",\"7\"]|6-z12A|332232","target":"[\"0\",\"1\",\"2\",\"3\",\"6\",\"8\"]|6-z41A|332232"}},{"source":97,"target":66,"points":[[7135.355339059328,1135.3553390593272],[7214.644660940673,1214.6446609406726]],"data":{"source":"[\"0\",\"1\",\"2\",\"3\",\"4\",\"6\",\"7\",\"8\"]|8-5A|654553","target":"[\"0\",\"1\",\"2\",\"3\",\"4\",\"6\",\"7\",\"8\",\"9\"]|9-5A|766674"}},{"source":98,"target":97,"points":[[6985.355339059328,985.3553390593273],[7064.644660940673,1064.6446609406726]],"data":{"source":"[\"0\",\"1\",\"2\",\"4\",\"6\",\"7\",\"8\"]|7-15|442443","target":"[\"0\",\"1\",\"2\",\"3\",\"4\",\"6\",\"7\",\"8\"]|8-5A|654553"}},{"source":99,"target":98,"points":[[6950,850],[6950,900]],"data":{"source":"[\"0\",\"1\",\"2\",\"6\",\"8\"]|5-15|220222","target":"[\"0\",\"1\",\"2\",\"4\",\"6\",\"7\",\"8\"]|7-15|442443"}},{"source":100,"target":66,"points":[[6994.721359549996,1122.3606797749978],[7205.278640450004,1227.6393202250022]],"data":{"source":"[\"0\",\"1\",\"2\",\"3\",\"6\",\"7\",\"9\"]|7-19A|434343","target":"[\"0\",\"1\",\"2\",\"3\",\"4\",\"6\",\"7\",\"8\",\"9\"]|9-5A|766674"}},{"source":101,"target":100,"points":[[6835.355339059328,985.3553390593273],[6914.644660940673,1064.6446609406726]],"data":{"source":"[\"0\",\"1\",\"3\",\"6\",\"7\"]|5-19A|212122","target":"[\"0\",\"1\",\"2\",\"3\",\"6\",\"7\",\"9\"]|7-19A|434343"}},{"source":102,"target":100,"points":[[6694.721359549996,972.360679774998],[6905.278640450004,1077.6393202250022]],"data":{"source":"[\"0\",\"1\",\"3\",\"7\"]|4-z29A|111111","target":"[\"0\",\"1\",\"2\",\"3\",\"6\",\"7\",\"9\"]|7-19A|434343"}},{"source":103,"target":102,"points":[[6764.644660940672,835.3553390593273],[6685.355339059327,914.6446609406726]],"data":{"source":"[\"0\",\"1\",\"4\",\"6\"]|4-z15A|111111","target":"[\"0\",\"1\",\"3\",\"7\"]|4-z29A|111111"}},{"source":104,"target":47,"points":[[7135.355339059328,1285.3553390593272],[7214.644660940673,1364.6446609406726]],"data":{"source":"[\"0\",\"1\",\"2\",\"3\",\"5\",\"6\",\"7\",\"9\"]|8-z29A|555553","target":"[\"0\",\"1\",\"2\",\"3\",\"4\",\"6\",\"7\",\"8\",\"9\",\"T\"]|10-6|888885"}},{"source":105,"target":104,"points":[[6844.721359549996,1122.3606797749978],[7055.278640450004,1227.6393202250022]],"data":{"source":"[\"0\",\"1\",\"2\",\"3\",\"4\",\"6\",\"8\",\"9\"]|8-z15A|555553","target":"[\"0\",\"1\",\"2\",\"3\",\"5\",\"6\",\"7\",\"9\"]|8-z29A|555553"}},{"source":106,"target":46,"points":[[4652.5658350974745,1415.8113883008418],[4297.4341649025255,1534.1886116991582]],"data":{"source":"[\"0\",\"1\",\"2\",\"3\",\"4\",\"5\",\"7\",\"8\",\"9\",\"T\"]|10-5|888894","target":"[\"0\",\"1\",\"2\",\"3\",\"4\",\"5\",\"6\",\"7\",\"8\",\"9\",\"T\"]|11-1|TTTTT5"}},{"source":107,"target":106,"points":[[5700.5025253169415,1257.0710678118655],[4749.4974746830585,1392.9289321881345]],"data":{"source":"[\"0\",\"1\",\"2\",\"3\",\"5\",\"6\",\"7\",\"8\",\"T\"]|9-9|676683","target":"[\"0\",\"1\",\"2\",\"3\",\"4\",\"5\",\"7\",\"8\",\"9\",\"T\"]|10-5|888894"}},{"source":108,"target":107,"points":[[6152.5658350974745,1115.8113883008418],[5797.4341649025255,1234.1886116991582]],"data":{"source":"[\"0\",\"1\",\"2\",\"3\",\"5\",\"7\",\"8\",\"T\"]|8-23|465472","target":"[\"0\",\"1\",\"2\",\"3\",\"5\",\"6\",\"7\",\"8\",\"T\"]|9-9|676683"}},{"source":109,"target":108,"points":[[6455.278640450004,972.360679774998],[6244.721359549996,1077.6393202250022]],"data":{"source":"[\"0\",\"1\",\"3\",\"5\",\"6\",\"8\",\"T\"]|7-35|254361","target":"[\"0\",\"1\",\"2\",\"3\",\"5\",\"7\",\"8\",\"T\"]|8-23|465472"}},{"source":110,"target":109,"points":[[6614.644660940672,835.3553390593273],[6535.355339059327,914.6446609406726]],"data":{"source":"[\"0\",\"2\",\"3\",\"5\",\"7\",\"9\"]|6-33A|143241","target":"[\"0\",\"1\",\"3\",\"5\",\"6\",\"8\",\"T\"]|7-35|254361"}},{"source":111,"target":109,"points":[[6500,850],[6500,900]],"data":{"source":"[\"0\",\"2\",\"4\",\"5\",\"7\",\"9\"]|6-32|143250","target":"[\"0\",\"1\",\"3\",\"5\",\"6\",\"8\",\"T\"]|7-35|254361"}},{"source":112,"target":111,"points":[[6614.644660940672,685.3553390593273],[6535.355339059327,764.6446609406726]],"data":{"source":"[\"0\",\"2\",\"4\",\"7\",\"9\"]|5-35|032140","target":"[\"0\",\"2\",\"4\",\"5\",\"7\",\"9\"]|6-32|143250"}},{"source":113,"target":112,"points":[[6764.644660940672,535.3553390593273],[6685.355339059327,614.6446609406726]],"data":{"source":"[\"0\",\"2\",\"5\",\"7\"]|4-23|021030","target":"[\"0\",\"2\",\"4\",\"7\",\"9\"]|5-35|032140"}},{"source":114,"target":113,"points":[[6800,400],[6800,450]],"data":{"source":"[\"0\",\"2\",\"7\"]|3-9|010020","target":"[\"0\",\"2\",\"5\",\"7\"]|4-23|021030"}},{"source":115,"target":114,"points":[[6800,250],[6800,300]],"data":{"source":"[\"0\",\"5\"]|2-5|000010","target":"[\"0\",\"2\",\"7\"]|3-9|010020"}},{"source":116,"target":112,"points":[[6650,550],[6650,600]],"data":{"source":"[\"0\",\"2\",\"4\",\"7\"]|4-22A|021120","target":"[\"0\",\"2\",\"4\",\"7\",\"9\"]|5-35|032140"}},{"source":117,"target":112,"points":[[6535.355339059328,535.3553390593273],[6614.644660940673,614.6446609406726]],"data":{"source":"[\"0\",\"2\",\"5\"]|3-7A|011010","target":"[\"0\",\"2\",\"4\",\"7\",\"9\"]|5-35|032140"}},{"source":118,"target":111,"points":[[6500,700],[6500,750]],"data":{"source":"[\"0\",\"2\",\"3\",\"5\",\"7\"]|5-23A|132130","target":"[\"0\",\"2\",\"4\",\"5\",\"7\",\"9\"]|6-32|143250"}},{"source":119,"target":109,"points":[[6385.355339059328,835.3553390593273],[6464.644660940673,914.6446609406726]],"data":{"source":"[\"0\",\"1\",\"3\",\"5\",\"8\"]|5-27A|122230","target":"[\"0\",\"1\",\"3\",\"5\",\"6\",\"8\",\"T\"]|7-35|254361"}},{"source":120,"target":119,"points":[[6350,700],[6350,750]],"data":{"source":"[\"0\",\"3\",\"5\",\"8\"]|4-26|012120","target":"[\"0\",\"1\",\"3\",\"5\",\"8\"]|5-27A|122230"}},{"source":121,"target":119,"points":[[6235.355339059328,685.3553390593273],[6314.644660940673,764.6446609406726]],"data":{"source":"[\"0\",\"2\",\"3\",\"7\"]|4-14A|111120","target":"[\"0\",\"1\",\"3\",\"5\",\"8\"]|5-27A|122230"}},{"source":122,"target":108,"points":[[6314.644660940672,985.3553390593273],[6235.355339059327,1064.6446609406726]],"data":{"source":"[\"0\",\"1\",\"2\",\"4\",\"6\",\"7\",\"9\"]|7-29A|344352","target":"[\"0\",\"1\",\"2\",\"3\",\"5\",\"7\",\"8\",\"T\"]|8-23|465472"}},{"source":123,"target":108,"points":[[6200,1000],[6200,1050]],"data":{"source":"[\"0\",\"2\",\"3\",\"4\",\"5\",\"7\",\"9\"]|7-23A|354351","target":"[\"0\",\"1\",\"2\",\"3\",\"5\",\"7\",\"8\",\"T\"]|8-23|465472"}},{"source":124,"target":108,"points":[[6085.355339059328,985.3553390593273],[6164.644660940673,1064.6446609406726]],"data":{"source":"[\"0\",\"1\",\"2\",\"4\",\"7\",\"9\"]|6-z47A|233241","target":"[\"0\",\"1\",\"2\",\"3\",\"5\",\"7\",\"8\",\"T\"]|8-23|465472"}},{"source":125,"target":124,"points":[[6050,850],[6050,900]],"data":{"source":"[\"0\",\"1\",\"3\",\"5\",\"6\",\"8\"]|6-z25A|233241","target":"[\"0\",\"1\",\"2\",\"4\",\"7\",\"9\"]|6-z47A|233241"}},{"source":126,"target":125,"points":[[6050,700],[6050,750]],"data":{"source":"[\"0\",\"1\",\"3\",\"6\",\"8\"]|5-29A|122131","target":"[\"0\",\"1\",\"3\",\"5\",\"6\",\"8\"]|6-z25A|233241"}},{"source":127,"target":107,"points":[[5750,1150],[5750,1200]],"data":{"source":"[\"0\",\"1\",\"2\",\"3\",\"5\",\"6\",\"8\",\"T\"]|8-22A|465562","target":"[\"0\",\"1\",\"2\",\"3\",\"5\",\"6\",\"7\",\"8\",\"T\"]|9-9|676683"}},{"source":128,"target":127,"points":[[5864.644660940672,985.3553390593273],[5785.355339059327,1064.6446609406726]],"data":{"source":"[\"0\",\"1\",\"3\",\"4\",\"6\",\"8\",\"T\"]|7-34|254442","target":"[\"0\",\"1\",\"2\",\"3\",\"5\",\"6\",\"8\",\"T\"]|8-22A|465562"}},{"source":129,"target":128,"points":[[5900,850],[5900,900]],"data":{"source":"[\"0\",\"2\",\"4\",\"6\",\"9\"]|5-34|032221","target":"[\"0\",\"1\",\"3\",\"4\",\"6\",\"8\",\"T\"]|7-34|254442"}},{"source":130,"target":127,"points":[[5750,1000],[5750,1050]],"data":{"source":"[\"0\",\"1\",\"2\",\"4\",\"5\",\"7\",\"9\"]|7-27A|344451","target":"[\"0\",\"1\",\"2\",\"3\",\"5\",\"6\",\"8\",\"T\"]|8-22A|465562"}},{"source":131,"target":130,"points":[[5750,850],[5750,900]],"data":{"source":"[\"0\",\"1\",\"2\",\"5\",\"7\",\"9\"]|6-z48|232341","target":"[\"0\",\"1\",\"2\",\"4\",\"5\",\"7\",\"9\"]|7-27A|344451"}},{"source":132,"target":131,"points":[[5750,700],[5750,750]],"data":{"source":"[\"0\",\"1\",\"3\",\"5\",\"7\",\"8\"]|6-z26|232341","target":"[\"0\",\"1\",\"2\",\"5\",\"7\",\"9\"]|6-z48|232341"}},{"source":133,"target":127,"points":[[5635.355339059328,985.3553390593273],[5714.644660940673,1064.6446609406726]],"data":{"source":"[\"0\",\"1\",\"2\",\"4\",\"6\",\"9\"]|6-z46A|233331","target":"[\"0\",\"1\",\"2\",\"3\",\"5\",\"6\",\"8\",\"T\"]|8-22A|465562"}},{"source":134,"target":133,"points":[[5600,850],[5600,900]],"data":{"source":"[\"0\",\"1\",\"3\",\"4\",\"6\",\"8\"]|6-z24A|233331","target":"[\"0\",\"1\",\"2\",\"4\",\"6\",\"9\"]|6-z46A|233331"}},{"source":135,"target":106,"points":[[4700,1300],[4700,1350]],"data":{"source":"[\"0\",\"1\",\"2\",\"4\",\"5\",\"6\",\"7\",\"9\"]|8-14A|555562","target":"[\"0\",\"1\",\"2\",\"3\",\"4\",\"5\",\"7\",\"8\",\"9\",\"T\"]|10-5|888894"}},{"source":136,"target":46,"points":[[4250,1450],[4250,1500]],"data":{"source":"[\"0\",\"1\",\"2\",\"3\",\"4\",\"5\",\"6\",\"8\",\"9\",\"T\"]|10-4|888984","target":"[\"0\",\"1\",\"2\",\"3\",\"4\",\"5\",\"6\",\"7\",\"8\",\"9\",\"T\"]|11-1|TTTTT5"}},{"source":137,"target":136,"points":[[4505.278640450004,1272.3606797749978],[4294.721359549996,1377.6393202250022]],"data":{"source":"[\"0\",\"1\",\"2\",\"4\",\"5\",\"6\",\"8\",\"9\",\"T\"]|9-12|666963","target":"[\"0\",\"1\",\"2\",\"3\",\"4\",\"5\",\"6\",\"8\",\"9\",\"T\"]|10-4|888984"}},{"source":138,"target":137,"points":[[5101.492874992733,1112.1267812518167],[4598.507125007267,1237.8732187481833]],"data":{"source":"[\"0\",\"1\",\"2\",\"4\",\"5\",\"6\",\"8\",\"9\"]|8-19A|545752","target":"[\"0\",\"1\",\"2\",\"4\",\"5\",\"6\",\"8\",\"9\",\"T\"]|9-12|666963"}},{"source":139,"target":138,"points":[[5405.278640450004,972.360679774998],[5194.721359549996,1077.6393202250022]],"data":{"source":"[\"0\",\"1\",\"3\",\"4\",\"5\",\"7\",\"8\"]|7-z37|434541","target":"[\"0\",\"1\",\"2\",\"4\",\"5\",\"6\",\"8\",\"9\"]|8-19A|545752"}},{"source":140,"target":139,"points":[[5450,850],[5450,900]],"data":{"source":"[\"0\",\"1\",\"2\",\"4\",\"5\",\"6\",\"9\"]|7-z17|434541","target":"[\"0\",\"1\",\"3\",\"4\",\"5\",\"7\",\"8\"]|7-z37|434541"}},{"source":141,"target":140,"points":[[5450,700],[5450,750]],"data":{"source":"[\"0\",\"1\",\"3\",\"4\",\"5\",\"8\"]|6-14A|323430","target":"[\"0\",\"1\",\"2\",\"4\",\"5\",\"6\",\"9\"]|7-z17|434541"}},{"source":142,"target":141,"points":[[5450,550],[5450,600]],"data":{"source":"[\"0\",\"3\",\"4\",\"5\",\"8\"]|5-z37|212320","target":"[\"0\",\"1\",\"3\",\"4\",\"5\",\"8\"]|6-14A|323430"}},{"source":143,"target":142,"points":[[5450,400],[5450,450]],"data":{"source":"[\"0\",\"1\",\"3\",\"4\",\"8\"]|5-z17|212320","target":"[\"0\",\"3\",\"4\",\"5\",\"8\"]|5-z37|212320"}},{"source":144,"target":138,"points":[[5264.644660940672,985.3553390593273],[5185.355339059327,1064.6446609406726]],"data":{"source":"[\"0\",\"1\",\"2\",\"5\",\"6\",\"8\",\"9\"]|7-22|424542","target":"[\"0\",\"1\",\"2\",\"4\",\"5\",\"6\",\"8\",\"9\"]|8-19A|545752"}},{"source":145,"target":144,"points":[[5300,850],[5300,900]],"data":{"source":"[\"0\",\"1\",\"2\",\"4\",\"5\",\"8\",\"9\"]|7-21A|424641","target":"[\"0\",\"1\",\"2\",\"5\",\"6\",\"8\",\"9\"]|7-22|424542"}},{"source":146,"target":145,"points":[[5300,700],[5300,750]],"data":{"source":"[\"0\",\"1\",\"2\",\"5\",\"6\",\"9\"]|6-z44A|313431","target":"[\"0\",\"1\",\"2\",\"4\",\"5\",\"8\",\"9\"]|7-21A|424641"}},{"source":147,"target":146,"points":[[5300,550],[5300,600]],"data":{"source":"[\"0\",\"1\",\"3\",\"4\",\"7\",\"8\"]|6-z19A|313431","target":"[\"0\",\"1\",\"2\",\"5\",\"6\",\"9\"]|6-z44A|313431"}},{"source":148,"target":147,"points":[[5300,400],[5300,450]],"data":{"source":"[\"0\",\"1\",\"4\",\"7\",\"8\"]|5-22|202321","target":"[\"0\",\"1\",\"3\",\"4\",\"7\",\"8\"]|6-z19A|313431"}},{"source":149,"target":145,"points":[[5185.355339059328,685.3553390593273],[5264.644660940673,764.6446609406726]],"data":{"source":"[\"0\",\"1\",\"4\",\"5\",\"8\",\"9\"]|6-20|303630","target":"[\"0\",\"1\",\"2\",\"4\",\"5\",\"8\",\"9\"]|7-21A|424641"}},{"source":150,"target":149,"points":[[5035.355339059328,535.3553390593273],[5114.644660940673,614.6446609406726]],"data":{"source":"[\"0\",\"1\",\"4\",\"5\",\"8\"]|5-21A|202420","target":"[\"0\",\"1\",\"4\",\"5\",\"8\",\"9\"]|6-20|303630"}},{"source":151,"target":150,"points":[[5114.644660940672,385.3553390593273],[5035.355339059327,464.6446609406726]],"data":{"source":"[\"0\",\"1\",\"5\",\"8\"]|4-20|101220","target":"[\"0\",\"1\",\"4\",\"5\",\"8\"]|5-21A|202420"}},{"source":152,"target":150,"points":[[5000,400],[5000,450]],"data":{"source":"[\"0\",\"1\",\"4\",\"8\"]|4-19A|101310","target":"[\"0\",\"1\",\"4\",\"5\",\"8\"]|5-21A|202420"}},{"source":153,"target":152,"points":[[5000,250],[5000,300]],"data":{"source":"[\"0\",\"4\",\"8\"]|3-12|000300","target":"[\"0\",\"1\",\"4\",\"8\"]|4-19A|101310"}},{"source":154,"target":153,"points":[[5000,100],[5000,150]],"data":{"source":"[\"0\",\"4\"]|2-4|000100","target":"[\"0\",\"4\",\"8\"]|3-12|000300"}},{"source":155,"target":150,"points":[[4885.355339059328,385.3553390593273],[4964.644660940673,464.6446609406726]],"data":{"source":"[\"0\",\"3\",\"4\",\"7\"]|4-17|102210","target":"[\"0\",\"1\",\"4\",\"5\",\"8\"]|5-21A|202420"}},{"source":156,"target":155,"points":[[4850,250],[4850,300]],"data":{"source":"[\"0\",\"3\",\"7\"]|3-11A|001110","target":"[\"0\",\"3\",\"4\",\"7\"]|4-17|102210"}},{"source":157,"target":150,"points":[[4744.721359549996,372.36067977499795],[4955.278640450004,477.6393202250021]],"data":{"source":"[\"0\",\"1\",\"4\",\"5\"]|4-7|201210","target":"[\"0\",\"1\",\"4\",\"5\",\"8\"]|5-21A|202420"}},{"source":158,"target":157,"points":[[4700,250],[4700,300]],"data":{"source":"[\"0\",\"1\",\"5\"]|3-4A|100110","target":"[\"0\",\"1\",\"4\",\"5\"]|4-7|201210"}},{"source":159,"target":144,"points":[[5044.721359549996,822.360679774998],[5255.278640450004,927.639320225002]],"data":{"source":"[\"0\",\"1\",\"2\",\"5\",\"8\"]|5-z38A|212221","target":"[\"0\",\"1\",\"2\",\"5\",\"6\",\"8\",\"9\"]|7-22|424542"}},{"source":160,"target":159,"points":[[5000,700],[5000,750]],"data":{"source":"[\"0\",\"1\",\"4\",\"5\",\"7\"]|5-z18A|212221","target":"[\"0\",\"1\",\"2\",\"5\",\"8\"]|5-z38A|212221"}},{"source":161,"target":138,"points":[[5150,1000],[5150,1050]],"data":{"source":"[\"0\",\"1\",\"4\",\"5\",\"7\",\"9\"]|6-31A|223431","target":"[\"0\",\"1\",\"2\",\"4\",\"5\",\"6\",\"8\",\"9\"]|8-19A|545752"}},{"source":162,"target":138,"points":[[5035.355339059328,985.3553390593273],[5114.644660940673,1064.6446609406726]],"data":{"source":"[\"0\",\"1\",\"4\",\"5\",\"6\",\"8\"]|6-16A|322431","target":"[\"0\",\"1\",\"2\",\"4\",\"5\",\"6\",\"8\",\"9\"]|8-19A|545752"}},{"source":163,"target":138,"points":[[4894.721359549996,972.360679774998],[5105.278640450004,1077.6393202250022]],"data":{"source":"[\"0\",\"1\",\"2\",\"4\",\"5\",\"8\"]|6-15A|323421","target":"[\"0\",\"1\",\"2\",\"4\",\"5\",\"6\",\"8\",\"9\"]|8-19A|545752"}},{"source":164,"target":137,"points":[[4664.644660940672,1135.3553390593272],[4585.355339059327,1214.6446609406726]],"data":{"source":"[\"0\",\"1\",\"2\",\"4\",\"6\",\"8\",\"9\"]|7-30A|343542","target":"[\"0\",\"1\",\"2\",\"4\",\"5\",\"6\",\"8\",\"9\",\"T\"]|9-12|666963"}},{"source":165,"target":164,"points":[[4700,1000],[4700,1050]],"data":{"source":"[\"0\",\"1\",\"4\",\"6\",\"8\"]|5-30A|121321","target":"[\"0\",\"1\",\"2\",\"4\",\"6\",\"8\",\"9\"]|7-30A|343542"}},{"source":166,"target":137,"points":[[4550,1150],[4550,1200]],"data":{"source":"[\"0\",\"1\",\"3\",\"4\",\"5\",\"7\",\"9\"]|7-26A|344532","target":"[\"0\",\"1\",\"2\",\"4\",\"5\",\"6\",\"8\",\"9\",\"T\"]|9-12|666963"}},{"source":167,"target":166,"points":[[4550,1000],[4550,1050]],"data":{"source":"[\"0\",\"2\",\"4\",\"5\",\"8\"]|5-26A|122311","target":"[\"0\",\"1\",\"3\",\"4\",\"5\",\"7\",\"9\"]|7-26A|344532"}},{"source":168,"target":137,"points":[[4435.355339059328,1135.3553390593272],[4514.644660940673,1214.6446609406726]],"data":{"source":"[\"0\",\"1\",\"2\",\"4\",\"5\",\"6\",\"8\"]|7-13A|443532","target":"[\"0\",\"1\",\"2\",\"4\",\"5\",\"6\",\"8\",\"9\",\"T\"]|9-12|666963"}},{"source":169,"target":168,"points":[[4400,1000],[4400,1050]],"data":{"source":"[\"0\",\"1\",\"2\",\"4\",\"8\"]|5-13A|221311","target":"[\"0\",\"1\",\"2\",\"4\",\"5\",\"6\",\"8\"]|7-13A|443532"}},{"source":170,"target":46,"points":[[4135.355339059328,1435.3553390593272],[4214.644660940673,1514.6446609406726]],"data":{"source":"[\"0\",\"1\",\"2\",\"3\",\"4\",\"5\",\"6\",\"7\",\"9\",\"T\"]|10-3|889884","target":"[\"0\",\"1\",\"2\",\"3\",\"4\",\"5\",\"6\",\"7\",\"8\",\"9\",\"T\"]|11-1|TTTTT5"}},{"source":171,"target":170,"points":[[4100,1300],[4100,1350]],"data":{"source":"[\"0\",\"1\",\"2\",\"3\",\"5\",\"6\",\"7\",\"9\",\"T\"]|9-11A|667773","target":"[\"0\",\"1\",\"2\",\"3\",\"4\",\"5\",\"6\",\"7\",\"9\",\"T\"]|10-3|889884"}},{"source":172,"target":170,"points":[[3985.3553390593274,1285.3553390593274],[4064.6446609406726,1364.6446609406726]],"data":{"source":"[\"0\",\"1\",\"2\",\"3\",\"4\",\"6\",\"7\",\"9\",\"T\"]|9-10|668664","target":"[\"0\",\"1\",\"2\",\"3\",\"4\",\"5\",\"6\",\"7\",\"9\",\"T\"]|10-3|889884"}},{"source":173,"target":172,"points":[[4064.6446609406726,1135.3553390593274],[3985.3553390593274,1214.6446609406726]],"data":{"source":"[\"0\",\"1\",\"3\",\"4\",\"6\",\"7\",\"9\",\"T\"]|8-28|448444","target":"[\"0\",\"1\",\"2\",\"3\",\"4\",\"6\",\"7\",\"9\",\"T\"]|9-10|668664"}},{"source":174,"target":173,"points":[[4214.644660940672,985.3553390593273],[4135.355339059327,1064.6446609406726]],"data":{"source":"[\"0\",\"1\",\"3\",\"4\",\"6\",\"7\",\"9\"]|7-31A|336333","target":"[\"0\",\"1\",\"3\",\"4\",\"6\",\"7\",\"9\",\"T\"]|8-28|448444"}},{"source":175,"target":174,"points":[[4801.492874992733,812.1267812518166],[4298.507125007267,937.8732187481834]],"data":{"source":"[\"0\",\"1\",\"4\",\"6\",\"7\",\"9\"]|6-z50|224232","target":"[\"0\",\"1\",\"3\",\"4\",\"6\",\"7\",\"9\"]|7-31A|336333"}},{"source":176,"target":175,"points":[[4850,700],[4850,750]],"data":{"source":"[\"0\",\"2\",\"3\",\"6\",\"7\",\"9\"]|6-z29|224232","target":"[\"0\",\"1\",\"4\",\"6\",\"7\",\"9\"]|6-z50|224232"}},{"source":177,"target":174,"points":[[4652.5658350974745,815.8113883008418],[4297.4341649025255,934.1886116991581]],"data":{"source":"[\"0\",\"1\",\"3\",\"4\",\"7\",\"9\"]|6-z49|224322","target":"[\"0\",\"1\",\"3\",\"4\",\"6\",\"7\",\"9\"]|7-31A|336333"}},{"source":178,"target":177,"points":[[4700,700],[4700,750]],"data":{"source":"[\"0\",\"1\",\"3\",\"5\",\"6\",\"9\"]|6-z28|224322","target":"[\"0\",\"1\",\"3\",\"4\",\"7\",\"9\"]|6-z49|224322"}},{"source":179,"target":174,"points":[[4505.278640450004,822.360679774998],[4294.721359549996,927.639320225002]],"data":{"source":"[\"0\",\"2\",\"3\",\"4\",\"6\",\"9\"]|6-z45|234222","target":"[\"0\",\"1\",\"3\",\"4\",\"6\",\"7\",\"9\"]|7-31A|336333"}},{"source":180,"target":179,"points":[[4550,700],[4550,750]],"data":{"source":"[\"0\",\"2\",\"3\",\"5\",\"6\",\"8\"]|6-z23|234222","target":"[\"0\",\"2\",\"3\",\"4\",\"6\",\"9\"]|6-z45|234222"}},{"source":181,"target":174,"points":[[4364.644660940672,835.3553390593273],[4285.355339059327,914.6446609406726]],"data":{"source":"[\"0\",\"1\",\"2\",\"3\",\"6\",\"9\"]|6-z42|324222","target":"[\"0\",\"1\",\"3\",\"4\",\"6\",\"7\",\"9\"]|7-31A|336333"}},{"source":182,"target":181,"points":[[4400,700],[4400,750]],"data":{"source":"[\"0\",\"1\",\"3\",\"4\",\"6\",\"7\"]|6-z13|324222","target":"[\"0\",\"1\",\"2\",\"3\",\"6\",\"9\"]|6-z42|324222"}},{"source":183,"target":174,"points":[[4250,850],[4250,900]],"data":{"source":"[\"0\",\"1\",\"3\",\"6\",\"7\",\"9\"]|6-30A|224223","target":"[\"0\",\"1\",\"3\",\"4\",\"6\",\"7\",\"9\"]|7-31A|336333"}},{"source":184,"target":173,"points":[[4100,1000],[4100,1050]],"data":{"source":"[\"0\",\"1\",\"3\",\"4\",\"6\",\"9\"]|6-27A|225222","target":"[\"0\",\"1\",\"3\",\"4\",\"6\",\"7\",\"9\",\"T\"]|8-28|448444"}},{"source":185,"target":184,"points":[[4100,850],[4100,900]],"data":{"source":"[\"0\",\"1\",\"3\",\"6\",\"9\"]|5-31A|114112","target":"[\"0\",\"1\",\"3\",\"4\",\"6\",\"9\"]|6-27A|225222"}},{"source":186,"target":185,"points":[[4100,700],[4100,750]],"data":{"source":"[\"0\",\"3\",\"6\",\"9\"]|4-28|004002","target":"[\"0\",\"1\",\"3\",\"6\",\"9\"]|5-31A|114112"}},{"source":187,"target":186,"points":[[4100,550],[4100,600]],"data":{"source":"[\"0\",\"3\",\"6\"]|3-10|002001","target":"[\"0\",\"3\",\"6\",\"9\"]|4-28|004002"}},{"source":188,"target":187,"points":[[4100,400],[4100,450]],"data":{"source":"[\"0\",\"3\"]|2-3|001000","target":"[\"0\",\"3\",\"6\"]|3-10|002001"}},{"source":189,"target":172,"points":[[3950,1150],[3950,1200]],"data":{"source":"[\"0\",\"1\",\"2\",\"4\",\"5\",\"7\",\"8\",\"T\"]|8-27A|456553","target":"[\"0\",\"1\",\"2\",\"3\",\"4\",\"6\",\"7\",\"9\",\"T\"]|9-10|668664"}},{"source":190,"target":172,"points":[[3835.3553390593274,1135.3553390593274],[3914.6446609406726,1214.6446609406726]],"data":{"source":"[\"0\",\"1\",\"2\",\"3\",\"5\",\"6\",\"8\",\"9\"]|8-18A|546553","target":"[\"0\",\"1\",\"2\",\"3\",\"4\",\"6\",\"7\",\"9\",\"T\"]|9-10|668664"}},{"source":191,"target":190,"points":[[3914.6446609406726,985.3553390593274],[3835.3553390593274,1064.6446609406726]],"data":{"source":"[\"0\",\"1\",\"2\",\"4\",\"5\",\"7\",\"8\"]|7-z38A|434442","target":"[\"0\",\"1\",\"2\",\"3\",\"5\",\"6\",\"8\",\"9\"]|8-18A|546553"}},{"source":192,"target":191,"points":[[3950,850],[3950,900]],"data":{"source":"[\"0\",\"1\",\"4\",\"5\",\"6\",\"7\",\"9\"]|7-z18A|434442","target":"[\"0\",\"1\",\"2\",\"4\",\"5\",\"7\",\"8\"]|7-z38A|434442"}},{"source":193,"target":190,"points":[[3800,1000],[3800,1050]],"data":{"source":"[\"0\",\"1\",\"3\",\"4\",\"6\",\"8\",\"9\"]|7-32A|335442","target":"[\"0\",\"1\",\"2\",\"3\",\"5\",\"6\",\"8\",\"9\"]|8-18A|546553"}},{"source":194,"target":193,"points":[[3800,850],[3800,900]],"data":{"source":"[\"0\",\"1\",\"4\",\"6\",\"9\"]|5-32A|113221","target":"[\"0\",\"1\",\"3\",\"4\",\"6\",\"8\",\"9\"]|7-32A|335442"}},{"source":195,"target":172,"points":[[3694.7213595499957,1122.3606797749978],[3905.2786404500043,1227.6393202250022]],"data":{"source":"[\"0\",\"1\",\"2\",\"3\",\"4\",\"6\",\"7\",\"9\"]|8-13A|556453","target":"[\"0\",\"1\",\"2\",\"3\",\"4\",\"6\",\"7\",\"9\",\"T\"]|9-10|668664"}},{"source":196,"target":195,"points":[[3650,1000],[3650,1050]],"data":{"source":"[\"0\",\"1\",\"2\",\"3\",\"5\",\"6\",\"8\"]|7-z36A|444342","target":"[\"0\",\"1\",\"2\",\"3\",\"4\",\"6\",\"7\",\"9\"]|8-13A|556453"}},{"source":197,"target":196,"points":[[3650,850],[3650,900]],"data":{"source":"[\"0\",\"1\",\"2\",\"3\",\"4\",\"7\",\"9\"]|7-z12|444342","target":"[\"0\",\"1\",\"2\",\"3\",\"5\",\"6\",\"8\"]|7-z36A|444342"}},{"source":198,"target":197,"points":[[3650,700],[3650,750]],"data":{"source":"[\"0\",\"1\",\"2\",\"3\",\"5\",\"8\"]|6-z40A|333231","target":"[\"0\",\"1\",\"2\",\"3\",\"4\",\"7\",\"9\"]|7-z12|444342"}},{"source":199,"target":198,"points":[[3650,550],[3650,600]],"data":{"source":"[\"0\",\"1\",\"2\",\"4\",\"5\",\"7\"]|6-z11A|333231","target":"[\"0\",\"1\",\"2\",\"3\",\"5\",\"8\"]|6-z40A|333231"}},{"source":200,"target":199,"points":[[3650,400],[3650,450]],"data":{"source":"[\"0\",\"1\",\"2\",\"4\",\"7\"]|5-z36A|222121","target":"[\"0\",\"1\",\"2\",\"4\",\"5\",\"7\"]|6-z11A|333231"}},{"source":201,"target":200,"points":[[3650,250],[3650,300]],"data":{"source":"[\"0\",\"1\",\"3\",\"5\",\"6\"]|5-z12|222121","target":"[\"0\",\"1\",\"2\",\"4\",\"7\"]|5-z36A|222121"}},{"source":202,"target":195,"points":[[3535.3553390593274,985.3553390593274],[3614.6446609406726,1064.6446609406726]],"data":{"source":"[\"0\",\"2\",\"3\",\"4\",\"6\",\"7\",\"9\"]|7-25A|345342","target":"[\"0\",\"1\",\"2\",\"3\",\"4\",\"6\",\"7\",\"9\"]|8-13A|556453"}},{"source":203,"target":202,"points":[[3500,850],[3500,900]],"data":{"source":"[\"0\",\"2\",\"3\",\"5\",\"8\"]|5-25A|123121","target":"[\"0\",\"2\",\"3\",\"4\",\"6\",\"7\",\"9\"]|7-25A|345342"}},{"source":204,"target":203,"points":[[3500,700],[3500,750]],"data":{"source":"[\"0\",\"2\",\"5\",\"8\"]|4-27A|012111","target":"[\"0\",\"2\",\"3\",\"5\",\"8\"]|5-25A|123121"}},{"source":205,"target":172,"points":[[3398.5071250072665,1112.1267812518167],[3901.4928749927335,1237.8732187481833]],"data":{"source":"[\"0\",\"1\",\"3\",\"4\",\"5\",\"6\",\"7\",\"9\"]|8-12A|556543","target":"[\"0\",\"1\",\"2\",\"3\",\"4\",\"6\",\"7\",\"9\",\"T\"]|9-10|668664"}},{"source":206,"target":205,"points":[[3350,1000],[3350,1050]],"data":{"source":"[\"0\",\"1\",\"2\",\"3\",\"5\",\"6\",\"9\"]|7-16A|435432","target":"[\"0\",\"1\",\"3\",\"4\",\"5\",\"6\",\"7\",\"9\"]|8-12A|556543"}},{"source":207,"target":206,"points":[[3350,850],[3350,900]],"data":{"source":"[\"0\",\"1\",\"3\",\"4\",\"7\"]|5-16A|213211","target":"[\"0\",\"1\",\"2\",\"3\",\"5\",\"6\",\"9\"]|7-16A|435432"}},{"source":208,"target":207,"points":[[3350,700],[3350,750]],"data":{"source":"[\"0\",\"1\",\"4\",\"7\"]|4-18A|102111","target":"[\"0\",\"1\",\"3\",\"4\",\"7\"]|5-16A|213211"}},{"source":209,"target":205,"points":[[3235.3553390593274,985.3553390593274],[3314.6446609406726,1064.6446609406726]],"data":{"source":"[\"0\",\"1\",\"2\",\"3\",\"4\",\"6\",\"9\"]|7-10A|445332","target":"[\"0\",\"1\",\"3\",\"4\",\"5\",\"6\",\"7\",\"9\"]|8-12A|556543"}},{"source":210,"target":209,"points":[[3200,850],[3200,900]],"data":{"source":"[\"0\",\"1\",\"3\",\"4\",\"6\"]|5-10A|223111","target":"[\"0\",\"1\",\"2\",\"3\",\"4\",\"6\",\"9\"]|7-10A|445332"}},{"source":211,"target":210,"points":[[3200,700],[3200,750]],"data":{"source":"[\"0\",\"1\",\"3\",\"6\"]|4-13A|112011","target":"[\"0\",\"1\",\"3\",\"4\",\"6\"]|5-10A|223111"}},{"source":212,"target":210,"points":[[3085.3553390593274,685.3553390593274],[3164.6446609406726,764.6446609406726]],"data":{"source":"[\"0\",\"2\",\"3\",\"6\"]|4-12A|112101","target":"[\"0\",\"1\",\"3\",\"4\",\"6\"]|5-10A|223111"}},{"source":213,"target":46,"points":[[3249.4974746830585,1407.0710678118655],[4200.5025253169415,1542.9289321881345]],"data":{"source":"[\"0\",\"1\",\"2\",\"3\",\"4\",\"5\",\"6\",\"7\",\"8\",\"T\"]|10-2|898884","target":"[\"0\",\"1\",\"2\",\"3\",\"4\",\"5\",\"6\",\"7\",\"8\",\"9\",\"T\"]|11-1|TTTTT5"}},{"source":214,"target":213,"points":[[3200,1300],[3200,1350]],"data":{"source":"[\"0\",\"1\",\"2\",\"3\",\"4\",\"5\",\"7\",\"8\",\"T\"]|9-7A|677673","target":"[\"0\",\"1\",\"2\",\"3\",\"4\",\"5\",\"6\",\"7\",\"8\",\"T\"]|10-2|898884"}},{"source":215,"target":214,"points":[[3200,1150],[3200,1200]],"data":{"source":"[\"0\",\"1\",\"3\",\"4\",\"5\",\"7\",\"8\",\"T\"]|8-26|456562","target":"[\"0\",\"1\",\"2\",\"3\",\"4\",\"5\",\"7\",\"8\",\"T\"]|9-7A|677673"}},{"source":216,"target":213,"points":[[3085.3553390593274,1285.3553390593274],[3164.6446609406726,1364.6446609406726]],"data":{"source":"[\"0\",\"1\",\"2\",\"3\",\"4\",\"5\",\"6\",\"8\",\"T\"]|9-6|686763","target":"[\"0\",\"1\",\"2\",\"3\",\"4\",\"5\",\"6\",\"7\",\"8\",\"T\"]|10-2|898884"}},{"source":217,"target":216,"points":[[3050,1150],[3050,1200]],"data":{"source":"[\"0\",\"1\",\"2\",\"3\",\"5\",\"7\",\"9\"]|7-24A|353442","target":"[\"0\",\"1\",\"2\",\"3\",\"4\",\"5\",\"6\",\"8\",\"T\"]|9-6|686763"}},{"source":218,"target":217,"points":[[3050,1000],[3050,1050]],"data":{"source":"[\"0\",\"1\",\"3\",\"5\",\"7\"]|5-24A|131221","target":"[\"0\",\"1\",\"2\",\"3\",\"5\",\"7\",\"9\"]|7-24A|353442"}},{"source":219,"target":216,"points":[[2935.3553390593274,1135.3553390593274],[3014.6446609406726,1214.6446609406726]],"data":{"source":"[\"0\",\"1\",\"2\",\"3\",\"4\",\"6\",\"8\"]|7-9A|453432","target":"[\"0\",\"1\",\"2\",\"3\",\"4\",\"5\",\"6\",\"8\",\"T\"]|9-6|686763"}},{"source":220,"target":219,"points":[[2900,1000],[2900,1050]],"data":{"source":"[\"0\",\"1\",\"2\",\"4\",\"6\"]|5-9A|231211","target":"[\"0\",\"1\",\"2\",\"3\",\"4\",\"6\",\"8\"]|7-9A|453432"}},{"source":221,"target":213,"points":[[2797.4341649025255,1265.8113883008418],[3152.5658350974745,1384.1886116991582]],"data":{"source":"[\"0\",\"1\",\"2\",\"3\",\"4\",\"5\",\"7\",\"9\"]|8-11A|565552","target":"[\"0\",\"1\",\"2\",\"3\",\"4\",\"5\",\"6\",\"7\",\"8\",\"T\"]|10-2|898884"}},{"source":222,"target":221,"points":[[2750,1150],[2750,1200]],"data":{"source":"[\"0\",\"1\",\"2\",\"3\",\"5\",\"7\"]|6-9A|342231","target":"[\"0\",\"1\",\"2\",\"3\",\"4\",\"5\",\"7\",\"9\"]|8-11A|565552"}}],"v":1}