[
  { "source": "[\"\"]", "target": "[\"0\"]" },
  { "source": "[\"0\"]", "target": "[\"0\",\"1\"]" },
  { "source": "[\"0\"]", "target": "[\"0\",\"2\"]" },
  { "source": "[\"0\"]", "target": "[\"0\",\"3\"]" },
  { "source": "[\"0\"]", "target": "[\"0\",\"4\"]" },
  { "source": "[\"0\"]", "target": "[\"0\",\"5\"]" },
  { "source": "[\"0\"]", "target": "[\"0\",\"6\"]" },
  { "source": "[\"0\",\"1\"]", "target": "[\"0\",\"1\",\"2\"]" },
  { "source": "[\"0\",\"1\"]", "target": "[\"0\",\"1\",\"3\"]" },
  { "source": "[\"0\",\"1\"]", "target": "[\"0\",\"1\",\"4\"]" },
  { "source": "[\"0\",\"1\"]", "target": "[\"0\",\"1\",\"5\"]" },
  { "source": "[\"0\",\"1\"]", "target": "[\"0\",\"1\",\"6\"]" },
  { "source": "[\"0\",\"2\"]", "target": "[\"0\",\"2\",\"3\"]" },
  { "source": "[\"0\",\"2\"]", "target": "[\"0\",\"2\",\"4\"]" },
  { "source": "[\"0\",\"2\"]", "target": "[\"0\",\"2\",\"5\"]" },
  { "source": "[\"0\",\"2\"]", "target": "[\"0\",\"2\",\"6\"]" },
  { "source": "[\"0\",\"2\"]", "target": "[\"0\",\"2\",\"7\"]" },
  { "source": "[\"0\",\"3\"]", "target": "[\"0\",\"3\",\"4\"]" },
  { "source": "[\"0\",\"3\"]", "target": "[\"0\",\"3\",\"5\"]" },
  { "source": "[\"0\",\"3\"]", "target": "[\"0\",\"3\",\"6\"]" },
  { "source": "[\"0\",\"3\"]", "target": "[\"0\",\"3\",\"7\"]" },
  { "source": "[\"0\",\"4\"]", "target": "[\"0\",\"4\",\"5\"]" },
  { "source": "[\"0\",\"4\"]", "target": "[\"0\",\"4\",\"6\"]" },
  { "source": "[\"0\",\"4\"]", "target": "[\"0\",\"4\",\"7\"]" },
  { "source": "[\"0\",\"4\"]", "target": "[\"0\",\"4\",\"8\"]" },
  { "source": "[\"0\",\"5\"]", "target": "[\"0\",\"5\",\"6\"]" },
  { "source": "[\"0\",\"1\",\"2\"]", "target": "[\"0\",\"1\",\"2\",\"3\"]" },
  { "source": "[\"0\",\"1\",\"2\"]", "target": "[\"0\",\"1\",\"2\",\"4\"]" },
  { "source": "[\"0\",\"1\",\"2\"]", "target": "[\"0\",\"1\",\"2\",\"5\"]" },
  { "source": "[\"0\",\"1\",\"2\"]", "target": "[\"0\",\"1\",\"2\",\"6\"]" },
  { "source": "[\"0\",\"1\",\"2\"]", "target": "[\"0\",\"1\",\"2\",\"7\"]" },
  { "source": "[\"0\",\"1\",\"3\"]", "target": "[\"0\",\"1\",\"3\",\"4\"]" },
  { "source": "[\"0\",\"1\",\"3\"]", "target": "[\"0\",\"1\",\"3\",\"5\"]" },
  { "source": "[\"0\",\"1\",\"3\"]", "target": "[\"0\",\"1\",\"3\",\"6\"]" },
  { "source": "[\"0\",\"1\",\"3\"]", "target": "[\"0\",\"1\",\"3\",\"7\"]" },
  { "source": "[\"0\",\"2\",\"3\"]", "target": "[\"0\",\"2\",\"3\",\"4\"]" },
  { "source": "[\"0\",\"2\",\"3\"]", "target": "[\"0\",\"2\",\"3\",\"5\"]" },
  { "source": "[\"0\",\"2\",\"3\"]", "target": "[\"0\",\"2\",\"3\",\"6\"]" },
  { "source": "[\"0\",\"2\",\"3\"]", "target": "[\"0\",\"2\",\"3\",\"7\"]" },
  { "source": "[\"0\",\"1\",\"4\"]", "target": "[\"0\",\"1\",\"4\",\"5\"]" },
  { "source": "[\"0\",\"1\",\"4\"]", "target": "[\"0\",\"1\",\"4\",\"6\"]" },
  { "source": "[\"0\",\"1\",\"4\"]", "target": "[\"0\",\"1\",\"4\",\"7\"]" },
  { "source": "[\"0\",\"1\",\"4\"]", "target": "[\"0\",\"1\",\"4\",\"8\"]" },
  { "source": "[\"0\",\"3\",\"4\"]", "target": "[\"0\",\"3\",\"4\",\"5\"]" },
  { "source": "[\"0\",\"3\",\"4\"]", "target": "[\"0\",\"3\",\"4\",\"6\"]" },
  { "source": "[\"0\",\"3\",\"4\"]", "target": "[\"0\",\"3\",\"4\",\"7\"]" },
  { "source": "[\"0\",\"3\",\"4\"]", "target": "[\"0\",\"3\",\"4\",\"8\"]" },
  { "source": "[\"0\",\"1\",\"5\"]", "target": "[\"0\",\"1\",\"5\",\"6\"]" },
  { "source": "[\"0\",\"1\",\"5\"]", "target": "[\"0\",\"1\",\"5\",\"7\"]" },
  { "source": "[\"0\",\"1\",\"5\"]", "target": "[\"0\",\"1\",\"5\",\"8\"]" },
  { "source": "[\"0\",\"4\",\"5\"]", "target": "[\"0\",\"4\",\"5\",\"6\"]" },
  { "source": "[\"0\",\"4\",\"5\"]", "target": "[\"0\",\"4\",\"5\",\"7\"]" },
  { "source": "[\"0\",\"1\",\"6\"]", "target": "[\"0\",\"1\",\"6\",\"7\"]" },
  { "source": "[\"0\",\"2\",\"4\"]", "target": "[\"0\",\"2\",\"4\",\"5\"]" },
  { "source": "[\"0\",\"2\",\"4\"]", "target": "[\"0\",\"2\",\"4\",\"6\"]" },
  { "source": "[\"0\",\"2\",\"4\"]", "target": "[\"0\",\"2\",\"4\",\"7\"]" },
  { "source": "[\"0\",\"2\",\"4\"]", "target": "[\"0\",\"2\",\"4\",\"8\"]" },
  { "source": "[\"0\",\"2\",\"5\"]", "target": "[\"0\",\"2\",\"5\",\"6\"]" },
  { "source": "[\"0\",\"2\",\"5\"]", "target": "[\"0\",\"2\",\"5\",\"7\"]" },
  { "source": "[\"0\",\"2\",\"5\"]", "target": "[\"0\",\"2\",\"5\",\"8\"]" },
  { "source": "[\"0\",\"3\",\"5\"]", "target": "[\"0\",\"3\",\"5\",\"6\"]" },
  { "source": "[\"0\",\"3\",\"5\"]", "target": "[\"0\",\"3\",\"5\",\"7\"]" },
  { "source": "[\"0\",\"3\",\"5\"]", "target": "[\"0\",\"3\",\"5\",\"8\"]" },
  { "source": "[\"0\",\"2\",\"6\"]", "target": "[\"0\",\"2\",\"6\",\"7\"]" },
  { "source": "[\"0\",\"2\",\"6\"]", "target": "[\"0\",\"2\",\"6\",\"8\"]" },
  { "source": "[\"0\",\"4\",\"6\"]", "target": "[\"0\",\"4\",\"6\",\"7\"]" },
  { "source": "[\"0\",\"3\",\"6\"]", "target": "[\"0\",\"3\",\"6\",\"7\"]" },
  { "source": "[\"0\",\"3\",\"6\"]", "target": "[\"0\",\"3\",\"6\",\"8\"]" },
  { "source": "[\"0\",\"3\",\"6\"]", "target": "[\"0\",\"3\",\"6\",\"9\"]" },
  { "source": "[\"0\",\"1\",\"2\",\"3\"]", "target": "[\"0\",\"1\",\"2\",\"3\",\"4\"]" },
  { "source": "[\"0\",\"1\",\"2\",\"3\"]", "target": "[\"0\",\"1\",\"2\",\"3\",\"5\"]" },
  { "source": "[\"0\",\"1\",\"2\",\"3\"]", "target": "[\"0\",\"1\",\"2\",\"3\",\"6\"]" },
  { "source": "[\"0\",\"1\",\"2\",\"3\"]", "target": "[\"0\",\"1\",\"2\",\"3\",\"7\"]" },
  { "source": "[\"0\",\"1\",\"2\",\"4\"]", "target": "[\"0\",\"1\",\"2\",\"4\",\"5\"]" },
  { "source": "[\"0\",\"1\",\"2\",\"4\"]", "target": "[\"0\",\"1\",\"2\",\"4\",\"6\"]" },
  { "source": "[\"0\",\"1\",\"2\",\"4\"]", "target": "[\"0\",\"1\",\"2\",\"4\",\"8\"]" },
  { "source": "[\"0\",\"1\",\"2\",\"4\"]", "target": "[\"0\",\"1\",\"2\",\"4\",\"7\"]" },
  { "source": "[\"0\",\"2\",\"3\",\"4\"]", "target": "[\"0\",\"2\",\"3\",\"4\",\"5\"]" },
  { "source": "[\"0\",\"2\",\"3\",\"4\"]", "target": "[\"0\",\"2\",\"3\",\"4\",\"6\"]" },
  { "source": "[\"0\",\"2\",\"3\",\"4\"]", "target": "[\"0\",\"2\",\"3\",\"4\",\"7\"]" },
  { "source": "[\"0\",\"2\",\"3\",\"4\"]", "target": "[\"0\",\"2\",\"3\",\"4\",\"8\"]" },
  { "source": "[\"0\",\"1\",\"3\",\"4\"]", "target": "[\"0\",\"1\",\"3\",\"4\",\"5\"]" },
  { "source": "[\"0\",\"1\",\"3\",\"4\"]", "target": "[\"0\",\"1\",\"3\",\"4\",\"6\"]" },
  { "source": "[\"0\",\"1\",\"3\",\"4\"]", "target": "[\"0\",\"1\",\"3\",\"4\",\"7\"]" },
  { "source": "[\"0\",\"1\",\"3\",\"4\"]", "target": "[\"0\",\"1\",\"3\",\"4\",\"8\"]" },
  { "source": "[\"0\",\"1\",\"2\",\"5\"]", "target": "[\"0\",\"1\",\"2\",\"5\",\"6\"]" },
  { "source": "[\"0\",\"1\",\"2\",\"5\"]", "target": "[\"0\",\"1\",\"2\",\"5\",\"7\"]" },
  { "source": "[\"0\",\"1\",\"2\",\"5\"]", "target": "[\"0\",\"1\",\"2\",\"5\",\"8\"]" },
  { "source": "[\"0\",\"3\",\"4\",\"5\"]", "target": "[\"0\",\"3\",\"4\",\"5\",\"6\"]" },
  { "source": "[\"0\",\"3\",\"4\",\"5\"]", "target": "[\"0\",\"3\",\"4\",\"5\",\"7\"]" },
  { "source": "[\"0\",\"3\",\"4\",\"5\"]", "target": "[\"0\",\"3\",\"4\",\"5\",\"8\"]" },
  { "source": "[\"0\",\"1\",\"2\",\"6\"]", "target": "[\"0\",\"1\",\"2\",\"6\",\"7\"]" },
  { "source": "[\"0\",\"1\",\"2\",\"6\"]", "target": "[\"0\",\"1\",\"2\",\"6\",\"8\"]" },
  { "source": "[\"0\",\"4\",\"5\",\"6\"]", "target": "[\"0\",\"4\",\"5\",\"6\",\"7\"]" },
  { "source": "[\"0\",\"1\",\"4\",\"5\"]", "target": "[\"0\",\"1\",\"4\",\"5\",\"6\"]" },
  { "source": "[\"0\",\"1\",\"4\",\"5\"]", "target": "[\"0\",\"1\",\"4\",\"5\",\"7\"]" },
  { "source": "[\"0\",\"1\",\"4\",\"5\"]", "target": "[\"0\",\"1\",\"4\",\"5\",\"8\"]" },
  { "source": "[\"0\",\"1\",\"5\",\"6\"]", "target": "[\"0\",\"1\",\"5\",\"6\",\"7\"]" },
  { "source": "[\"0\",\"1\",\"5\",\"6\"]", "target": "[\"0\",\"1\",\"5\",\"6\",\"8\"]" },
  { "source": "[\"0\",\"2\",\"3\",\"5\"]", "target": "[\"0\",\"2\",\"3\",\"5\",\"6\"]" },
  { "source": "[\"0\",\"2\",\"3\",\"5\"]", "target": "[\"0\",\"2\",\"3\",\"5\",\"7\"]" },
  { "source": "[\"0\",\"2\",\"3\",\"5\"]", "target": "[\"0\",\"2\",\"3\",\"5\",\"8\"]" },
  { "source": "[\"0\",\"1\",\"3\",\"5\"]", "target": "[\"0\",\"1\",\"3\",\"5\",\"6\"]" },
  { "source": "[\"0\",\"1\",\"3\",\"5\"]", "target": "[\"0\",\"1\",\"3\",\"5\",\"7\"]" },
  { "source": "[\"0\",\"1\",\"3\",\"5\"]", "target": "[\"0\",\"1\",\"3\",\"5\",\"8\"]" },
  { "source": "[\"0\",\"2\",\"4\",\"5\"]", "target": "[\"0\",\"2\",\"4\",\"5\",\"6\"]" },
  { "source": "[\"0\",\"2\",\"4\",\"5\"]", "target": "[\"0\",\"2\",\"4\",\"5\",\"7\"]" },
  { "source": "[\"0\",\"2\",\"4\",\"5\"]", "target": "[\"0\",\"2\",\"4\",\"5\",\"8\"]" },
  { "source": "[\"0\",\"2\",\"3\",\"6\"]", "target": "[\"0\",\"2\",\"3\",\"6\",\"7\"]" },
  { "source": "[\"0\",\"2\",\"3\",\"6\"]", "target": "[\"0\",\"2\",\"3\",\"6\",\"8\"]" },
  { "source": "[\"0\",\"2\",\"3\",\"6\"]", "target": "[\"0\",\"2\",\"3\",\"6\",\"9\"]" },
  { "source": "[\"0\",\"3\",\"4\",\"6\"]", "target": "[\"0\",\"3\",\"4\",\"6\",\"7\"]" },
  { "source": "[\"0\",\"3\",\"4\",\"6\"]", "target": "[\"0\",\"3\",\"4\",\"6\",\"8\"]" },
  { "source": "[\"0\",\"1\",\"3\",\"6\"]", "target": "[\"0\",\"1\",\"3\",\"6\",\"7\"]" },
  { "source": "[\"0\",\"1\",\"3\",\"6\"]", "target": "[\"0\",\"1\",\"3\",\"6\",\"8\"]" },
  { "source": "[\"0\",\"1\",\"3\",\"6\"]", "target": "[\"0\",\"1\",\"3\",\"6\",\"9\"]" },
  { "source": "[\"0\",\"3\",\"5\",\"6\"]", "target": "[\"0\",\"3\",\"5\",\"6\",\"8\"]" },
  { "source": "[\"0\",\"3\",\"5\",\"6\"]", "target": "[\"0\",\"3\",\"5\",\"6\",\"7\"]" },
  { "source": "[\"0\",\"2\",\"3\",\"7\"]", "target": "[\"0\",\"2\",\"3\",\"7\",\"8\"]" },
  { "source": "[\"0\",\"1\",\"4\",\"6\"]", "target": "[\"0\",\"1\",\"4\",\"6\",\"7\"]" },
  { "source": "[\"0\",\"1\",\"4\",\"6\"]", "target": "[\"0\",\"1\",\"4\",\"6\",\"8\"]" },
  { "source": "[\"0\",\"1\",\"4\",\"6\"]", "target": "[\"0\",\"1\",\"4\",\"6\",\"9\"]" },
  { "source": "[\"0\",\"2\",\"5\",\"6\"]", "target": "[\"0\",\"2\",\"5\",\"6\",\"7\"]" },
  { "source": "[\"0\",\"2\",\"5\",\"6\"]", "target": "[\"0\",\"2\",\"5\",\"6\",\"8\"]" },
  { "source": "[\"0\",\"2\",\"5\",\"6\"]", "target": "[\"0\",\"2\",\"5\",\"6\",\"9\"]" },
  { "source": "[\"0\",\"3\",\"4\",\"7\"]", "target": "[\"0\",\"3\",\"4\",\"7\",\"8\"]" },
  { "source": "[\"0\",\"1\",\"4\",\"7\"]", "target": "[\"0\",\"1\",\"4\",\"7\",\"8\"]" },
  { "source": "[\"0\",\"3\",\"6\",\"7\"]", "target": "[\"0\",\"3\",\"6\",\"7\",\"8\"]" },
  { "source": "[\"0\",\"2\",\"4\",\"6\"]", "target": "[\"0\",\"2\",\"4\",\"6\",\"7\"]" },
  { "source": "[\"0\",\"2\",\"4\",\"6\"]", "target": "[\"0\",\"2\",\"4\",\"6\",\"8\"]" },
  { "source": "[\"0\",\"2\",\"4\",\"6\"]", "target": "[\"0\",\"2\",\"4\",\"6\",\"9\"]" },
  { "source": "[\"0\",\"2\",\"4\",\"7\"]", "target": "[\"0\",\"2\",\"4\",\"7\",\"8\"]" },
  { "source": "[\"0\",\"2\",\"4\",\"7\"]", "target": "[\"0\",\"2\",\"4\",\"7\",\"9\"]" },
  { "source": "[\"0\",\"3\",\"5\",\"7\"]", "target": "[\"0\",\"3\",\"5\",\"7\",\"8\"]" },
  { "source": "[\"0\",\"2\",\"5\",\"7\"]", "target": "[\"0\",\"2\",\"5\",\"7\",\"8\"]" },
  {
    "source": "[\"0\",\"1\",\"2\",\"3\",\"4\"]",
    "target": "[\"0\",\"1\",\"2\",\"3\",\"4\",\"5\"]"
  },
  {
    "source": "[\"0\",\"1\",\"2\",\"3\",\"4\"]",
    "target": "[\"0\",\"1\",\"2\",\"3\",\"4\",\"6\"]"
  },
  {
    "source": "[\"0\",\"1\",\"2\",\"3\",\"4\"]",
    "target": "[\"0\",\"1\",\"2\",\"3\",\"4\",\"7\"]"
  },
  {
    "source": "[\"0\",\"1\",\"2\",\"3\",\"4\"]",
    "target": "[\"0\",\"1\",\"2\",\"3\",\"4\",\"8\"]"
  },
  {
    "source": "[\"0\",\"1\",\"2\",\"3\",\"5\"]",
    "target": "[\"0\",\"1\",\"2\",\"3\",\"5\",\"6\"]"
  },
  {
    "source": "[\"0\",\"1\",\"2\",\"3\",\"5\"]",
    "target": "[\"0\",\"1\",\"2\",\"3\",\"5\",\"7\"]"
  },
  {
    "source": "[\"0\",\"1\",\"2\",\"3\",\"5\"]",
    "target": "[\"0\",\"1\",\"2\",\"3\",\"5\",\"8\"]"
  },
  {
    "source": "[\"0\",\"2\",\"3\",\"4\",\"5\"]",
    "target": "[\"0\",\"2\",\"3\",\"4\",\"5\",\"6\"]"
  },
  {
    "source": "[\"0\",\"2\",\"3\",\"4\",\"5\"]",
    "target": "[\"0\",\"2\",\"3\",\"4\",\"5\",\"7\"]"
  },
  {
    "source": "[\"0\",\"2\",\"3\",\"4\",\"5\"]",
    "target": "[\"0\",\"2\",\"3\",\"4\",\"5\",\"8\"]"
  },
  {
    "source": "[\"0\",\"1\",\"2\",\"4\",\"5\"]",
    "target": "[\"0\",\"1\",\"2\",\"4\",\"5\",\"6\"]"
  },
  {
    "source": "[\"0\",\"1\",\"2\",\"4\",\"5\"]",
    "target": "[\"0\",\"1\",\"2\",\"4\",\"5\",\"7\"]"
  },
  {
    "source": "[\"0\",\"1\",\"2\",\"4\",\"5\"]",
    "target": "[\"0\",\"1\",\"2\",\"4\",\"5\",\"8\"]"
  },
  {
    "source": "[\"0\",\"1\",\"3\",\"4\",\"5\"]",
    "target": "[\"0\",\"1\",\"3\",\"4\",\"5\",\"6\"]"
  },
  {
    "source": "[\"0\",\"1\",\"3\",\"4\",\"5\"]",
    "target": "[\"0\",\"1\",\"3\",\"4\",\"5\",\"7\"]"
  },
  {
    "source": "[\"0\",\"1\",\"3\",\"4\",\"5\"]",
    "target": "[\"0\",\"1\",\"3\",\"4\",\"5\",\"8\"]"
  },
  {
    "source": "[\"0\",\"1\",\"2\",\"3\",\"6\"]",
    "target": "[\"0\",\"1\",\"2\",\"3\",\"6\",\"7\"]"
  },
  {
    "source": "[\"0\",\"1\",\"2\",\"3\",\"6\"]",
    "target": "[\"0\",\"1\",\"2\",\"3\",\"6\",\"8\"]"
  },
  {
    "source": "[\"0\",\"1\",\"2\",\"3\",\"6\"]",
    "target": "[\"0\",\"1\",\"2\",\"3\",\"6\",\"9\"]"
  },
  {
    "source": "[\"0\",\"3\",\"4\",\"5\",\"6\"]",
    "target": "[\"0\",\"3\",\"4\",\"5\",\"6\",\"7\"]"
  },
  {
    "source": "[\"0\",\"3\",\"4\",\"5\",\"6\"]",
    "target": "[\"0\",\"3\",\"4\",\"5\",\"6\",\"8\"]"
  },
  {
    "source": "[\"0\",\"1\",\"2\",\"3\",\"7\"]",
    "target": "[\"0\",\"1\",\"2\",\"3\",\"7\",\"8\"]"
  },
  {
    "source": "[\"0\",\"1\",\"2\",\"5\",\"6\"]",
    "target": "[\"0\",\"1\",\"2\",\"5\",\"6\",\"7\"]"
  },
  {
    "source": "[\"0\",\"1\",\"2\",\"5\",\"6\"]",
    "target": "[\"0\",\"1\",\"2\",\"5\",\"6\",\"8\"]"
  },
  {
    "source": "[\"0\",\"1\",\"2\",\"5\",\"6\"]",
    "target": "[\"0\",\"1\",\"2\",\"5\",\"6\",\"9\"]"
  },
  {
    "source": "[\"0\",\"1\",\"4\",\"5\",\"6\"]",
    "target": "[\"0\",\"1\",\"4\",\"5\",\"6\",\"7\"]"
  },
  {
    "source": "[\"0\",\"1\",\"4\",\"5\",\"6\"]",
    "target": "[\"0\",\"1\",\"4\",\"5\",\"6\",\"8\"]"
  },
  {
    "source": "[\"0\",\"1\",\"4\",\"5\",\"6\"]",
    "target": "[\"0\",\"1\",\"4\",\"5\",\"6\",\"9\"]"
  },
  {
    "source": "[\"0\",\"1\",\"2\",\"6\",\"7\"]",
    "target": "[\"0\",\"1\",\"2\",\"6\",\"7\",\"8\"]"
  },
  {
    "source": "[\"0\",\"2\",\"3\",\"4\",\"6\"]",
    "target": "[\"0\",\"2\",\"3\",\"4\",\"6\",\"7\"]"
  },
  {
    "source": "[\"0\",\"2\",\"3\",\"4\",\"6\"]",
    "target": "[\"0\",\"2\",\"3\",\"4\",\"6\",\"8\"]"
  },
  {
    "source": "[\"0\",\"2\",\"3\",\"4\",\"6\"]",
    "target": "[\"0\",\"2\",\"3\",\"4\",\"6\",\"9\"]"
  },
  {
    "source": "[\"0\",\"1\",\"2\",\"4\",\"6\"]",
    "target": "[\"0\",\"1\",\"2\",\"4\",\"6\",\"7\"]"
  },
  {
    "source": "[\"0\",\"1\",\"2\",\"4\",\"6\"]",
    "target": "[\"0\",\"1\",\"2\",\"4\",\"6\",\"8\"]"
  },
  {
    "source": "[\"0\",\"1\",\"2\",\"4\",\"6\"]",
    "target": "[\"0\",\"1\",\"2\",\"4\",\"6\",\"9\"]"
  },
  {
    "source": "[\"0\",\"2\",\"4\",\"5\",\"6\"]",
    "target": "[\"0\",\"2\",\"4\",\"5\",\"6\",\"7\"]"
  },
  {
    "source": "[\"0\",\"2\",\"4\",\"5\",\"6\"]",
    "target": "[\"0\",\"2\",\"4\",\"5\",\"6\",\"8\"]"
  },
  {
    "source": "[\"0\",\"2\",\"4\",\"5\",\"6\"]",
    "target": "[\"0\",\"2\",\"4\",\"5\",\"6\",\"9\"]"
  },
  {
    "source": "[\"0\",\"1\",\"3\",\"4\",\"6\"]",
    "target": "[\"0\",\"1\",\"3\",\"4\",\"6\",\"7\"]"
  },
  {
    "source": "[\"0\",\"1\",\"3\",\"4\",\"6\"]",
    "target": "[\"0\",\"1\",\"3\",\"4\",\"6\",\"8\"]"
  },
  {
    "source": "[\"0\",\"1\",\"3\",\"4\",\"6\"]",
    "target": "[\"0\",\"1\",\"3\",\"4\",\"6\",\"9\"]"
  },
  {
    "source": "[\"0\",\"2\",\"3\",\"5\",\"6\"]",
    "target": "[\"0\",\"2\",\"3\",\"5\",\"6\",\"7\"]"
  },
  {
    "source": "[\"0\",\"2\",\"3\",\"5\",\"6\"]",
    "target": "[\"0\",\"2\",\"3\",\"5\",\"6\",\"8\"]"
  },
  {
    "source": "[\"0\",\"2\",\"3\",\"5\",\"6\"]",
    "target": "[\"0\",\"2\",\"3\",\"5\",\"6\",\"9\"]"
  },
  {
    "source": "[\"0\",\"2\",\"3\",\"4\",\"7\"]",
    "target": "[\"0\",\"2\",\"3\",\"4\",\"7\",\"8\"]"
  },
  {
    "source": "[\"0\",\"2\",\"3\",\"4\",\"7\"]",
    "target": "[\"0\",\"2\",\"3\",\"4\",\"7\",\"9\"]"
  },
  {
    "source": "[\"0\",\"3\",\"4\",\"5\",\"7\"]",
    "target": "[\"0\",\"3\",\"4\",\"5\",\"7\",\"8\"]"
  },
  {
    "source": "[\"0\",\"1\",\"3\",\"5\",\"6\"]",
    "target": "[\"0\",\"1\",\"3\",\"5\",\"6\",\"7\"]"
  },
  {
    "source": "[\"0\",\"1\",\"3\",\"5\",\"6\"]",
    "target": "[\"0\",\"1\",\"3\",\"5\",\"6\",\"8\"]"
  },
  {
    "source": "[\"0\",\"1\",\"3\",\"5\",\"6\"]",
    "target": "[\"0\",\"1\",\"3\",\"5\",\"6\",\"9\"]"
  },
  {
    "source": "[\"0\",\"1\",\"2\",\"5\",\"7\"]",
    "target": "[\"0\",\"1\",\"2\",\"5\",\"7\",\"8\"]"
  },
  {
    "source": "[\"0\",\"1\",\"2\",\"5\",\"7\"]",
    "target": "[\"0\",\"1\",\"2\",\"5\",\"7\",\"9\"]"
  },
  {
    "source": "[\"0\",\"2\",\"5\",\"6\",\"7\"]",
    "target": "[\"0\",\"2\",\"5\",\"6\",\"7\",\"8\"]"
  },
  {
    "source": "[\"0\",\"1\",\"3\",\"4\",\"7\"]",
    "target": "[\"0\",\"1\",\"3\",\"4\",\"7\",\"8\"]"
  },
  {
    "source": "[\"0\",\"1\",\"3\",\"4\",\"7\"]",
    "target": "[\"0\",\"1\",\"3\",\"4\",\"7\",\"9\"]"
  },
  {
    "source": "[\"0\",\"3\",\"4\",\"6\",\"7\"]",
    "target": "[\"0\",\"3\",\"4\",\"6\",\"7\",\"8\"]"
  },
  {
    "source": "[\"0\",\"1\",\"4\",\"5\",\"7\"]",
    "target": "[\"0\",\"1\",\"4\",\"5\",\"7\",\"8\"]"
  },
  {
    "source": "[\"0\",\"1\",\"4\",\"5\",\"7\"]",
    "target": "[\"0\",\"1\",\"4\",\"5\",\"7\",\"9\"]"
  },
  {
    "source": "[\"0\",\"2\",\"3\",\"6\",\"7\"]",
    "target": "[\"0\",\"2\",\"3\",\"6\",\"7\",\"9\"]"
  },
  {
    "source": "[\"0\",\"2\",\"3\",\"6\",\"7\"]",
    "target": "[\"0\",\"2\",\"3\",\"6\",\"7\",\"8\"]"
  },
  {
    "source": "[\"0\",\"1\",\"3\",\"6\",\"7\"]",
    "target": "[\"0\",\"1\",\"3\",\"6\",\"7\",\"8\"]"
  },
  {
    "source": "[\"0\",\"1\",\"3\",\"6\",\"7\"]",
    "target": "[\"0\",\"1\",\"3\",\"6\",\"7\",\"9\"]"
  },
  {
    "source": "[\"0\",\"1\",\"4\",\"6\",\"7\"]",
    "target": "[\"0\",\"1\",\"4\",\"6\",\"7\",\"8\"]"
  },
  {
    "source": "[\"0\",\"1\",\"4\",\"6\",\"7\"]",
    "target": "[\"0\",\"1\",\"4\",\"6\",\"7\",\"9\"]"
  },
  {
    "source": "[\"0\",\"1\",\"4\",\"5\",\"8\"]",
    "target": "[\"0\",\"1\",\"4\",\"5\",\"8\",\"9\"]"
  },
  {
    "source": "[\"0\",\"2\",\"3\",\"5\",\"7\"]",
    "target": "[\"0\",\"2\",\"3\",\"5\",\"7\",\"8\"]"
  },
  {
    "source": "[\"0\",\"2\",\"3\",\"5\",\"7\"]",
    "target": "[\"0\",\"2\",\"3\",\"5\",\"7\",\"9\"]"
  },
  {
    "source": "[\"0\",\"2\",\"4\",\"5\",\"7\"]",
    "target": "[\"0\",\"2\",\"4\",\"5\",\"7\",\"8\"]"
  },
  {
    "source": "[\"0\",\"2\",\"4\",\"5\",\"7\"]",
    "target": "[\"0\",\"2\",\"4\",\"5\",\"7\",\"9\"]"
  },
  {
    "source": "[\"0\",\"1\",\"3\",\"5\",\"7\"]",
    "target": "[\"0\",\"1\",\"3\",\"5\",\"7\",\"8\"]"
  },
  {
    "source": "[\"0\",\"1\",\"3\",\"5\",\"7\"]",
    "target": "[\"0\",\"1\",\"3\",\"5\",\"7\",\"9\"]"
  },
  {
    "source": "[\"0\",\"2\",\"4\",\"6\",\"7\"]",
    "target": "[\"0\",\"2\",\"4\",\"6\",\"7\",\"8\"]"
  },
  {
    "source": "[\"0\",\"2\",\"4\",\"6\",\"7\"]",
    "target": "[\"0\",\"2\",\"4\",\"6\",\"7\",\"9\"]"
  },
  {
    "source": "[\"0\",\"2\",\"4\",\"5\",\"8\"]",
    "target": "[\"0\",\"2\",\"4\",\"5\",\"8\",\"9\"]"
  },
  {
    "source": "[\"0\",\"2\",\"3\",\"6\",\"8\"]",
    "target": "[\"0\",\"2\",\"3\",\"6\",\"8\",\"9\"]"
  },
  {
    "source": "[\"0\",\"2\",\"4\",\"6\",\"8\"]",
    "target": "[\"0\",\"2\",\"4\",\"6\",\"8\",\"9\"]"
  },
  {
    "source": "[\"0\",\"2\",\"4\",\"6\",\"8\"]",
    "target": "[\"0\",\"2\",\"4\",\"6\",\"8\",\"T\"]"
  },
  {
    "source": "[\"0\",\"1\",\"2\",\"4\",\"7\"]",
    "target": "[\"0\",\"1\",\"2\",\"4\",\"7\",\"8\"]"
  },
  {
    "source": "[\"0\",\"1\",\"2\",\"4\",\"7\"]",
    "target": "[\"0\",\"1\",\"2\",\"4\",\"7\",\"9\"]"
  },
  {
    "source": "[\"0\",\"3\",\"5\",\"6\",\"7\"]",
    "target": "[\"0\",\"3\",\"5\",\"6\",\"7\",\"8\"]"
  },
  {
    "source": "[\"0\",\"1\",\"2\",\"3\",\"4\",\"5\"]",
    "target": "[\"0\",\"1\",\"2\",\"3\",\"4\",\"5\",\"6\"]"
  },
  {
    "source": "[\"0\",\"1\",\"2\",\"3\",\"4\",\"5\"]",
    "target": "[\"0\",\"1\",\"2\",\"3\",\"4\",\"5\",\"7\"]"
  },
  {
    "source": "[\"0\",\"1\",\"2\",\"3\",\"4\",\"5\"]",
    "target": "[\"0\",\"1\",\"2\",\"3\",\"4\",\"5\",\"8\"]"
  },
  {
    "source": "[\"0\",\"1\",\"2\",\"3\",\"4\",\"6\"]",
    "target": "[\"0\",\"1\",\"2\",\"3\",\"4\",\"6\",\"7\"]"
  },
  {
    "source": "[\"0\",\"1\",\"2\",\"3\",\"4\",\"6\"]",
    "target": "[\"0\",\"1\",\"2\",\"3\",\"4\",\"6\",\"8\"]"
  },
  {
    "source": "[\"0\",\"1\",\"2\",\"3\",\"4\",\"6\"]",
    "target": "[\"0\",\"1\",\"2\",\"3\",\"4\",\"6\",\"9\"]"
  },
  {
    "source": "[\"0\",\"2\",\"3\",\"4\",\"5\",\"6\"]",
    "target": "[\"0\",\"2\",\"3\",\"4\",\"5\",\"6\",\"7\"]"
  },
  {
    "source": "[\"0\",\"2\",\"3\",\"4\",\"5\",\"6\"]",
    "target": "[\"0\",\"2\",\"3\",\"4\",\"5\",\"6\",\"8\"]"
  },
  {
    "source": "[\"0\",\"2\",\"3\",\"4\",\"5\",\"6\"]",
    "target": "[\"0\",\"2\",\"3\",\"4\",\"5\",\"6\",\"9\"]"
  },
  {
    "source": "[\"0\",\"1\",\"2\",\"3\",\"5\",\"6\"]",
    "target": "[\"0\",\"1\",\"2\",\"3\",\"5\",\"6\",\"7\"]"
  },
  {
    "source": "[\"0\",\"1\",\"2\",\"3\",\"5\",\"6\"]",
    "target": "[\"0\",\"1\",\"2\",\"3\",\"5\",\"6\",\"9\"]"
  },
  {
    "source": "[\"0\",\"1\",\"2\",\"3\",\"5\",\"6\"]",
    "target": "[\"0\",\"1\",\"2\",\"3\",\"5\",\"6\",\"8\"]"
  },
  {
    "source": "[\"0\",\"1\",\"3\",\"4\",\"5\",\"6\"]",
    "target": "[\"0\",\"1\",\"3\",\"4\",\"5\",\"6\",\"7\"]"
  },
  {
    "source": "[\"0\",\"1\",\"3\",\"4\",\"5\",\"6\"]",
    "target": "[\"0\",\"1\",\"3\",\"4\",\"5\",\"6\",\"8\"]"
  },
  {
    "source": "[\"0\",\"1\",\"3\",\"4\",\"5\",\"6\"]",
    "target": "[\"0\",\"1\",\"3\",\"4\",\"5\",\"6\",\"9\"]"
  },
  {
    "source": "[\"0\",\"1\",\"2\",\"4\",\"5\",\"6\"]",
    "target": "[\"0\",\"1\",\"2\",\"4\",\"5\",\"6\",\"7\"]"
  },
  {
    "source": "[\"0\",\"1\",\"2\",\"4\",\"5\",\"6\"]",
    "target": "[\"0\",\"1\",\"2\",\"4\",\"5\",\"6\",\"8\"]"
  },
  {
    "source": "[\"0\",\"1\",\"2\",\"4\",\"5\",\"6\"]",
    "target": "[\"0\",\"1\",\"2\",\"4\",\"5\",\"6\",\"9\"]"
  },
  {
    "source": "[\"0\",\"1\",\"2\",\"3\",\"6\",\"7\"]",
    "target": "[\"0\",\"1\",\"2\",\"3\",\"6\",\"7\",\"8\"]"
  },
  {
    "source": "[\"0\",\"1\",\"2\",\"3\",\"6\",\"7\"]",
    "target": "[\"0\",\"1\",\"2\",\"3\",\"6\",\"7\",\"9\"]"
  },
  {
    "source": "[\"0\",\"1\",\"4\",\"5\",\"6\",\"7\"]",
    "target": "[\"0\",\"1\",\"4\",\"5\",\"6\",\"7\",\"8\"]"
  },
  {
    "source": "[\"0\",\"1\",\"4\",\"5\",\"6\",\"7\"]",
    "target": "[\"0\",\"1\",\"4\",\"5\",\"6\",\"7\",\"9\"]"
  },
  {
    "source": "[\"0\",\"1\",\"2\",\"5\",\"6\",\"7\"]",
    "target": "[\"0\",\"1\",\"2\",\"5\",\"6\",\"7\",\"8\"]"
  },
  {
    "source": "[\"0\",\"1\",\"2\",\"5\",\"6\",\"7\"]",
    "target": "[\"0\",\"1\",\"2\",\"5\",\"6\",\"7\",\"9\"]"
  },
  {
    "source": "[\"0\",\"2\",\"3\",\"4\",\"5\",\"7\"]",
    "target": "[\"0\",\"2\",\"3\",\"4\",\"5\",\"7\",\"8\"]"
  },
  {
    "source": "[\"0\",\"2\",\"3\",\"4\",\"5\",\"7\"]",
    "target": "[\"0\",\"2\",\"3\",\"4\",\"5\",\"7\",\"9\"]"
  },
  {
    "source": "[\"0\",\"1\",\"2\",\"3\",\"5\",\"7\"]",
    "target": "[\"0\",\"1\",\"2\",\"3\",\"5\",\"7\",\"8\"]"
  },
  {
    "source": "[\"0\",\"1\",\"2\",\"3\",\"5\",\"7\"]",
    "target": "[\"0\",\"1\",\"2\",\"3\",\"5\",\"7\",\"9\"]"
  },
  {
    "source": "[\"0\",\"2\",\"4\",\"5\",\"6\",\"7\"]",
    "target": "[\"0\",\"2\",\"4\",\"5\",\"6\",\"7\",\"8\"]"
  },
  {
    "source": "[\"0\",\"2\",\"4\",\"5\",\"6\",\"7\"]",
    "target": "[\"0\",\"2\",\"4\",\"5\",\"6\",\"7\",\"9\"]"
  },
  {
    "source": "[\"0\",\"1\",\"3\",\"4\",\"5\",\"7\"]",
    "target": "[\"0\",\"1\",\"3\",\"4\",\"5\",\"7\",\"9\"]"
  },
  {
    "source": "[\"0\",\"1\",\"3\",\"4\",\"5\",\"7\"]",
    "target": "[\"0\",\"1\",\"3\",\"4\",\"5\",\"7\",\"8\"]"
  },
  {
    "source": "[\"0\",\"2\",\"3\",\"4\",\"6\",\"7\"]",
    "target": "[\"0\",\"2\",\"3\",\"4\",\"6\",\"7\",\"8\"]"
  },
  {
    "source": "[\"0\",\"2\",\"3\",\"4\",\"6\",\"7\"]",
    "target": "[\"0\",\"2\",\"3\",\"4\",\"6\",\"7\",\"9\"]"
  },
  {
    "source": "[\"0\",\"1\",\"2\",\"4\",\"5\",\"7\"]",
    "target": "[\"0\",\"1\",\"2\",\"4\",\"5\",\"7\",\"9\"]"
  },
  {
    "source": "[\"0\",\"1\",\"2\",\"4\",\"5\",\"7\"]",
    "target": "[\"0\",\"1\",\"2\",\"4\",\"5\",\"7\",\"8\"]"
  },
  {
    "source": "[\"0\",\"2\",\"3\",\"5\",\"6\",\"7\"]",
    "target": "[\"0\",\"2\",\"3\",\"5\",\"6\",\"7\",\"9\"]"
  },
  {
    "source": "[\"0\",\"2\",\"3\",\"5\",\"6\",\"7\"]",
    "target": "[\"0\",\"2\",\"3\",\"5\",\"6\",\"7\",\"8\"]"
  },
  {
    "source": "[\"0\",\"1\",\"2\",\"4\",\"6\",\"7\"]",
    "target": "[\"0\",\"1\",\"2\",\"4\",\"6\",\"7\",\"8\"]"
  },
  {
    "source": "[\"0\",\"1\",\"2\",\"4\",\"6\",\"7\"]",
    "target": "[\"0\",\"1\",\"2\",\"4\",\"6\",\"7\",\"9\"]"
  },
  {
    "source": "[\"0\",\"1\",\"3\",\"5\",\"6\",\"7\"]",
    "target": "[\"0\",\"1\",\"3\",\"5\",\"6\",\"7\",\"8\"]"
  },
  {
    "source": "[\"0\",\"1\",\"3\",\"5\",\"6\",\"7\"]",
    "target": "[\"0\",\"1\",\"3\",\"5\",\"6\",\"7\",\"9\"]"
  },
  {
    "source": "[\"0\",\"1\",\"3\",\"4\",\"6\",\"7\"]",
    "target": "[\"0\",\"1\",\"3\",\"4\",\"6\",\"7\",\"9\"]"
  },
  {
    "source": "[\"0\",\"1\",\"3\",\"4\",\"6\",\"7\"]",
    "target": "[\"0\",\"1\",\"3\",\"4\",\"6\",\"7\",\"8\"]"
  },
  {
    "source": "[\"0\",\"1\",\"3\",\"4\",\"5\",\"8\"]",
    "target": "[\"0\",\"1\",\"3\",\"4\",\"5\",\"8\",\"9\"]"
  },
  {
    "source": "[\"0\",\"1\",\"2\",\"4\",\"5\",\"8\"]",
    "target": "[\"0\",\"1\",\"2\",\"4\",\"5\",\"8\",\"9\"]"
  },
  {
    "source": "[\"0\",\"2\",\"3\",\"4\",\"7\",\"8\"]",
    "target": "[\"0\",\"2\",\"3\",\"4\",\"7\",\"8\",\"9\"]"
  },
  {
    "source": "[\"0\",\"2\",\"3\",\"4\",\"6\",\"8\"]",
    "target": "[\"0\",\"2\",\"3\",\"4\",\"6\",\"8\",\"9\"]"
  },
  {
    "source": "[\"0\",\"2\",\"4\",\"5\",\"6\",\"8\"]",
    "target": "[\"0\",\"2\",\"4\",\"5\",\"6\",\"8\",\"9\"]"
  },
  {
    "source": "[\"0\",\"1\",\"2\",\"4\",\"6\",\"8\"]",
    "target": "[\"0\",\"1\",\"2\",\"4\",\"6\",\"8\",\"9\"]"
  },
  {
    "source": "[\"0\",\"1\",\"2\",\"4\",\"6\",\"8\"]",
    "target": "[\"0\",\"1\",\"2\",\"4\",\"6\",\"8\",\"T\"]"
  },
  {
    "source": "[\"0\",\"2\",\"4\",\"6\",\"7\",\"8\"]",
    "target": "[\"0\",\"2\",\"4\",\"6\",\"7\",\"8\",\"9\"]"
  },
  {
    "source": "[\"0\",\"2\",\"3\",\"5\",\"6\",\"8\"]",
    "target": "[\"0\",\"2\",\"3\",\"5\",\"6\",\"8\",\"9\"]"
  },
  {
    "source": "[\"0\",\"1\",\"3\",\"4\",\"6\",\"8\"]",
    "target": "[\"0\",\"1\",\"3\",\"4\",\"6\",\"8\",\"9\"]"
  },
  {
    "source": "[\"0\",\"1\",\"3\",\"4\",\"6\",\"8\"]",
    "target": "[\"0\",\"1\",\"3\",\"4\",\"6\",\"8\",\"T\"]"
  },
  {
    "source": "[\"0\",\"2\",\"4\",\"5\",\"7\",\"8\"]",
    "target": "[\"0\",\"2\",\"4\",\"5\",\"7\",\"8\",\"9\"]"
  },
  {
    "source": "[\"0\",\"1\",\"3\",\"5\",\"6\",\"8\"]",
    "target": "[\"0\",\"1\",\"3\",\"5\",\"6\",\"8\",\"9\"]"
  },
  {
    "source": "[\"0\",\"1\",\"3\",\"5\",\"6\",\"8\"]",
    "target": "[\"0\",\"1\",\"3\",\"5\",\"6\",\"8\",\"T\"]"
  },
  {
    "source": "[\"0\",\"2\",\"3\",\"5\",\"7\",\"8\"]",
    "target": "[\"0\",\"2\",\"3\",\"5\",\"7\",\"8\",\"9\"]"
  },
  {
    "source": "[\"0\",\"1\",\"3\",\"5\",\"7\",\"8\"]",
    "target": "[\"0\",\"1\",\"3\",\"5\",\"7\",\"8\",\"9\"]"
  },
  {
    "source": "[\"0\",\"1\",\"2\",\"3\",\"4\",\"7\"]",
    "target": "[\"0\",\"1\",\"2\",\"3\",\"4\",\"7\",\"8\"]"
  },
  {
    "source": "[\"0\",\"1\",\"2\",\"3\",\"4\",\"7\"]",
    "target": "[\"0\",\"1\",\"2\",\"3\",\"4\",\"7\",\"9\"]"
  },
  {
    "source": "[\"0\",\"3\",\"4\",\"5\",\"6\",\"7\"]",
    "target": "[\"0\",\"3\",\"4\",\"5\",\"6\",\"7\",\"8\"]"
  },
  {
    "source": "[\"0\",\"2\",\"3\",\"4\",\"5\",\"8\"]",
    "target": "[\"0\",\"2\",\"3\",\"4\",\"5\",\"8\",\"9\"]"
  },
  {
    "source": "[\"0\",\"1\",\"2\",\"3\",\"6\",\"8\"]",
    "target": "[\"0\",\"1\",\"2\",\"3\",\"6\",\"8\",\"9\"]"
  },
  {
    "source": "[\"0\",\"1\",\"2\",\"5\",\"6\",\"8\"]",
    "target": "[\"0\",\"1\",\"2\",\"5\",\"6\",\"8\",\"9\"]"
  },
  {
    "source": "[\"0\",\"1\",\"2\",\"3\",\"4\",\"5\",\"6\"]",
    "target": "[\"0\",\"1\",\"2\",\"3\",\"4\",\"5\",\"6\",\"7\"]"
  },
  {
    "source": "[\"0\",\"1\",\"2\",\"3\",\"4\",\"5\",\"6\"]",
    "target": "[\"0\",\"1\",\"2\",\"3\",\"4\",\"5\",\"6\",\"8\"]"
  },
  {
    "source": "[\"0\",\"1\",\"2\",\"3\",\"4\",\"5\",\"6\"]",
    "target": "[\"0\",\"1\",\"2\",\"3\",\"4\",\"5\",\"6\",\"9\"]"
  },
  {
    "source": "[\"0\",\"1\",\"2\",\"3\",\"4\",\"5\",\"7\"]",
    "target": "[\"0\",\"1\",\"2\",\"3\",\"4\",\"5\",\"7\",\"8\"]"
  },
  {
    "source": "[\"0\",\"1\",\"2\",\"3\",\"4\",\"5\",\"7\"]",
    "target": "[\"0\",\"1\",\"2\",\"3\",\"4\",\"5\",\"7\",\"9\"]"
  },
  {
    "source": "[\"0\",\"2\",\"3\",\"4\",\"5\",\"6\",\"7\"]",
    "target": "[\"0\",\"2\",\"3\",\"4\",\"5\",\"6\",\"7\",\"8\"]"
  },
  {
    "source": "[\"0\",\"2\",\"3\",\"4\",\"5\",\"6\",\"7\"]",
    "target": "[\"0\",\"2\",\"3\",\"4\",\"5\",\"6\",\"7\",\"9\"]"
  },
  {
    "source": "[\"0\",\"1\",\"2\",\"3\",\"4\",\"5\",\"8\"]",
    "target": "[\"0\",\"1\",\"2\",\"3\",\"4\",\"5\",\"8\",\"9\"]"
  },
  {
    "source": "[\"0\",\"1\",\"2\",\"3\",\"4\",\"6\",\"7\"]",
    "target": "[\"0\",\"1\",\"2\",\"3\",\"4\",\"6\",\"7\",\"8\"]"
  },
  {
    "source": "[\"0\",\"1\",\"2\",\"3\",\"4\",\"6\",\"7\"]",
    "target": "[\"0\",\"1\",\"2\",\"3\",\"4\",\"6\",\"7\",\"9\"]"
  },
  {
    "source": "[\"0\",\"1\",\"3\",\"4\",\"5\",\"6\",\"7\"]",
    "target": "[\"0\",\"1\",\"3\",\"4\",\"5\",\"6\",\"7\",\"8\"]"
  },
  {
    "source": "[\"0\",\"1\",\"3\",\"4\",\"5\",\"6\",\"7\"]",
    "target": "[\"0\",\"1\",\"3\",\"4\",\"5\",\"6\",\"7\",\"9\"]"
  },
  {
    "source": "[\"0\",\"1\",\"2\",\"3\",\"5\",\"6\",\"7\"]",
    "target": "[\"0\",\"1\",\"2\",\"3\",\"5\",\"6\",\"7\",\"8\"]"
  },
  {
    "source": "[\"0\",\"1\",\"2\",\"3\",\"5\",\"6\",\"7\"]",
    "target": "[\"0\",\"1\",\"2\",\"3\",\"5\",\"6\",\"7\",\"9\"]"
  },
  {
    "source": "[\"0\",\"1\",\"2\",\"4\",\"5\",\"6\",\"7\"]",
    "target": "[\"0\",\"1\",\"2\",\"4\",\"5\",\"6\",\"7\",\"8\"]"
  },
  {
    "source": "[\"0\",\"1\",\"2\",\"4\",\"5\",\"6\",\"7\"]",
    "target": "[\"0\",\"1\",\"2\",\"4\",\"5\",\"6\",\"7\",\"9\"]"
  },
  {
    "source": "[\"0\",\"1\",\"2\",\"3\",\"4\",\"7\",\"8\"]",
    "target": "[\"0\",\"1\",\"2\",\"3\",\"4\",\"7\",\"8\",\"9\"]"
  },
  {
    "source": "[\"0\",\"1\",\"2\",\"3\",\"6\",\"7\",\"8\"]",
    "target": "[\"0\",\"1\",\"2\",\"3\",\"6\",\"7\",\"8\",\"9\"]"
  },
  {
    "source": "[\"0\",\"2\",\"3\",\"4\",\"5\",\"6\",\"8\"]",
    "target": "[\"0\",\"2\",\"3\",\"4\",\"5\",\"6\",\"8\",\"9\"]"
  },
  {
    "source": "[\"0\",\"1\",\"2\",\"3\",\"4\",\"6\",\"8\"]",
    "target": "[\"0\",\"1\",\"2\",\"3\",\"4\",\"6\",\"8\",\"9\"]"
  },
  {
    "source": "[\"0\",\"1\",\"2\",\"3\",\"4\",\"6\",\"8\"]",
    "target": "[\"0\",\"1\",\"2\",\"3\",\"4\",\"6\",\"8\",\"T\"]"
  },
  {
    "source": "[\"0\",\"2\",\"4\",\"5\",\"6\",\"7\",\"8\"]",
    "target": "[\"0\",\"2\",\"4\",\"5\",\"6\",\"7\",\"8\",\"9\"]"
  },
  {
    "source": "[\"0\",\"1\",\"3\",\"4\",\"5\",\"6\",\"8\"]",
    "target": "[\"0\",\"1\",\"3\",\"4\",\"5\",\"6\",\"8\",\"9\"]"
  },
  {
    "source": "[\"0\",\"1\",\"3\",\"4\",\"5\",\"6\",\"8\"]",
    "target": "[\"0\",\"1\",\"3\",\"4\",\"5\",\"6\",\"8\",\"T\"]"
  },
  {
    "source": "[\"0\",\"2\",\"3\",\"4\",\"5\",\"7\",\"8\"]",
    "target": "[\"0\",\"2\",\"3\",\"4\",\"5\",\"7\",\"8\",\"9\"]"
  },
  {
    "source": "[\"0\",\"1\",\"2\",\"4\",\"5\",\"6\",\"8\"]",
    "target": "[\"0\",\"1\",\"2\",\"4\",\"5\",\"6\",\"8\",\"9\"]"
  },
  {
    "source": "[\"0\",\"1\",\"2\",\"4\",\"5\",\"6\",\"8\"]",
    "target": "[\"0\",\"1\",\"2\",\"4\",\"5\",\"6\",\"8\",\"T\"]"
  },
  {
    "source": "[\"0\",\"2\",\"3\",\"4\",\"6\",\"7\",\"8\"]",
    "target": "[\"0\",\"2\",\"3\",\"4\",\"6\",\"7\",\"8\",\"9\"]"
  },
  {
    "source": "[\"0\",\"1\",\"2\",\"3\",\"5\",\"7\",\"8\"]",
    "target": "[\"0\",\"1\",\"2\",\"3\",\"5\",\"7\",\"8\",\"9\"]"
  },
  {
    "source": "[\"0\",\"1\",\"2\",\"3\",\"5\",\"7\",\"8\"]",
    "target": "[\"0\",\"1\",\"2\",\"3\",\"5\",\"7\",\"8\",\"T\"]"
  },
  {
    "source": "[\"0\",\"1\",\"3\",\"5\",\"6\",\"7\",\"8\"]",
    "target": "[\"0\",\"1\",\"3\",\"5\",\"6\",\"7\",\"8\",\"9\"]"
  },
  {
    "source": "[\"0\",\"1\",\"2\",\"4\",\"6\",\"7\",\"8\"]",
    "target": "[\"0\",\"1\",\"2\",\"4\",\"6\",\"7\",\"8\",\"9\"]"
  },
  {
    "source": "[\"0\",\"1\",\"2\",\"4\",\"6\",\"7\",\"8\"]",
    "target": "[\"0\",\"1\",\"2\",\"4\",\"6\",\"7\",\"8\",\"T\"]"
  },
  {
    "source": "[\"0\",\"1\",\"3\",\"4\",\"6\",\"7\",\"9\"]",
    "target": "[\"0\",\"1\",\"3\",\"4\",\"6\",\"7\",\"9\",\"T\"]"
  },
  {
    "source": "[\"0\",\"1\",\"2\",\"3\",\"5\",\"6\",\"8\"]",
    "target": "[\"0\",\"1\",\"2\",\"3\",\"5\",\"6\",\"8\",\"9\"]"
  },
  {
    "source": "[\"0\",\"1\",\"2\",\"3\",\"5\",\"6\",\"8\"]",
    "target": "[\"0\",\"1\",\"2\",\"3\",\"5\",\"6\",\"8\",\"T\"]"
  },
  {
    "source": "[\"0\",\"2\",\"3\",\"5\",\"6\",\"7\",\"8\"]",
    "target": "[\"0\",\"2\",\"3\",\"5\",\"6\",\"7\",\"8\",\"9\"]"
  },
  {
    "source": "[\"0\",\"1\",\"3\",\"4\",\"5\",\"7\",\"8\"]",
    "target": "[\"0\",\"1\",\"3\",\"4\",\"5\",\"7\",\"8\",\"9\"]"
  },
  {
    "source": "[\"0\",\"1\",\"3\",\"4\",\"5\",\"7\",\"8\"]",
    "target": "[\"0\",\"1\",\"3\",\"4\",\"5\",\"7\",\"8\",\"T\"]"
  },
  {
    "source": "[\"0\",\"1\",\"2\",\"4\",\"5\",\"7\",\"8\"]",
    "target": "[\"0\",\"1\",\"2\",\"4\",\"5\",\"7\",\"8\",\"9\"]"
  },
  {
    "source": "[\"0\",\"1\",\"2\",\"4\",\"5\",\"7\",\"8\"]",
    "target": "[\"0\",\"1\",\"2\",\"4\",\"5\",\"7\",\"8\",\"T\"]"
  },
  {
    "source": "[\"0\",\"1\",\"3\",\"4\",\"6\",\"7\",\"8\"]",
    "target": "[\"0\",\"1\",\"3\",\"4\",\"6\",\"7\",\"8\",\"9\"]"
  },
  {
    "source": "[\"0\",\"1\",\"3\",\"4\",\"6\",\"7\",\"8\"]",
    "target": "[\"0\",\"1\",\"3\",\"4\",\"6\",\"7\",\"8\",\"T\"]"
  },
  {
    "source": "[\"0\",\"1\",\"2\",\"3\",\"4\",\"5\",\"6\",\"7\"]",
    "target": "[\"0\",\"1\",\"2\",\"3\",\"4\",\"5\",\"6\",\"7\",\"8\"]"
  },
  {
    "source": "[\"0\",\"1\",\"2\",\"3\",\"4\",\"5\",\"6\",\"7\"]",
    "target": "[\"0\",\"1\",\"2\",\"3\",\"4\",\"5\",\"6\",\"7\",\"9\"]"
  },
  {
    "source": "[\"0\",\"1\",\"2\",\"3\",\"4\",\"5\",\"6\",\"8\"]",
    "target": "[\"0\",\"1\",\"2\",\"3\",\"4\",\"5\",\"6\",\"8\",\"9\"]"
  },
  {
    "source": "[\"0\",\"1\",\"2\",\"3\",\"4\",\"5\",\"6\",\"8\"]",
    "target": "[\"0\",\"1\",\"2\",\"3\",\"4\",\"5\",\"6\",\"8\",\"T\"]"
  },
  {
    "source": "[\"0\",\"2\",\"3\",\"4\",\"5\",\"6\",\"7\",\"8\"]",
    "target": "[\"0\",\"2\",\"3\",\"4\",\"5\",\"6\",\"7\",\"8\",\"9\"]"
  },
  {
    "source": "[\"0\",\"1\",\"2\",\"3\",\"4\",\"5\",\"7\",\"8\"]",
    "target": "[\"0\",\"1\",\"2\",\"3\",\"4\",\"5\",\"7\",\"8\",\"9\"]"
  },
  {
    "source": "[\"0\",\"1\",\"2\",\"3\",\"4\",\"5\",\"7\",\"8\"]",
    "target": "[\"0\",\"1\",\"2\",\"3\",\"4\",\"5\",\"7\",\"8\",\"T\"]"
  },
  {
    "source": "[\"0\",\"1\",\"3\",\"4\",\"5\",\"6\",\"7\",\"8\"]",
    "target": "[\"0\",\"1\",\"3\",\"4\",\"5\",\"6\",\"7\",\"8\",\"9\"]"
  },
  {
    "source": "[\"0\",\"1\",\"3\",\"4\",\"5\",\"6\",\"7\",\"8\"]",
    "target": "[\"0\",\"1\",\"3\",\"4\",\"5\",\"6\",\"7\",\"8\",\"T\"]"
  },
  {
    "source": "[\"0\",\"1\",\"2\",\"3\",\"4\",\"6\",\"7\",\"8\"]",
    "target": "[\"0\",\"1\",\"2\",\"3\",\"4\",\"6\",\"7\",\"8\",\"9\"]"
  },
  {
    "source": "[\"0\",\"1\",\"2\",\"3\",\"4\",\"6\",\"7\",\"8\"]",
    "target": "[\"0\",\"1\",\"2\",\"3\",\"4\",\"6\",\"7\",\"8\",\"T\"]"
  },
  {
    "source": "[\"0\",\"1\",\"2\",\"4\",\"5\",\"6\",\"7\",\"8\"]",
    "target": "[\"0\",\"1\",\"2\",\"4\",\"5\",\"6\",\"7\",\"8\",\"9\"]"
  },
  {
    "source": "[\"0\",\"1\",\"2\",\"4\",\"5\",\"6\",\"7\",\"8\"]",
    "target": "[\"0\",\"1\",\"2\",\"4\",\"5\",\"6\",\"7\",\"8\",\"T\"]"
  },
  {
    "source": "[\"0\",\"1\",\"2\",\"3\",\"5\",\"6\",\"7\",\"8\"]",
    "target": "[\"0\",\"1\",\"2\",\"3\",\"5\",\"6\",\"7\",\"8\",\"9\"]"
  },
  {
    "source": "[\"0\",\"1\",\"2\",\"3\",\"5\",\"6\",\"7\",\"8\"]",
    "target": "[\"0\",\"1\",\"2\",\"3\",\"5\",\"6\",\"7\",\"8\",\"T\"]"
  },
  {
    "source": "[\"0\",\"1\",\"2\",\"3\",\"4\",\"6\",\"7\",\"9\"]",
    "target": "[\"0\",\"1\",\"2\",\"3\",\"4\",\"6\",\"7\",\"9\",\"T\"]"
  },
  {
    "source": "[\"0\",\"1\",\"2\",\"4\",\"5\",\"6\",\"7\",\"9\"]",
    "target": "[\"0\",\"1\",\"2\",\"4\",\"5\",\"6\",\"7\",\"9\",\"T\"]"
  },
  {
    "source": "[\"0\",\"1\",\"2\",\"4\",\"5\",\"6\",\"8\",\"9\"]",
    "target": "[\"0\",\"1\",\"2\",\"4\",\"5\",\"6\",\"8\",\"9\",\"T\"]"
  },
  {
    "source": "[\"0\",\"1\",\"2\",\"3\",\"5\",\"6\",\"7\",\"9\"]",
    "target": "[\"0\",\"1\",\"2\",\"3\",\"5\",\"6\",\"7\",\"9\",\"T\"]"
  },
  {
    "source": "[\"0\",\"1\",\"2\",\"3\",\"4\",\"5\",\"6\",\"7\",\"8\"]",
    "target": "[\"0\",\"1\",\"2\",\"3\",\"4\",\"5\",\"6\",\"7\",\"8\",\"9\"]"
  },
  {
    "source": "[\"0\",\"1\",\"2\",\"3\",\"4\",\"5\",\"6\",\"7\",\"8\"]",
    "target": "[\"0\",\"1\",\"2\",\"3\",\"4\",\"5\",\"6\",\"7\",\"8\",\"T\"]"
  },
  {
    "source": "[\"0\",\"1\",\"2\",\"3\",\"4\",\"5\",\"6\",\"7\",\"9\"]",
    "target": "[\"0\",\"1\",\"2\",\"3\",\"4\",\"5\",\"6\",\"7\",\"9\",\"T\"]"
  },
  {
    "source": "[\"0\",\"1\",\"2\",\"3\",\"4\",\"5\",\"6\",\"8\",\"9\"]",
    "target": "[\"0\",\"1\",\"2\",\"3\",\"4\",\"5\",\"6\",\"8\",\"9\",\"T\"]"
  },
  {
    "source": "[\"0\",\"1\",\"2\",\"3\",\"4\",\"5\",\"7\",\"8\",\"9\"]",
    "target": "[\"0\",\"1\",\"2\",\"3\",\"4\",\"5\",\"7\",\"8\",\"9\",\"T\"]"
  },
  {
    "source": "[\"0\",\"1\",\"2\",\"3\",\"4\",\"6\",\"7\",\"8\",\"9\"]",
    "target": "[\"0\",\"1\",\"2\",\"3\",\"4\",\"6\",\"7\",\"8\",\"9\",\"T\"]"
  },
  {
    "source": "[\"0\",\"1\",\"2\",\"3\",\"4\",\"5\",\"6\",\"7\",\"8\",\"9\"]",
    "target": "[\"0\",\"1\",\"2\",\"3\",\"4\",\"5\",\"6\",\"7\",\"8\",\"9\",\"T\"]"
  },
  {
    "source": "[\"0\",\"1\",\"2\",\"3\",\"4\",\"5\",\"6\",\"7\",\"8\",\"9\",\"T\"]",
    "target": "[\"0\",\"1\",\"2\",\"3\",\"4\",\"5\",\"6\",\"7\",\"8\",\"9\",\"T\",\"E\"]"
  }
]
