[
  { "source": "[\"\"]|0-1", "target": "[\"0\"]|1-1" },
  { "source": "[\"0\"]|1-1", "target": "[\"0\",\"1\"]|2-1" },
  { "source": "[\"0\"]|1-1", "target": "[\"0\",\"2\"]|2-2" },
  { "source": "[\"0\"]|1-1", "target": "[\"0\",\"3\"]|2-3" },
  { "source": "[\"0\"]|1-1", "target": "[\"0\",\"4\"]|2-4" },
  { "source": "[\"0\"]|1-1", "target": "[\"0\",\"5\"]|2-5" },
  { "source": "[\"0\"]|1-1", "target": "[\"0\",\"6\"]|2-6" },
  { "source": "[\"0\",\"1\"]|2-1", "target": "[\"0\",\"1\",\"2\"]|3-1" },
  { "source": "[\"0\",\"1\"]|2-1", "target": "[\"0\",\"1\",\"3\"]|3-2A" },
  { "source": "[\"0\",\"1\"]|2-1", "target": "[\"0\",\"1\",\"4\"]|3-3A" },
  { "source": "[\"0\",\"1\"]|2-1", "target": "[\"0\",\"1\",\"5\"]|3-4A" },
  { "source": "[\"0\",\"1\"]|2-1", "target": "[\"0\",\"1\",\"6\"]|3-5A" },
  { "source": "[\"0\",\"2\"]|2-2", "target": "[\"0\",\"2\",\"3\"]|3-2B" },
  { "source": "[\"0\",\"2\"]|2-2", "target": "[\"0\",\"2\",\"4\"]|3-6" },
  { "source": "[\"0\",\"2\"]|2-2", "target": "[\"0\",\"2\",\"5\"]|3-7A" },
  { "source": "[\"0\",\"2\"]|2-2", "target": "[\"0\",\"2\",\"6\"]|3-8A" },
  { "source": "[\"0\",\"2\"]|2-2", "target": "[\"0\",\"2\",\"7\"]|3-9" },
  { "source": "[\"0\",\"3\"]|2-3", "target": "[\"0\",\"3\",\"4\"]|3-3B" },
  { "source": "[\"0\",\"3\"]|2-3", "target": "[\"0\",\"3\",\"5\"]|3-7B" },
  { "source": "[\"0\",\"3\"]|2-3", "target": "[\"0\",\"3\",\"6\"]|3-10" },
  { "source": "[\"0\",\"3\"]|2-3", "target": "[\"0\",\"3\",\"7\"]|3-11A" },
  { "source": "[\"0\",\"4\"]|2-4", "target": "[\"0\",\"4\",\"5\"]|3-4B" },
  { "source": "[\"0\",\"4\"]|2-4", "target": "[\"0\",\"4\",\"6\"]|3-8B" },
  { "source": "[\"0\",\"4\"]|2-4", "target": "[\"0\",\"4\",\"7\"]|3-11B" },
  { "source": "[\"0\",\"4\"]|2-4", "target": "[\"0\",\"4\",\"8\"]|3-12" },
  { "source": "[\"0\",\"5\"]|2-5", "target": "[\"0\",\"5\",\"6\"]|3-5B" },
  { "source": "[\"0\",\"1\",\"2\"]|3-1", "target": "[\"0\",\"1\",\"2\",\"3\"]|4-1" },
  { "source": "[\"0\",\"1\",\"2\"]|3-1", "target": "[\"0\",\"1\",\"2\",\"4\"]|4-2A" },
  { "source": "[\"0\",\"1\",\"2\"]|3-1", "target": "[\"0\",\"1\",\"2\",\"5\"]|4-4A" },
  { "source": "[\"0\",\"1\",\"2\"]|3-1", "target": "[\"0\",\"1\",\"2\",\"6\"]|4-5A" },
  { "source": "[\"0\",\"1\",\"2\"]|3-1", "target": "[\"0\",\"1\",\"2\",\"7\"]|4-6" },
  { "source": "[\"0\",\"1\",\"3\"]|3-2A", "target": "[\"0\",\"1\",\"3\",\"4\"]|4-3" },
  { "source": "[\"0\",\"1\",\"3\"]|3-2A", "target": "[\"0\",\"1\",\"3\",\"5\"]|4-11A" },
  { "source": "[\"0\",\"1\",\"3\"]|3-2A", "target": "[\"0\",\"1\",\"3\",\"6\"]|4-13A" },
  { "source": "[\"0\",\"1\",\"3\"]|3-2A", "target": "[\"0\",\"1\",\"3\",\"7\"]|4-z29A" },
  { "source": "[\"0\",\"2\",\"3\"]|3-2B", "target": "[\"0\",\"2\",\"3\",\"4\"]|4-2B" },
  { "source": "[\"0\",\"2\",\"3\"]|3-2B", "target": "[\"0\",\"2\",\"3\",\"5\"]|4-10" },
  { "source": "[\"0\",\"2\",\"3\"]|3-2B", "target": "[\"0\",\"2\",\"3\",\"6\"]|4-12A" },
  { "source": "[\"0\",\"2\",\"3\"]|3-2B", "target": "[\"0\",\"2\",\"3\",\"7\"]|4-14A" },
  { "source": "[\"0\",\"1\",\"4\"]|3-3A", "target": "[\"0\",\"1\",\"4\",\"5\"]|4-7" },
  { "source": "[\"0\",\"1\",\"4\"]|3-3A", "target": "[\"0\",\"1\",\"4\",\"6\"]|4-z15A" },
  { "source": "[\"0\",\"1\",\"4\"]|3-3A", "target": "[\"0\",\"1\",\"4\",\"7\"]|4-18A" },
  { "source": "[\"0\",\"1\",\"4\"]|3-3A", "target": "[\"0\",\"1\",\"4\",\"8\"]|4-19A" },
  { "source": "[\"0\",\"3\",\"4\"]|3-3B", "target": "[\"0\",\"3\",\"4\",\"5\"]|4-4B" },
  { "source": "[\"0\",\"3\",\"4\"]|3-3B", "target": "[\"0\",\"3\",\"4\",\"6\"]|4-12B" },
  { "source": "[\"0\",\"3\",\"4\"]|3-3B", "target": "[\"0\",\"3\",\"4\",\"7\"]|4-17" },
  { "source": "[\"0\",\"3\",\"4\"]|3-3B", "target": "[\"0\",\"3\",\"4\",\"8\"]|4-19B" },
  { "source": "[\"0\",\"1\",\"5\"]|3-4A", "target": "[\"0\",\"1\",\"5\",\"6\"]|4-8" },
  { "source": "[\"0\",\"1\",\"5\"]|3-4A", "target": "[\"0\",\"1\",\"5\",\"7\"]|4-16A" },
  { "source": "[\"0\",\"1\",\"5\"]|3-4A", "target": "[\"0\",\"1\",\"5\",\"8\"]|4-20" },
  { "source": "[\"0\",\"4\",\"5\"]|3-4B", "target": "[\"0\",\"4\",\"5\",\"6\"]|4-5B" },
  { "source": "[\"0\",\"4\",\"5\"]|3-4B", "target": "[\"0\",\"4\",\"5\",\"7\"]|4-14B" },
  { "source": "[\"0\",\"1\",\"6\"]|3-5A", "target": "[\"0\",\"1\",\"6\",\"7\"]|4-9" },
  { "source": "[\"0\",\"2\",\"4\"]|3-6", "target": "[\"0\",\"2\",\"4\",\"5\"]|4-11B" },
  { "source": "[\"0\",\"2\",\"4\"]|3-6", "target": "[\"0\",\"2\",\"4\",\"6\"]|4-21" },
  { "source": "[\"0\",\"2\",\"4\"]|3-6", "target": "[\"0\",\"2\",\"4\",\"7\"]|4-22A" },
  { "source": "[\"0\",\"2\",\"4\"]|3-6", "target": "[\"0\",\"2\",\"4\",\"8\"]|4-24" },
  { "source": "[\"0\",\"2\",\"5\"]|3-7A", "target": "[\"0\",\"2\",\"5\",\"6\"]|4-z15B" },
  { "source": "[\"0\",\"2\",\"5\"]|3-7A", "target": "[\"0\",\"2\",\"5\",\"7\"]|4-23" },
  { "source": "[\"0\",\"2\",\"5\"]|3-7A", "target": "[\"0\",\"2\",\"5\",\"8\"]|4-27A" },
  { "source": "[\"0\",\"3\",\"5\"]|3-7B", "target": "[\"0\",\"3\",\"5\",\"6\"]|4-13B" },
  { "source": "[\"0\",\"3\",\"5\"]|3-7B", "target": "[\"0\",\"3\",\"5\",\"7\"]|4-22B" },
  { "source": "[\"0\",\"3\",\"5\"]|3-7B", "target": "[\"0\",\"3\",\"5\",\"8\"]|4-26" },
  { "source": "[\"0\",\"2\",\"6\"]|3-8A", "target": "[\"0\",\"2\",\"6\",\"7\"]|4-16B" },
  { "source": "[\"0\",\"2\",\"6\"]|3-8A", "target": "[\"0\",\"2\",\"6\",\"8\"]|4-25" },
  { "source": "[\"0\",\"4\",\"6\"]|3-8B", "target": "[\"0\",\"4\",\"6\",\"7\"]|4-z29B" },
  { "source": "[\"0\",\"3\",\"6\"]|3-10", "target": "[\"0\",\"3\",\"6\",\"7\"]|4-18B" },
  { "source": "[\"0\",\"3\",\"6\"]|3-10", "target": "[\"0\",\"3\",\"6\",\"8\"]|4-27B" },
  { "source": "[\"0\",\"3\",\"6\"]|3-10", "target": "[\"0\",\"3\",\"6\",\"9\"]|4-28" },
  { "source": "[\"0\",\"1\",\"2\",\"3\"]|4-1", "target": "[\"0\",\"1\",\"2\",\"3\",\"4\"]|5-1" },
  { "source": "[\"0\",\"1\",\"2\",\"3\"]|4-1", "target": "[\"0\",\"1\",\"2\",\"3\",\"5\"]|5-2A" },
  { "source": "[\"0\",\"1\",\"2\",\"3\"]|4-1", "target": "[\"0\",\"1\",\"2\",\"3\",\"6\"]|5-4A" },
  { "source": "[\"0\",\"1\",\"2\",\"3\"]|4-1", "target": "[\"0\",\"1\",\"2\",\"3\",\"7\"]|5-5A" },
  { "source": "[\"0\",\"1\",\"2\",\"4\"]|4-2A", "target": "[\"0\",\"1\",\"2\",\"4\",\"5\"]|5-3A" },
  { "source": "[\"0\",\"1\",\"2\",\"4\"]|4-2A", "target": "[\"0\",\"1\",\"2\",\"4\",\"6\"]|5-9A" },
  { "source": "[\"0\",\"1\",\"2\",\"4\"]|4-2A", "target": "[\"0\",\"1\",\"2\",\"4\",\"8\"]|5-13A" },
  {
    "source": "[\"0\",\"1\",\"2\",\"4\"]|4-2A",
    "target": "[\"0\",\"1\",\"2\",\"4\",\"7\"]|5-z36A"
  },
  { "source": "[\"0\",\"2\",\"3\",\"4\"]|4-2B", "target": "[\"0\",\"2\",\"3\",\"4\",\"5\"]|5-2B" },
  { "source": "[\"0\",\"2\",\"3\",\"4\"]|4-2B", "target": "[\"0\",\"2\",\"3\",\"4\",\"6\"]|5-8" },
  { "source": "[\"0\",\"2\",\"3\",\"4\"]|4-2B", "target": "[\"0\",\"2\",\"3\",\"4\",\"7\"]|5-11A" },
  { "source": "[\"0\",\"2\",\"3\",\"4\"]|4-2B", "target": "[\"0\",\"2\",\"3\",\"4\",\"8\"]|5-13B" },
  { "source": "[\"0\",\"1\",\"3\",\"4\"]|4-3", "target": "[\"0\",\"1\",\"3\",\"4\",\"5\"]|5-3B" },
  { "source": "[\"0\",\"1\",\"3\",\"4\"]|4-3", "target": "[\"0\",\"1\",\"3\",\"4\",\"6\"]|5-10A" },
  { "source": "[\"0\",\"1\",\"3\",\"4\"]|4-3", "target": "[\"0\",\"1\",\"3\",\"4\",\"7\"]|5-16A" },
  { "source": "[\"0\",\"1\",\"3\",\"4\"]|4-3", "target": "[\"0\",\"1\",\"3\",\"4\",\"8\"]|5-z17" },
  { "source": "[\"0\",\"1\",\"2\",\"5\"]|4-4A", "target": "[\"0\",\"1\",\"2\",\"5\",\"6\"]|5-6A" },
  { "source": "[\"0\",\"1\",\"2\",\"5\"]|4-4A", "target": "[\"0\",\"1\",\"2\",\"5\",\"7\"]|5-14A" },
  {
    "source": "[\"0\",\"1\",\"2\",\"5\"]|4-4A",
    "target": "[\"0\",\"1\",\"2\",\"5\",\"8\"]|5-z38A"
  },
  { "source": "[\"0\",\"3\",\"4\",\"5\"]|4-4B", "target": "[\"0\",\"3\",\"4\",\"5\",\"6\"]|5-4B" },
  { "source": "[\"0\",\"3\",\"4\",\"5\"]|4-4B", "target": "[\"0\",\"3\",\"4\",\"5\",\"7\"]|5-11B" },
  { "source": "[\"0\",\"3\",\"4\",\"5\"]|4-4B", "target": "[\"0\",\"3\",\"4\",\"5\",\"8\"]|5-z37" },
  { "source": "[\"0\",\"1\",\"2\",\"6\"]|4-5A", "target": "[\"0\",\"1\",\"2\",\"6\",\"7\"]|5-7A" },
  { "source": "[\"0\",\"1\",\"2\",\"6\"]|4-5A", "target": "[\"0\",\"1\",\"2\",\"6\",\"8\"]|5-15" },
  { "source": "[\"0\",\"4\",\"5\",\"6\"]|4-5B", "target": "[\"0\",\"4\",\"5\",\"6\",\"7\"]|5-5B" },
  { "source": "[\"0\",\"1\",\"4\",\"5\"]|4-7", "target": "[\"0\",\"1\",\"4\",\"5\",\"6\"]|5-6B" },
  { "source": "[\"0\",\"1\",\"4\",\"5\"]|4-7", "target": "[\"0\",\"1\",\"4\",\"5\",\"7\"]|5-z18A" },
  { "source": "[\"0\",\"1\",\"4\",\"5\"]|4-7", "target": "[\"0\",\"1\",\"4\",\"5\",\"8\"]|5-21A" },
  { "source": "[\"0\",\"1\",\"5\",\"6\"]|4-8", "target": "[\"0\",\"1\",\"5\",\"6\",\"7\"]|5-7B" },
  { "source": "[\"0\",\"1\",\"5\",\"6\"]|4-8", "target": "[\"0\",\"1\",\"5\",\"6\",\"8\"]|5-20A" },
  { "source": "[\"0\",\"2\",\"3\",\"5\"]|4-10", "target": "[\"0\",\"2\",\"3\",\"5\",\"6\"]|5-10B" },
  { "source": "[\"0\",\"2\",\"3\",\"5\"]|4-10", "target": "[\"0\",\"2\",\"3\",\"5\",\"7\"]|5-23A" },
  { "source": "[\"0\",\"2\",\"3\",\"5\"]|4-10", "target": "[\"0\",\"2\",\"3\",\"5\",\"8\"]|5-25A" },
  {
    "source": "[\"0\",\"1\",\"3\",\"5\"]|4-11A",
    "target": "[\"0\",\"1\",\"3\",\"5\",\"6\"]|5-z12"
  },
  {
    "source": "[\"0\",\"1\",\"3\",\"5\"]|4-11A",
    "target": "[\"0\",\"1\",\"3\",\"5\",\"7\"]|5-24A"
  },
  {
    "source": "[\"0\",\"1\",\"3\",\"5\"]|4-11A",
    "target": "[\"0\",\"1\",\"3\",\"5\",\"8\"]|5-27A"
  },
  { "source": "[\"0\",\"2\",\"4\",\"5\"]|4-11B", "target": "[\"0\",\"2\",\"4\",\"5\",\"6\"]|5-9B" },
  {
    "source": "[\"0\",\"2\",\"4\",\"5\"]|4-11B",
    "target": "[\"0\",\"2\",\"4\",\"5\",\"7\"]|5-23B"
  },
  {
    "source": "[\"0\",\"2\",\"4\",\"5\"]|4-11B",
    "target": "[\"0\",\"2\",\"4\",\"5\",\"8\"]|5-26A"
  },
  {
    "source": "[\"0\",\"2\",\"3\",\"6\"]|4-12A",
    "target": "[\"0\",\"2\",\"3\",\"6\",\"7\"]|5-z18B"
  },
  {
    "source": "[\"0\",\"2\",\"3\",\"6\"]|4-12A",
    "target": "[\"0\",\"2\",\"3\",\"6\",\"8\"]|5-28A"
  },
  {
    "source": "[\"0\",\"2\",\"3\",\"6\"]|4-12A",
    "target": "[\"0\",\"2\",\"3\",\"6\",\"9\"]|5-31B"
  },
  {
    "source": "[\"0\",\"3\",\"4\",\"6\"]|4-12B",
    "target": "[\"0\",\"3\",\"4\",\"6\",\"7\"]|5-16B"
  },
  {
    "source": "[\"0\",\"3\",\"4\",\"6\"]|4-12B",
    "target": "[\"0\",\"3\",\"4\",\"6\",\"8\"]|5-26B"
  },
  {
    "source": "[\"0\",\"1\",\"3\",\"6\"]|4-13A",
    "target": "[\"0\",\"1\",\"3\",\"6\",\"7\"]|5-19A"
  },
  {
    "source": "[\"0\",\"1\",\"3\",\"6\"]|4-13A",
    "target": "[\"0\",\"1\",\"3\",\"6\",\"8\"]|5-29A"
  },
  {
    "source": "[\"0\",\"1\",\"3\",\"6\"]|4-13A",
    "target": "[\"0\",\"1\",\"3\",\"6\",\"9\"]|5-31A"
  },
  {
    "source": "[\"0\",\"3\",\"5\",\"6\"]|4-13B",
    "target": "[\"0\",\"3\",\"5\",\"6\",\"8\"]|5-25B"
  },
  {
    "source": "[\"0\",\"3\",\"5\",\"6\"]|4-13B",
    "target": "[\"0\",\"3\",\"5\",\"6\",\"7\"]|5-z36B"
  },
  {
    "source": "[\"0\",\"2\",\"3\",\"7\"]|4-14A",
    "target": "[\"0\",\"2\",\"3\",\"7\",\"8\"]|5-20B"
  },
  {
    "source": "[\"0\",\"1\",\"4\",\"6\"]|4-z15A",
    "target": "[\"0\",\"1\",\"4\",\"6\",\"7\"]|5-19B"
  },
  {
    "source": "[\"0\",\"1\",\"4\",\"6\"]|4-z15A",
    "target": "[\"0\",\"1\",\"4\",\"6\",\"8\"]|5-30A"
  },
  {
    "source": "[\"0\",\"1\",\"4\",\"6\"]|4-z15A",
    "target": "[\"0\",\"1\",\"4\",\"6\",\"9\"]|5-32A"
  },
  {
    "source": "[\"0\",\"2\",\"5\",\"6\"]|4-z15B",
    "target": "[\"0\",\"2\",\"5\",\"6\",\"7\"]|5-14B"
  },
  {
    "source": "[\"0\",\"2\",\"5\",\"6\"]|4-z15B",
    "target": "[\"0\",\"2\",\"5\",\"6\",\"8\"]|5-28B"
  },
  {
    "source": "[\"0\",\"2\",\"5\",\"6\"]|4-z15B",
    "target": "[\"0\",\"2\",\"5\",\"6\",\"9\"]|5-32B"
  },
  { "source": "[\"0\",\"3\",\"4\",\"7\"]|4-17", "target": "[\"0\",\"3\",\"4\",\"7\",\"8\"]|5-21B" },
  { "source": "[\"0\",\"1\",\"4\",\"7\"]|4-18A", "target": "[\"0\",\"1\",\"4\",\"7\",\"8\"]|5-22" },
  {
    "source": "[\"0\",\"3\",\"6\",\"7\"]|4-18B",
    "target": "[\"0\",\"3\",\"6\",\"7\",\"8\"]|5-z38B"
  },
  { "source": "[\"0\",\"2\",\"4\",\"6\"]|4-21", "target": "[\"0\",\"2\",\"4\",\"6\",\"7\"]|5-24B" },
  { "source": "[\"0\",\"2\",\"4\",\"6\"]|4-21", "target": "[\"0\",\"2\",\"4\",\"6\",\"8\"]|5-33" },
  { "source": "[\"0\",\"2\",\"4\",\"6\"]|4-21", "target": "[\"0\",\"2\",\"4\",\"6\",\"9\"]|5-34" },
  {
    "source": "[\"0\",\"2\",\"4\",\"7\"]|4-22A",
    "target": "[\"0\",\"2\",\"4\",\"7\",\"8\"]|5-30B"
  },
  { "source": "[\"0\",\"2\",\"4\",\"7\"]|4-22A", "target": "[\"0\",\"2\",\"4\",\"7\",\"9\"]|5-35" },
  {
    "source": "[\"0\",\"3\",\"5\",\"7\"]|4-22B",
    "target": "[\"0\",\"3\",\"5\",\"7\",\"8\"]|5-27B"
  },
  { "source": "[\"0\",\"2\",\"5\",\"7\"]|4-23", "target": "[\"0\",\"2\",\"5\",\"7\",\"8\"]|5-29B" },
  {
    "source": "[\"0\",\"1\",\"2\",\"3\",\"4\"]|5-1",
    "target": "[\"0\",\"1\",\"2\",\"3\",\"4\",\"5\"]|6-1"
  },
  {
    "source": "[\"0\",\"1\",\"2\",\"3\",\"4\"]|5-1",
    "target": "[\"0\",\"1\",\"2\",\"3\",\"4\",\"6\"]|6-2A"
  },
  {
    "source": "[\"0\",\"1\",\"2\",\"3\",\"4\"]|5-1",
    "target": "[\"0\",\"1\",\"2\",\"3\",\"4\",\"7\"]|6-z36A"
  },
  {
    "source": "[\"0\",\"1\",\"2\",\"3\",\"4\"]|5-1",
    "target": "[\"0\",\"1\",\"2\",\"3\",\"4\",\"8\"]|6-z37"
  },
  {
    "source": "[\"0\",\"1\",\"2\",\"3\",\"5\"]|5-2A",
    "target": "[\"0\",\"1\",\"2\",\"3\",\"5\",\"6\"]|6-z3A"
  },
  {
    "source": "[\"0\",\"1\",\"2\",\"3\",\"5\"]|5-2A",
    "target": "[\"0\",\"1\",\"2\",\"3\",\"5\",\"7\"]|6-9A"
  },
  {
    "source": "[\"0\",\"1\",\"2\",\"3\",\"5\"]|5-2A",
    "target": "[\"0\",\"1\",\"2\",\"3\",\"5\",\"8\"]|6-z40A"
  },
  {
    "source": "[\"0\",\"2\",\"3\",\"4\",\"5\"]|5-2B",
    "target": "[\"0\",\"2\",\"3\",\"4\",\"5\",\"6\"]|6-2B"
  },
  {
    "source": "[\"0\",\"2\",\"3\",\"4\",\"5\"]|5-2B",
    "target": "[\"0\",\"2\",\"3\",\"4\",\"5\",\"7\"]|6-8"
  },
  {
    "source": "[\"0\",\"2\",\"3\",\"4\",\"5\"]|5-2B",
    "target": "[\"0\",\"2\",\"3\",\"4\",\"5\",\"8\"]|6-z39A"
  },
  {
    "source": "[\"0\",\"1\",\"2\",\"4\",\"5\"]|5-3A",
    "target": "[\"0\",\"1\",\"2\",\"4\",\"5\",\"6\"]|6-z4"
  },
  {
    "source": "[\"0\",\"1\",\"2\",\"4\",\"5\"]|5-3A",
    "target": "[\"0\",\"1\",\"2\",\"4\",\"5\",\"7\"]|6-z11A"
  },
  {
    "source": "[\"0\",\"1\",\"2\",\"4\",\"5\"]|5-3A",
    "target": "[\"0\",\"1\",\"2\",\"4\",\"5\",\"8\"]|6-15A"
  },
  {
    "source": "[\"0\",\"1\",\"3\",\"4\",\"5\"]|5-3B",
    "target": "[\"0\",\"1\",\"3\",\"4\",\"5\",\"6\"]|6-z3B"
  },
  {
    "source": "[\"0\",\"1\",\"3\",\"4\",\"5\"]|5-3B",
    "target": "[\"0\",\"1\",\"3\",\"4\",\"5\",\"7\"]|6-z10A"
  },
  {
    "source": "[\"0\",\"1\",\"3\",\"4\",\"5\"]|5-3B",
    "target": "[\"0\",\"1\",\"3\",\"4\",\"5\",\"8\"]|6-14A"
  },
  {
    "source": "[\"0\",\"1\",\"2\",\"3\",\"6\"]|5-4A",
    "target": "[\"0\",\"1\",\"2\",\"3\",\"6\",\"7\"]|6-5A"
  },
  {
    "source": "[\"0\",\"1\",\"2\",\"3\",\"6\"]|5-4A",
    "target": "[\"0\",\"1\",\"2\",\"3\",\"6\",\"8\"]|6-z41A"
  },
  {
    "source": "[\"0\",\"1\",\"2\",\"3\",\"6\"]|5-4A",
    "target": "[\"0\",\"1\",\"2\",\"3\",\"6\",\"9\"]|6-z42"
  },
  {
    "source": "[\"0\",\"3\",\"4\",\"5\",\"6\"]|5-4B",
    "target": "[\"0\",\"3\",\"4\",\"5\",\"6\",\"7\"]|6-z36B"
  },
  {
    "source": "[\"0\",\"3\",\"4\",\"5\",\"6\"]|5-4B",
    "target": "[\"0\",\"3\",\"4\",\"5\",\"6\",\"8\"]|6-z39B"
  },
  {
    "source": "[\"0\",\"1\",\"2\",\"3\",\"7\"]|5-5A",
    "target": "[\"0\",\"1\",\"2\",\"3\",\"7\",\"8\"]|6-z38"
  },
  {
    "source": "[\"0\",\"1\",\"2\",\"5\",\"6\"]|5-6A",
    "target": "[\"0\",\"1\",\"2\",\"5\",\"6\",\"7\"]|6-z6"
  },
  {
    "source": "[\"0\",\"1\",\"2\",\"5\",\"6\"]|5-6A",
    "target": "[\"0\",\"1\",\"2\",\"5\",\"6\",\"8\"]|6-z43A"
  },
  {
    "source": "[\"0\",\"1\",\"2\",\"5\",\"6\"]|5-6A",
    "target": "[\"0\",\"1\",\"2\",\"5\",\"6\",\"9\"]|6-z44A"
  },
  {
    "source": "[\"0\",\"1\",\"4\",\"5\",\"6\"]|5-6B",
    "target": "[\"0\",\"1\",\"4\",\"5\",\"6\",\"7\"]|6-5B"
  },
  {
    "source": "[\"0\",\"1\",\"4\",\"5\",\"6\"]|5-6B",
    "target": "[\"0\",\"1\",\"4\",\"5\",\"6\",\"8\"]|6-16A"
  },
  {
    "source": "[\"0\",\"1\",\"4\",\"5\",\"6\"]|5-6B",
    "target": "[\"0\",\"1\",\"4\",\"5\",\"6\",\"9\"]|6-z44B"
  },
  {
    "source": "[\"0\",\"1\",\"2\",\"6\",\"7\"]|5-7A",
    "target": "[\"0\",\"1\",\"2\",\"6\",\"7\",\"8\"]|6-7"
  },
  {
    "source": "[\"0\",\"2\",\"3\",\"4\",\"6\"]|5-8",
    "target": "[\"0\",\"2\",\"3\",\"4\",\"6\",\"7\"]|6-z10B"
  },
  {
    "source": "[\"0\",\"2\",\"3\",\"4\",\"6\"]|5-8",
    "target": "[\"0\",\"2\",\"3\",\"4\",\"6\",\"8\"]|6-21A"
  },
  {
    "source": "[\"0\",\"2\",\"3\",\"4\",\"6\"]|5-8",
    "target": "[\"0\",\"2\",\"3\",\"4\",\"6\",\"9\"]|6-z45"
  },
  {
    "source": "[\"0\",\"1\",\"2\",\"4\",\"6\"]|5-9A",
    "target": "[\"0\",\"1\",\"2\",\"4\",\"6\",\"7\"]|6-z12A"
  },
  {
    "source": "[\"0\",\"1\",\"2\",\"4\",\"6\"]|5-9A",
    "target": "[\"0\",\"1\",\"2\",\"4\",\"6\",\"8\"]|6-22A"
  },
  {
    "source": "[\"0\",\"1\",\"2\",\"4\",\"6\"]|5-9A",
    "target": "[\"0\",\"1\",\"2\",\"4\",\"6\",\"9\"]|6-z46A"
  },
  {
    "source": "[\"0\",\"2\",\"4\",\"5\",\"6\"]|5-9B",
    "target": "[\"0\",\"2\",\"4\",\"5\",\"6\",\"7\"]|6-9B"
  },
  {
    "source": "[\"0\",\"2\",\"4\",\"5\",\"6\"]|5-9B",
    "target": "[\"0\",\"2\",\"4\",\"5\",\"6\",\"8\"]|6-21B"
  },
  {
    "source": "[\"0\",\"2\",\"4\",\"5\",\"6\"]|5-9B",
    "target": "[\"0\",\"2\",\"4\",\"5\",\"6\",\"9\"]|6-z46B"
  },
  {
    "source": "[\"0\",\"1\",\"3\",\"4\",\"6\"]|5-10A",
    "target": "[\"0\",\"1\",\"3\",\"4\",\"6\",\"7\"]|6-z13"
  },
  {
    "source": "[\"0\",\"1\",\"3\",\"4\",\"6\"]|5-10A",
    "target": "[\"0\",\"1\",\"3\",\"4\",\"6\",\"8\"]|6-z24A"
  },
  {
    "source": "[\"0\",\"1\",\"3\",\"4\",\"6\"]|5-10A",
    "target": "[\"0\",\"1\",\"3\",\"4\",\"6\",\"9\"]|6-27A"
  },
  {
    "source": "[\"0\",\"2\",\"3\",\"5\",\"6\"]|5-10B",
    "target": "[\"0\",\"2\",\"3\",\"5\",\"6\",\"7\"]|6-z11B"
  },
  {
    "source": "[\"0\",\"2\",\"3\",\"5\",\"6\"]|5-10B",
    "target": "[\"0\",\"2\",\"3\",\"5\",\"6\",\"8\"]|6-z23"
  },
  {
    "source": "[\"0\",\"2\",\"3\",\"5\",\"6\"]|5-10B",
    "target": "[\"0\",\"2\",\"3\",\"5\",\"6\",\"9\"]|6-27B"
  },
  {
    "source": "[\"0\",\"2\",\"3\",\"4\",\"7\"]|5-11A",
    "target": "[\"0\",\"2\",\"3\",\"4\",\"7\",\"8\"]|6-16B"
  },
  {
    "source": "[\"0\",\"2\",\"3\",\"4\",\"7\"]|5-11A",
    "target": "[\"0\",\"2\",\"3\",\"4\",\"7\",\"9\"]|6-z47B"
  },
  {
    "source": "[\"0\",\"3\",\"4\",\"5\",\"7\"]|5-11B",
    "target": "[\"0\",\"3\",\"4\",\"5\",\"7\",\"8\"]|6-14B"
  },
  {
    "source": "[\"0\",\"1\",\"3\",\"5\",\"6\"]|5-z12",
    "target": "[\"0\",\"1\",\"3\",\"5\",\"6\",\"7\"]|6-z12B"
  },
  {
    "source": "[\"0\",\"1\",\"3\",\"5\",\"6\"]|5-z12",
    "target": "[\"0\",\"1\",\"3\",\"5\",\"6\",\"8\"]|6-z25A"
  },
  {
    "source": "[\"0\",\"1\",\"3\",\"5\",\"6\"]|5-z12",
    "target": "[\"0\",\"1\",\"3\",\"5\",\"6\",\"9\"]|6-z28"
  },
  {
    "source": "[\"0\",\"1\",\"2\",\"5\",\"7\"]|5-14A",
    "target": "[\"0\",\"1\",\"2\",\"5\",\"7\",\"8\"]|6-18A"
  },
  {
    "source": "[\"0\",\"1\",\"2\",\"5\",\"7\"]|5-14A",
    "target": "[\"0\",\"1\",\"2\",\"5\",\"7\",\"9\"]|6-z48"
  },
  {
    "source": "[\"0\",\"2\",\"5\",\"6\",\"7\"]|5-14B",
    "target": "[\"0\",\"2\",\"5\",\"6\",\"7\",\"8\"]|6-z41B"
  },
  {
    "source": "[\"0\",\"1\",\"3\",\"4\",\"7\"]|5-16A",
    "target": "[\"0\",\"1\",\"3\",\"4\",\"7\",\"8\"]|6-z19A"
  },
  {
    "source": "[\"0\",\"1\",\"3\",\"4\",\"7\"]|5-16A",
    "target": "[\"0\",\"1\",\"3\",\"4\",\"7\",\"9\"]|6-z49"
  },
  {
    "source": "[\"0\",\"3\",\"4\",\"6\",\"7\"]|5-16B",
    "target": "[\"0\",\"3\",\"4\",\"6\",\"7\",\"8\"]|6-15B"
  },
  {
    "source": "[\"0\",\"1\",\"4\",\"5\",\"7\"]|5-z18A",
    "target": "[\"0\",\"1\",\"4\",\"5\",\"7\",\"8\"]|6-z19B"
  },
  {
    "source": "[\"0\",\"1\",\"4\",\"5\",\"7\"]|5-z18A",
    "target": "[\"0\",\"1\",\"4\",\"5\",\"7\",\"9\"]|6-31A"
  },
  {
    "source": "[\"0\",\"2\",\"3\",\"6\",\"7\"]|5-z18B",
    "target": "[\"0\",\"2\",\"3\",\"6\",\"7\",\"9\"]|6-z29"
  },
  {
    "source": "[\"0\",\"2\",\"3\",\"6\",\"7\"]|5-z18B",
    "target": "[\"0\",\"2\",\"3\",\"6\",\"7\",\"8\"]|6-z43B"
  },
  {
    "source": "[\"0\",\"1\",\"3\",\"6\",\"7\"]|5-19A",
    "target": "[\"0\",\"1\",\"3\",\"6\",\"7\",\"8\"]|6-18B"
  },
  {
    "source": "[\"0\",\"1\",\"3\",\"6\",\"7\"]|5-19A",
    "target": "[\"0\",\"1\",\"3\",\"6\",\"7\",\"9\"]|6-30A"
  },
  {
    "source": "[\"0\",\"1\",\"4\",\"6\",\"7\"]|5-19B",
    "target": "[\"0\",\"1\",\"4\",\"6\",\"7\",\"8\"]|6-z17B"
  },
  {
    "source": "[\"0\",\"1\",\"4\",\"6\",\"7\"]|5-19B",
    "target": "[\"0\",\"1\",\"4\",\"6\",\"7\",\"9\"]|6-z50"
  },
  {
    "source": "[\"0\",\"1\",\"4\",\"5\",\"8\"]|5-21A",
    "target": "[\"0\",\"1\",\"4\",\"5\",\"8\",\"9\"]|6-20"
  },
  {
    "source": "[\"0\",\"2\",\"3\",\"5\",\"7\"]|5-23A",
    "target": "[\"0\",\"2\",\"3\",\"5\",\"7\",\"8\"]|6-z25B"
  },
  {
    "source": "[\"0\",\"2\",\"3\",\"5\",\"7\"]|5-23A",
    "target": "[\"0\",\"2\",\"3\",\"5\",\"7\",\"9\"]|6-33A"
  },
  {
    "source": "[\"0\",\"2\",\"4\",\"5\",\"7\"]|5-23B",
    "target": "[\"0\",\"2\",\"4\",\"5\",\"7\",\"8\"]|6-z24B"
  },
  {
    "source": "[\"0\",\"2\",\"4\",\"5\",\"7\"]|5-23B",
    "target": "[\"0\",\"2\",\"4\",\"5\",\"7\",\"9\"]|6-32"
  },
  {
    "source": "[\"0\",\"1\",\"3\",\"5\",\"7\"]|5-24A",
    "target": "[\"0\",\"1\",\"3\",\"5\",\"7\",\"8\"]|6-z26"
  },
  {
    "source": "[\"0\",\"1\",\"3\",\"5\",\"7\"]|5-24A",
    "target": "[\"0\",\"1\",\"3\",\"5\",\"7\",\"9\"]|6-34A"
  },
  {
    "source": "[\"0\",\"2\",\"4\",\"6\",\"7\"]|5-24B",
    "target": "[\"0\",\"2\",\"4\",\"6\",\"7\",\"8\"]|6-22B"
  },
  {
    "source": "[\"0\",\"2\",\"4\",\"6\",\"7\"]|5-24B",
    "target": "[\"0\",\"2\",\"4\",\"6\",\"7\",\"9\"]|6-33B"
  },
  {
    "source": "[\"0\",\"2\",\"4\",\"5\",\"8\"]|5-26A",
    "target": "[\"0\",\"2\",\"4\",\"5\",\"8\",\"9\"]|6-31B"
  },
  {
    "source": "[\"0\",\"2\",\"3\",\"6\",\"8\"]|5-28A",
    "target": "[\"0\",\"2\",\"3\",\"6\",\"8\",\"9\"]|6-30B"
  },
  {
    "source": "[\"0\",\"2\",\"4\",\"6\",\"8\"]|5-33",
    "target": "[\"0\",\"2\",\"4\",\"6\",\"8\",\"9\"]|6-34B"
  },
  {
    "source": "[\"0\",\"2\",\"4\",\"6\",\"8\"]|5-33",
    "target": "[\"0\",\"2\",\"4\",\"6\",\"8\",\"T\"]|6-35"
  },
  {
    "source": "[\"0\",\"1\",\"2\",\"4\",\"7\"]|5-z36A",
    "target": "[\"0\",\"1\",\"2\",\"4\",\"7\",\"8\"]|6-z17A"
  },
  {
    "source": "[\"0\",\"1\",\"2\",\"4\",\"7\"]|5-z36A",
    "target": "[\"0\",\"1\",\"2\",\"4\",\"7\",\"9\"]|6-z47A"
  },
  {
    "source": "[\"0\",\"3\",\"5\",\"6\",\"7\"]|5-z36B",
    "target": "[\"0\",\"3\",\"5\",\"6\",\"7\",\"8\"]|6-z40B"
  },
  {
    "source": "[\"0\",\"1\",\"2\",\"3\",\"4\",\"5\"]|6-1",
    "target": "[\"0\",\"1\",\"2\",\"3\",\"4\",\"5\",\"6\"]|7-1"
  },
  {
    "source": "[\"0\",\"1\",\"2\",\"3\",\"4\",\"5\"]|6-1",
    "target": "[\"0\",\"1\",\"2\",\"3\",\"4\",\"5\",\"7\"]|7-2A"
  },
  {
    "source": "[\"0\",\"1\",\"2\",\"3\",\"4\",\"5\"]|6-1",
    "target": "[\"0\",\"1\",\"2\",\"3\",\"4\",\"5\",\"8\"]|7-3A"
  },
  {
    "source": "[\"0\",\"1\",\"2\",\"3\",\"4\",\"6\"]|6-2A",
    "target": "[\"0\",\"1\",\"2\",\"3\",\"4\",\"6\",\"7\"]|7-4A"
  },
  {
    "source": "[\"0\",\"1\",\"2\",\"3\",\"4\",\"6\"]|6-2A",
    "target": "[\"0\",\"1\",\"2\",\"3\",\"4\",\"6\",\"8\"]|7-9A"
  },
  {
    "source": "[\"0\",\"1\",\"2\",\"3\",\"4\",\"6\"]|6-2A",
    "target": "[\"0\",\"1\",\"2\",\"3\",\"4\",\"6\",\"9\"]|7-10A"
  },
  {
    "source": "[\"0\",\"2\",\"3\",\"4\",\"5\",\"6\"]|6-2B",
    "target": "[\"0\",\"2\",\"3\",\"4\",\"5\",\"6\",\"7\"]|7-2B"
  },
  {
    "source": "[\"0\",\"2\",\"3\",\"4\",\"5\",\"6\"]|6-2B",
    "target": "[\"0\",\"2\",\"3\",\"4\",\"5\",\"6\",\"8\"]|7-8"
  },
  {
    "source": "[\"0\",\"2\",\"3\",\"4\",\"5\",\"6\"]|6-2B",
    "target": "[\"0\",\"2\",\"3\",\"4\",\"5\",\"6\",\"9\"]|7-10B"
  },
  {
    "source": "[\"0\",\"1\",\"2\",\"3\",\"5\",\"6\"]|6-z3A",
    "target": "[\"0\",\"1\",\"2\",\"3\",\"5\",\"6\",\"7\"]|7-5A"
  },
  {
    "source": "[\"0\",\"1\",\"2\",\"3\",\"5\",\"6\"]|6-z3A",
    "target": "[\"0\",\"1\",\"2\",\"3\",\"5\",\"6\",\"9\"]|7-16A"
  },
  {
    "source": "[\"0\",\"1\",\"2\",\"3\",\"5\",\"6\"]|6-z3A",
    "target": "[\"0\",\"1\",\"2\",\"3\",\"5\",\"6\",\"8\"]|7-z36A"
  },
  {
    "source": "[\"0\",\"1\",\"3\",\"4\",\"5\",\"6\"]|6-z3B",
    "target": "[\"0\",\"1\",\"3\",\"4\",\"5\",\"6\",\"7\"]|7-4B"
  },
  {
    "source": "[\"0\",\"1\",\"3\",\"4\",\"5\",\"6\"]|6-z3B",
    "target": "[\"0\",\"1\",\"3\",\"4\",\"5\",\"6\",\"8\"]|7-11A"
  },
  {
    "source": "[\"0\",\"1\",\"3\",\"4\",\"5\",\"6\"]|6-z3B",
    "target": "[\"0\",\"1\",\"3\",\"4\",\"5\",\"6\",\"9\"]|7-16B"
  },
  {
    "source": "[\"0\",\"1\",\"2\",\"4\",\"5\",\"6\"]|6-z4",
    "target": "[\"0\",\"1\",\"2\",\"4\",\"5\",\"6\",\"7\"]|7-5B"
  },
  {
    "source": "[\"0\",\"1\",\"2\",\"4\",\"5\",\"6\"]|6-z4",
    "target": "[\"0\",\"1\",\"2\",\"4\",\"5\",\"6\",\"8\"]|7-13A"
  },
  {
    "source": "[\"0\",\"1\",\"2\",\"4\",\"5\",\"6\"]|6-z4",
    "target": "[\"0\",\"1\",\"2\",\"4\",\"5\",\"6\",\"9\"]|7-z17"
  },
  {
    "source": "[\"0\",\"1\",\"2\",\"3\",\"6\",\"7\"]|6-5A",
    "target": "[\"0\",\"1\",\"2\",\"3\",\"6\",\"7\",\"8\"]|7-7A"
  },
  {
    "source": "[\"0\",\"1\",\"2\",\"3\",\"6\",\"7\"]|6-5A",
    "target": "[\"0\",\"1\",\"2\",\"3\",\"6\",\"7\",\"9\"]|7-19A"
  },
  {
    "source": "[\"0\",\"1\",\"4\",\"5\",\"6\",\"7\"]|6-5B",
    "target": "[\"0\",\"1\",\"4\",\"5\",\"6\",\"7\",\"8\"]|7-6B"
  },
  {
    "source": "[\"0\",\"1\",\"4\",\"5\",\"6\",\"7\"]|6-5B",
    "target": "[\"0\",\"1\",\"4\",\"5\",\"6\",\"7\",\"9\"]|7-z18A"
  },
  {
    "source": "[\"0\",\"1\",\"2\",\"5\",\"6\",\"7\"]|6-z6",
    "target": "[\"0\",\"1\",\"2\",\"5\",\"6\",\"7\",\"8\"]|7-7B"
  },
  {
    "source": "[\"0\",\"1\",\"2\",\"5\",\"6\",\"7\"]|6-z6",
    "target": "[\"0\",\"1\",\"2\",\"5\",\"6\",\"7\",\"9\"]|7-20A"
  },
  {
    "source": "[\"0\",\"2\",\"3\",\"4\",\"5\",\"7\"]|6-8",
    "target": "[\"0\",\"2\",\"3\",\"4\",\"5\",\"7\",\"8\"]|7-11B"
  },
  {
    "source": "[\"0\",\"2\",\"3\",\"4\",\"5\",\"7\"]|6-8",
    "target": "[\"0\",\"2\",\"3\",\"4\",\"5\",\"7\",\"9\"]|7-23A"
  },
  {
    "source": "[\"0\",\"1\",\"2\",\"3\",\"5\",\"7\"]|6-9A",
    "target": "[\"0\",\"1\",\"2\",\"3\",\"5\",\"7\",\"8\"]|7-14A"
  },
  {
    "source": "[\"0\",\"1\",\"2\",\"3\",\"5\",\"7\"]|6-9A",
    "target": "[\"0\",\"1\",\"2\",\"3\",\"5\",\"7\",\"9\"]|7-24A"
  },
  {
    "source": "[\"0\",\"2\",\"4\",\"5\",\"6\",\"7\"]|6-9B",
    "target": "[\"0\",\"2\",\"4\",\"5\",\"6\",\"7\",\"8\"]|7-9B"
  },
  {
    "source": "[\"0\",\"2\",\"4\",\"5\",\"6\",\"7\"]|6-9B",
    "target": "[\"0\",\"2\",\"4\",\"5\",\"6\",\"7\",\"9\"]|7-23B"
  },
  {
    "source": "[\"0\",\"1\",\"3\",\"4\",\"5\",\"7\"]|6-z10A",
    "target": "[\"0\",\"1\",\"3\",\"4\",\"5\",\"7\",\"9\"]|7-26A"
  },
  {
    "source": "[\"0\",\"1\",\"3\",\"4\",\"5\",\"7\"]|6-z10A",
    "target": "[\"0\",\"1\",\"3\",\"4\",\"5\",\"7\",\"8\"]|7-z37"
  },
  {
    "source": "[\"0\",\"2\",\"3\",\"4\",\"6\",\"7\"]|6-z10B",
    "target": "[\"0\",\"2\",\"3\",\"4\",\"6\",\"7\",\"8\"]|7-13B"
  },
  {
    "source": "[\"0\",\"2\",\"3\",\"4\",\"6\",\"7\"]|6-z10B",
    "target": "[\"0\",\"2\",\"3\",\"4\",\"6\",\"7\",\"9\"]|7-25A"
  },
  {
    "source": "[\"0\",\"1\",\"2\",\"4\",\"5\",\"7\"]|6-z11A",
    "target": "[\"0\",\"1\",\"2\",\"4\",\"5\",\"7\",\"9\"]|7-27A"
  },
  {
    "source": "[\"0\",\"1\",\"2\",\"4\",\"5\",\"7\"]|6-z11A",
    "target": "[\"0\",\"1\",\"2\",\"4\",\"5\",\"7\",\"8\"]|7-z38A"
  },
  {
    "source": "[\"0\",\"2\",\"3\",\"5\",\"6\",\"7\"]|6-z11B",
    "target": "[\"0\",\"2\",\"3\",\"5\",\"6\",\"7\",\"9\"]|7-25B"
  },
  {
    "source": "[\"0\",\"2\",\"3\",\"5\",\"6\",\"7\"]|6-z11B",
    "target": "[\"0\",\"2\",\"3\",\"5\",\"6\",\"7\",\"8\"]|7-z36B"
  },
  {
    "source": "[\"0\",\"1\",\"2\",\"4\",\"6\",\"7\"]|6-z12A",
    "target": "[\"0\",\"1\",\"2\",\"4\",\"6\",\"7\",\"8\"]|7-15"
  },
  {
    "source": "[\"0\",\"1\",\"2\",\"4\",\"6\",\"7\"]|6-z12A",
    "target": "[\"0\",\"1\",\"2\",\"4\",\"6\",\"7\",\"9\"]|7-29A"
  },
  {
    "source": "[\"0\",\"1\",\"3\",\"5\",\"6\",\"7\"]|6-z12B",
    "target": "[\"0\",\"1\",\"3\",\"5\",\"6\",\"7\",\"8\"]|7-14B"
  },
  {
    "source": "[\"0\",\"1\",\"3\",\"5\",\"6\",\"7\"]|6-z12B",
    "target": "[\"0\",\"1\",\"3\",\"5\",\"6\",\"7\",\"9\"]|7-28A"
  },
  {
    "source": "[\"0\",\"1\",\"3\",\"4\",\"6\",\"7\"]|6-z13",
    "target": "[\"0\",\"1\",\"3\",\"4\",\"6\",\"7\",\"9\"]|7-31A"
  },
  {
    "source": "[\"0\",\"1\",\"3\",\"4\",\"6\",\"7\"]|6-z13",
    "target": "[\"0\",\"1\",\"3\",\"4\",\"6\",\"7\",\"8\"]|7-z38B"
  },
  {
    "source": "[\"0\",\"1\",\"3\",\"4\",\"5\",\"8\"]|6-14A",
    "target": "[\"0\",\"1\",\"3\",\"4\",\"5\",\"8\",\"9\"]|7-21B"
  },
  {
    "source": "[\"0\",\"1\",\"2\",\"4\",\"5\",\"8\"]|6-15A",
    "target": "[\"0\",\"1\",\"2\",\"4\",\"5\",\"8\",\"9\"]|7-21A"
  },
  {
    "source": "[\"0\",\"2\",\"3\",\"4\",\"7\",\"8\"]|6-16B",
    "target": "[\"0\",\"2\",\"3\",\"4\",\"7\",\"8\",\"9\"]|7-20B"
  },
  {
    "source": "[\"0\",\"2\",\"3\",\"4\",\"6\",\"8\"]|6-21A",
    "target": "[\"0\",\"2\",\"3\",\"4\",\"6\",\"8\",\"9\"]|7-28B"
  },
  {
    "source": "[\"0\",\"2\",\"4\",\"5\",\"6\",\"8\"]|6-21B",
    "target": "[\"0\",\"2\",\"4\",\"5\",\"6\",\"8\",\"9\"]|7-26B"
  },
  {
    "source": "[\"0\",\"1\",\"2\",\"4\",\"6\",\"8\"]|6-22A",
    "target": "[\"0\",\"1\",\"2\",\"4\",\"6\",\"8\",\"9\"]|7-30A"
  },
  {
    "source": "[\"0\",\"1\",\"2\",\"4\",\"6\",\"8\"]|6-22A",
    "target": "[\"0\",\"1\",\"2\",\"4\",\"6\",\"8\",\"T\"]|7-33"
  },
  {
    "source": "[\"0\",\"2\",\"4\",\"6\",\"7\",\"8\"]|6-22B",
    "target": "[\"0\",\"2\",\"4\",\"6\",\"7\",\"8\",\"9\"]|7-24B"
  },
  {
    "source": "[\"0\",\"2\",\"3\",\"5\",\"6\",\"8\"]|6-z23",
    "target": "[\"0\",\"2\",\"3\",\"5\",\"6\",\"8\",\"9\"]|7-31B"
  },
  {
    "source": "[\"0\",\"1\",\"3\",\"4\",\"6\",\"8\"]|6-z24A",
    "target": "[\"0\",\"1\",\"3\",\"4\",\"6\",\"8\",\"9\"]|7-32A"
  },
  {
    "source": "[\"0\",\"1\",\"3\",\"4\",\"6\",\"8\"]|6-z24A",
    "target": "[\"0\",\"1\",\"3\",\"4\",\"6\",\"8\",\"T\"]|7-34"
  },
  {
    "source": "[\"0\",\"2\",\"4\",\"5\",\"7\",\"8\"]|6-z24B",
    "target": "[\"0\",\"2\",\"4\",\"5\",\"7\",\"8\",\"9\"]|7-27B"
  },
  {
    "source": "[\"0\",\"1\",\"3\",\"5\",\"6\",\"8\"]|6-z25A",
    "target": "[\"0\",\"1\",\"3\",\"5\",\"6\",\"8\",\"9\"]|7-32B"
  },
  {
    "source": "[\"0\",\"1\",\"3\",\"5\",\"6\",\"8\"]|6-z25A",
    "target": "[\"0\",\"1\",\"3\",\"5\",\"6\",\"8\",\"T\"]|7-35"
  },
  {
    "source": "[\"0\",\"2\",\"3\",\"5\",\"7\",\"8\"]|6-z25B",
    "target": "[\"0\",\"2\",\"3\",\"5\",\"7\",\"8\",\"9\"]|7-29B"
  },
  {
    "source": "[\"0\",\"1\",\"3\",\"5\",\"7\",\"8\"]|6-z26",
    "target": "[\"0\",\"1\",\"3\",\"5\",\"7\",\"8\",\"9\"]|7-30B"
  },
  {
    "source": "[\"0\",\"1\",\"2\",\"3\",\"4\",\"7\"]|6-z36A",
    "target": "[\"0\",\"1\",\"2\",\"3\",\"4\",\"7\",\"8\"]|7-6A"
  },
  {
    "source": "[\"0\",\"1\",\"2\",\"3\",\"4\",\"7\"]|6-z36A",
    "target": "[\"0\",\"1\",\"2\",\"3\",\"4\",\"7\",\"9\"]|7-z12"
  },
  {
    "source": "[\"0\",\"3\",\"4\",\"5\",\"6\",\"7\"]|6-z36B",
    "target": "[\"0\",\"3\",\"4\",\"5\",\"6\",\"7\",\"8\"]|7-3B"
  },
  {
    "source": "[\"0\",\"2\",\"3\",\"4\",\"5\",\"8\"]|6-z39A",
    "target": "[\"0\",\"2\",\"3\",\"4\",\"5\",\"8\",\"9\"]|7-z18B"
  },
  {
    "source": "[\"0\",\"1\",\"2\",\"3\",\"6\",\"8\"]|6-z41A",
    "target": "[\"0\",\"1\",\"2\",\"3\",\"6\",\"8\",\"9\"]|7-19B"
  },
  {
    "source": "[\"0\",\"1\",\"2\",\"5\",\"6\",\"8\"]|6-z43A",
    "target": "[\"0\",\"1\",\"2\",\"5\",\"6\",\"8\",\"9\"]|7-22"
  },
  {
    "source": "[\"0\",\"1\",\"2\",\"3\",\"4\",\"5\",\"6\"]|7-1",
    "target": "[\"0\",\"1\",\"2\",\"3\",\"4\",\"5\",\"6\",\"7\"]|8-1"
  },
  {
    "source": "[\"0\",\"1\",\"2\",\"3\",\"4\",\"5\",\"6\"]|7-1",
    "target": "[\"0\",\"1\",\"2\",\"3\",\"4\",\"5\",\"6\",\"8\"]|8-2A"
  },
  {
    "source": "[\"0\",\"1\",\"2\",\"3\",\"4\",\"5\",\"6\"]|7-1",
    "target": "[\"0\",\"1\",\"2\",\"3\",\"4\",\"5\",\"6\",\"9\"]|8-3"
  },
  {
    "source": "[\"0\",\"1\",\"2\",\"3\",\"4\",\"5\",\"7\"]|7-2A",
    "target": "[\"0\",\"1\",\"2\",\"3\",\"4\",\"5\",\"7\",\"8\"]|8-4A"
  },
  {
    "source": "[\"0\",\"1\",\"2\",\"3\",\"4\",\"5\",\"7\"]|7-2A",
    "target": "[\"0\",\"1\",\"2\",\"3\",\"4\",\"5\",\"7\",\"9\"]|8-11A"
  },
  {
    "source": "[\"0\",\"2\",\"3\",\"4\",\"5\",\"6\",\"7\"]|7-2B",
    "target": "[\"0\",\"2\",\"3\",\"4\",\"5\",\"6\",\"7\",\"8\"]|8-2B"
  },
  {
    "source": "[\"0\",\"2\",\"3\",\"4\",\"5\",\"6\",\"7\"]|7-2B",
    "target": "[\"0\",\"2\",\"3\",\"4\",\"5\",\"6\",\"7\",\"9\"]|8-10"
  },
  {
    "source": "[\"0\",\"1\",\"2\",\"3\",\"4\",\"5\",\"8\"]|7-3A",
    "target": "[\"0\",\"1\",\"2\",\"3\",\"4\",\"5\",\"8\",\"9\"]|8-7"
  },
  {
    "source": "[\"0\",\"1\",\"2\",\"3\",\"4\",\"6\",\"7\"]|7-4A",
    "target": "[\"0\",\"1\",\"2\",\"3\",\"4\",\"6\",\"7\",\"8\"]|8-5A"
  },
  {
    "source": "[\"0\",\"1\",\"2\",\"3\",\"4\",\"6\",\"7\"]|7-4A",
    "target": "[\"0\",\"1\",\"2\",\"3\",\"4\",\"6\",\"7\",\"9\"]|8-13A"
  },
  {
    "source": "[\"0\",\"1\",\"3\",\"4\",\"5\",\"6\",\"7\"]|7-4B",
    "target": "[\"0\",\"1\",\"3\",\"4\",\"5\",\"6\",\"7\",\"8\"]|8-4B"
  },
  {
    "source": "[\"0\",\"1\",\"3\",\"4\",\"5\",\"6\",\"7\"]|7-4B",
    "target": "[\"0\",\"1\",\"3\",\"4\",\"5\",\"6\",\"7\",\"9\"]|8-12A"
  },
  {
    "source": "[\"0\",\"1\",\"2\",\"3\",\"5\",\"6\",\"7\"]|7-5A",
    "target": "[\"0\",\"1\",\"2\",\"3\",\"5\",\"6\",\"7\",\"8\"]|8-6"
  },
  {
    "source": "[\"0\",\"1\",\"2\",\"3\",\"5\",\"6\",\"7\"]|7-5A",
    "target": "[\"0\",\"1\",\"2\",\"3\",\"5\",\"6\",\"7\",\"9\"]|8-z29A"
  },
  {
    "source": "[\"0\",\"1\",\"2\",\"4\",\"5\",\"6\",\"7\"]|7-5B",
    "target": "[\"0\",\"1\",\"2\",\"4\",\"5\",\"6\",\"7\",\"8\"]|8-5B"
  },
  {
    "source": "[\"0\",\"1\",\"2\",\"4\",\"5\",\"6\",\"7\"]|7-5B",
    "target": "[\"0\",\"1\",\"2\",\"4\",\"5\",\"6\",\"7\",\"9\"]|8-14A"
  },
  {
    "source": "[\"0\",\"1\",\"2\",\"3\",\"4\",\"7\",\"8\"]|7-6A",
    "target": "[\"0\",\"1\",\"2\",\"3\",\"4\",\"7\",\"8\",\"9\"]|8-8"
  },
  {
    "source": "[\"0\",\"1\",\"2\",\"3\",\"6\",\"7\",\"8\"]|7-7A",
    "target": "[\"0\",\"1\",\"2\",\"3\",\"6\",\"7\",\"8\",\"9\"]|8-9"
  },
  {
    "source": "[\"0\",\"2\",\"3\",\"4\",\"5\",\"6\",\"8\"]|7-8",
    "target": "[\"0\",\"2\",\"3\",\"4\",\"5\",\"6\",\"8\",\"9\"]|8-12B"
  },
  {
    "source": "[\"0\",\"1\",\"2\",\"3\",\"4\",\"6\",\"8\"]|7-9A",
    "target": "[\"0\",\"1\",\"2\",\"3\",\"4\",\"6\",\"8\",\"9\"]|8-z15A"
  },
  {
    "source": "[\"0\",\"1\",\"2\",\"3\",\"4\",\"6\",\"8\"]|7-9A",
    "target": "[\"0\",\"1\",\"2\",\"3\",\"4\",\"6\",\"8\",\"T\"]|8-21"
  },
  {
    "source": "[\"0\",\"2\",\"4\",\"5\",\"6\",\"7\",\"8\"]|7-9B",
    "target": "[\"0\",\"2\",\"4\",\"5\",\"6\",\"7\",\"8\",\"9\"]|8-11B"
  },
  {
    "source": "[\"0\",\"1\",\"3\",\"4\",\"5\",\"6\",\"8\"]|7-11A",
    "target": "[\"0\",\"1\",\"3\",\"4\",\"5\",\"6\",\"8\",\"9\"]|8-17"
  },
  {
    "source": "[\"0\",\"1\",\"3\",\"4\",\"5\",\"6\",\"8\"]|7-11A",
    "target": "[\"0\",\"1\",\"3\",\"4\",\"5\",\"6\",\"8\",\"T\"]|8-22B"
  },
  {
    "source": "[\"0\",\"2\",\"3\",\"4\",\"5\",\"7\",\"8\"]|7-11B",
    "target": "[\"0\",\"2\",\"3\",\"4\",\"5\",\"7\",\"8\",\"9\"]|8-14B"
  },
  {
    "source": "[\"0\",\"1\",\"2\",\"4\",\"5\",\"6\",\"8\"]|7-13A",
    "target": "[\"0\",\"1\",\"2\",\"4\",\"5\",\"6\",\"8\",\"9\"]|8-19A"
  },
  {
    "source": "[\"0\",\"1\",\"2\",\"4\",\"5\",\"6\",\"8\"]|7-13A",
    "target": "[\"0\",\"1\",\"2\",\"4\",\"5\",\"6\",\"8\",\"T\"]|8-24"
  },
  {
    "source": "[\"0\",\"2\",\"3\",\"4\",\"6\",\"7\",\"8\"]|7-13B",
    "target": "[\"0\",\"2\",\"3\",\"4\",\"6\",\"7\",\"8\",\"9\"]|8-z29B"
  },
  {
    "source": "[\"0\",\"1\",\"2\",\"3\",\"5\",\"7\",\"8\"]|7-14A",
    "target": "[\"0\",\"1\",\"2\",\"3\",\"5\",\"7\",\"8\",\"9\"]|8-16A"
  },
  {
    "source": "[\"0\",\"1\",\"2\",\"3\",\"5\",\"7\",\"8\"]|7-14A",
    "target": "[\"0\",\"1\",\"2\",\"3\",\"5\",\"7\",\"8\",\"T\"]|8-23"
  },
  {
    "source": "[\"0\",\"1\",\"3\",\"5\",\"6\",\"7\",\"8\"]|7-14B",
    "target": "[\"0\",\"1\",\"3\",\"5\",\"6\",\"7\",\"8\",\"9\"]|8-z15B"
  },
  {
    "source": "[\"0\",\"1\",\"2\",\"4\",\"6\",\"7\",\"8\"]|7-15",
    "target": "[\"0\",\"1\",\"2\",\"4\",\"6\",\"7\",\"8\",\"9\"]|8-16B"
  },
  {
    "source": "[\"0\",\"1\",\"2\",\"4\",\"6\",\"7\",\"8\"]|7-15",
    "target": "[\"0\",\"1\",\"2\",\"4\",\"6\",\"7\",\"8\",\"T\"]|8-25"
  },
  {
    "source": "[\"0\",\"1\",\"3\",\"4\",\"6\",\"7\",\"9\"]|7-31A",
    "target": "[\"0\",\"1\",\"3\",\"4\",\"6\",\"7\",\"9\",\"T\"]|8-28"
  },
  {
    "source": "[\"0\",\"1\",\"2\",\"3\",\"5\",\"6\",\"8\"]|7-z36A",
    "target": "[\"0\",\"1\",\"2\",\"3\",\"5\",\"6\",\"8\",\"9\"]|8-18A"
  },
  {
    "source": "[\"0\",\"1\",\"2\",\"3\",\"5\",\"6\",\"8\"]|7-z36A",
    "target": "[\"0\",\"1\",\"2\",\"3\",\"5\",\"6\",\"8\",\"T\"]|8-22A"
  },
  {
    "source": "[\"0\",\"2\",\"3\",\"5\",\"6\",\"7\",\"8\"]|7-z36B",
    "target": "[\"0\",\"2\",\"3\",\"5\",\"6\",\"7\",\"8\",\"9\"]|8-13B"
  },
  {
    "source": "[\"0\",\"1\",\"3\",\"4\",\"5\",\"7\",\"8\"]|7-z37",
    "target": "[\"0\",\"1\",\"3\",\"4\",\"5\",\"7\",\"8\",\"9\"]|8-19B"
  },
  {
    "source": "[\"0\",\"1\",\"3\",\"4\",\"5\",\"7\",\"8\"]|7-z37",
    "target": "[\"0\",\"1\",\"3\",\"4\",\"5\",\"7\",\"8\",\"T\"]|8-26"
  },
  {
    "source": "[\"0\",\"1\",\"2\",\"4\",\"5\",\"7\",\"8\"]|7-z38A",
    "target": "[\"0\",\"1\",\"2\",\"4\",\"5\",\"7\",\"8\",\"9\"]|8-20"
  },
  {
    "source": "[\"0\",\"1\",\"2\",\"4\",\"5\",\"7\",\"8\"]|7-z38A",
    "target": "[\"0\",\"1\",\"2\",\"4\",\"5\",\"7\",\"8\",\"T\"]|8-27A"
  },
  {
    "source": "[\"0\",\"1\",\"3\",\"4\",\"6\",\"7\",\"8\"]|7-z38B",
    "target": "[\"0\",\"1\",\"3\",\"4\",\"6\",\"7\",\"8\",\"9\"]|8-18B"
  },
  {
    "source": "[\"0\",\"1\",\"3\",\"4\",\"6\",\"7\",\"8\"]|7-z38B",
    "target": "[\"0\",\"1\",\"3\",\"4\",\"6\",\"7\",\"8\",\"T\"]|8-27B"
  },
  {
    "source": "[\"0\",\"1\",\"2\",\"3\",\"4\",\"5\",\"6\",\"7\"]|8-1",
    "target": "[\"0\",\"1\",\"2\",\"3\",\"4\",\"5\",\"6\",\"7\",\"8\"]|9-1"
  },
  {
    "source": "[\"0\",\"1\",\"2\",\"3\",\"4\",\"5\",\"6\",\"7\"]|8-1",
    "target": "[\"0\",\"1\",\"2\",\"3\",\"4\",\"5\",\"6\",\"7\",\"9\"]|9-2A"
  },
  {
    "source": "[\"0\",\"1\",\"2\",\"3\",\"4\",\"5\",\"6\",\"8\"]|8-2A",
    "target": "[\"0\",\"1\",\"2\",\"3\",\"4\",\"5\",\"6\",\"8\",\"9\"]|9-3A"
  },
  {
    "source": "[\"0\",\"1\",\"2\",\"3\",\"4\",\"5\",\"6\",\"8\"]|8-2A",
    "target": "[\"0\",\"1\",\"2\",\"3\",\"4\",\"5\",\"6\",\"8\",\"T\"]|9-6"
  },
  {
    "source": "[\"0\",\"2\",\"3\",\"4\",\"5\",\"6\",\"7\",\"8\"]|8-2B",
    "target": "[\"0\",\"2\",\"3\",\"4\",\"5\",\"6\",\"7\",\"8\",\"9\"]|9-2B"
  },
  {
    "source": "[\"0\",\"1\",\"2\",\"3\",\"4\",\"5\",\"7\",\"8\"]|8-4A",
    "target": "[\"0\",\"1\",\"2\",\"3\",\"4\",\"5\",\"7\",\"8\",\"9\"]|9-4A"
  },
  {
    "source": "[\"0\",\"1\",\"2\",\"3\",\"4\",\"5\",\"7\",\"8\"]|8-4A",
    "target": "[\"0\",\"1\",\"2\",\"3\",\"4\",\"5\",\"7\",\"8\",\"T\"]|9-7A"
  },
  {
    "source": "[\"0\",\"1\",\"3\",\"4\",\"5\",\"6\",\"7\",\"8\"]|8-4B",
    "target": "[\"0\",\"1\",\"3\",\"4\",\"5\",\"6\",\"7\",\"8\",\"9\"]|9-3B"
  },
  {
    "source": "[\"0\",\"1\",\"3\",\"4\",\"5\",\"6\",\"7\",\"8\"]|8-4B",
    "target": "[\"0\",\"1\",\"3\",\"4\",\"5\",\"6\",\"7\",\"8\",\"T\"]|9-7B"
  },
  {
    "source": "[\"0\",\"1\",\"2\",\"3\",\"4\",\"6\",\"7\",\"8\"]|8-5A",
    "target": "[\"0\",\"1\",\"2\",\"3\",\"4\",\"6\",\"7\",\"8\",\"9\"]|9-5A"
  },
  {
    "source": "[\"0\",\"1\",\"2\",\"3\",\"4\",\"6\",\"7\",\"8\"]|8-5A",
    "target": "[\"0\",\"1\",\"2\",\"3\",\"4\",\"6\",\"7\",\"8\",\"T\"]|9-8A"
  },
  {
    "source": "[\"0\",\"1\",\"2\",\"4\",\"5\",\"6\",\"7\",\"8\"]|8-5B",
    "target": "[\"0\",\"1\",\"2\",\"4\",\"5\",\"6\",\"7\",\"8\",\"9\"]|9-4B"
  },
  {
    "source": "[\"0\",\"1\",\"2\",\"4\",\"5\",\"6\",\"7\",\"8\"]|8-5B",
    "target": "[\"0\",\"1\",\"2\",\"4\",\"5\",\"6\",\"7\",\"8\",\"T\"]|9-8B"
  },
  {
    "source": "[\"0\",\"1\",\"2\",\"3\",\"5\",\"6\",\"7\",\"8\"]|8-6",
    "target": "[\"0\",\"1\",\"2\",\"3\",\"5\",\"6\",\"7\",\"8\",\"9\"]|9-5B"
  },
  {
    "source": "[\"0\",\"1\",\"2\",\"3\",\"5\",\"6\",\"7\",\"8\"]|8-6",
    "target": "[\"0\",\"1\",\"2\",\"3\",\"5\",\"6\",\"7\",\"8\",\"T\"]|9-9"
  },
  {
    "source": "[\"0\",\"1\",\"2\",\"3\",\"4\",\"6\",\"7\",\"9\"]|8-13A",
    "target": "[\"0\",\"1\",\"2\",\"3\",\"4\",\"6\",\"7\",\"9\",\"T\"]|9-10"
  },
  {
    "source": "[\"0\",\"1\",\"2\",\"4\",\"5\",\"6\",\"7\",\"9\"]|8-14A",
    "target": "[\"0\",\"1\",\"2\",\"4\",\"5\",\"6\",\"7\",\"9\",\"T\"]|9-11B"
  },
  {
    "source": "[\"0\",\"1\",\"2\",\"4\",\"5\",\"6\",\"8\",\"9\"]|8-19A",
    "target": "[\"0\",\"1\",\"2\",\"4\",\"5\",\"6\",\"8\",\"9\",\"T\"]|9-12"
  },
  {
    "source": "[\"0\",\"1\",\"2\",\"3\",\"5\",\"6\",\"7\",\"9\"]|8-z29A",
    "target": "[\"0\",\"1\",\"2\",\"3\",\"5\",\"6\",\"7\",\"9\",\"T\"]|9-11A"
  },
  {
    "source": "[\"0\",\"1\",\"2\",\"3\",\"4\",\"5\",\"6\",\"7\",\"8\"]|9-1",
    "target": "[\"0\",\"1\",\"2\",\"3\",\"4\",\"5\",\"6\",\"7\",\"8\",\"9\"]|10-1"
  },
  {
    "source": "[\"0\",\"1\",\"2\",\"3\",\"4\",\"5\",\"6\",\"7\",\"8\"]|9-1",
    "target": "[\"0\",\"1\",\"2\",\"3\",\"4\",\"5\",\"6\",\"7\",\"8\",\"T\"]|10-2"
  },
  {
    "source": "[\"0\",\"1\",\"2\",\"3\",\"4\",\"5\",\"6\",\"7\",\"9\"]|9-2A",
    "target": "[\"0\",\"1\",\"2\",\"3\",\"4\",\"5\",\"6\",\"7\",\"9\",\"T\"]|10-3"
  },
  {
    "source": "[\"0\",\"1\",\"2\",\"3\",\"4\",\"5\",\"6\",\"8\",\"9\"]|9-3A",
    "target": "[\"0\",\"1\",\"2\",\"3\",\"4\",\"5\",\"6\",\"8\",\"9\",\"T\"]|10-4"
  },
  {
    "source": "[\"0\",\"1\",\"2\",\"3\",\"4\",\"5\",\"7\",\"8\",\"9\"]|9-4A",
    "target": "[\"0\",\"1\",\"2\",\"3\",\"4\",\"5\",\"7\",\"8\",\"9\",\"T\"]|10-5"
  },
  {
    "source": "[\"0\",\"1\",\"2\",\"3\",\"4\",\"6\",\"7\",\"8\",\"9\"]|9-5A",
    "target": "[\"0\",\"1\",\"2\",\"3\",\"4\",\"6\",\"7\",\"8\",\"9\",\"T\"]|10-6"
  },
  {
    "source": "[\"0\",\"1\",\"2\",\"3\",\"4\",\"5\",\"6\",\"7\",\"8\",\"9\"]|10-1",
    "target": "[\"0\",\"1\",\"2\",\"3\",\"4\",\"5\",\"6\",\"7\",\"8\",\"9\",\"T\"]|11-1"
  },
  {
    "source": "[\"0\",\"1\",\"2\",\"3\",\"4\",\"5\",\"6\",\"7\",\"8\",\"9\",\"T\"]|11-1",
    "target": "[\"0\",\"1\",\"2\",\"3\",\"4\",\"5\",\"6\",\"7\",\"8\",\"9\",\"T\",\"E\"]|12-1"
  }
]
